ID_Producto,Nombre,Categoria,Precio_MXN,Stock
1,Ultra Camiseta 5513,Juguetes,4544.62,399
2,Lite Reloj 2802,Deportes,9890.52,433
3,Max Zapatos 5516,Hogar,14829.34,456
4,Ultra Silla 4416,Ropa,7671.32,189
5,Smart Silla 1465,Ferretería,415.24,48
6,Mega Zapatos 8171,Deportes,13901.35,171
7,Smart Cámara 7499,Belleza,1343.28,75
8,Pro Reloj 910,Deportes,10515.14,132
9,Mega Monitor 5597,Hogar,2146.29,159
10,Super Zapatos 2875,Hogar,8159.02,174
11,Smart Mesa 8064,Hogar,5122.93,227
12,Max Cámara 1029,Alimentos,2074.16,331
13,Pro Camiseta 6824,Libros,5302.18,369
14,Lite Mochila 431,Hogar,10860.75,231
15,Super Mesa 8342,Alimentos,1445.59,466
16,Super Reloj 8539,Hogar,7410.51,309
17,Super Monitor 1934,Alimentos,13159.36,340
18,Eco TV 5925,Libros,4566.95,127
19,Super Camiseta 8629,Deportes,6011.18,116
20,Lite Mochila 1256,Electrónica,12913.81,200
21,Super Laptop 1136,Belleza,4999.47,469
22,Eco Camiseta 7369,Ferretería,7779.14,418
23,Super Zapatos 2063,Ropa,8753.53,303
24,Eco Reloj 5756,Electrónica,5474.1,77
25,Super Mesa 3732,Alimentos,2897.09,167
26,Eco Laptop 913,Electrónica,7460.7,339
27,Super Camiseta 3059,Belleza,1141.45,401
28,Ultra Monitor 1582,Alimentos,8789.21,328
29,Super Mesa 8854,Hogar,10274.69,368
30,Max Monitor 2612,Alimentos,4720.98,252
31,Lite Camiseta 4777,Deportes,8087.03,347
32,Smart Monitor 1483,Juguetes,3483.38,484
33,Pro Silla 5710,Juguetes,9769.82,313
34,Smart Reloj 9504,Hogar,7016.19,399
35,Mega Reloj 8618,Libros,1921.38,346
36,Eco Reloj 4442,Ferretería,13293.73,137
37,Lite Mochila 3133,Electrónica,3759.91,264
38,Pro Cámara 1729,Ropa,7821.53,153
39,Mega Camiseta 8947,Libros,14747.19,442
40,Pro Mesa 9237,Juguetes,12589.42,287
41,Max Reloj 7601,Ropa,5103.07,307
42,Lite TV 7677,Hogar,7633.57,116
43,Ultra Monitor 2664,Hogar,10920.96,33
44,Mega TV 1060,Electrónica,1776.36,24
45,Ultra Mochila 9323,Deportes,6541.08,496
46,Lite Monitor 2722,Deportes,9222.79,123
47,Lite Silla 5960,Ropa,3150.69,203
48,Ultra Mesa 4070,Deportes,11321.5,449
49,Mega Silla 3563,Hogar,12987.74,43
50,Pro Camiseta 4470,Belleza,5645.9,167
51,Eco Laptop 9278,Hogar,7921.74,41
52,Smart Laptop 5884,Ropa,4105.64,439
53,Pro Monitor 9002,Alimentos,7082.91,452
54,Smart Camiseta 7851,Libros,4475.09,362
55,Mega Laptop 7363,Ferretería,9936.49,406
56,Pro Zapatos 194,Hogar,14322.12,210
57,Max Monitor 5078,Electrónica,3331.76,133
58,Pro Mesa 248,Electrónica,13716.57,346
59,Mega Zapatos 8563,Belleza,9483.73,228
60,Ultra Mesa 208,Juguetes,10780.66,418
61,Mega Monitor 3718,Ferretería,2612.04,340
62,Smart Camiseta 2318,Libros,3428.12,422
63,Mega Cámara 7540,Deportes,5159.91,275
64,Lite Cámara 5855,Juguetes,598.3,234
65,Super Silla 6832,Juguetes,4335.78,441
66,Super Mochila 3785,Juguetes,13868.76,297
67,Lite Laptop 2612,Juguetes,8716.75,344
68,Lite Zapatos 9964,Belleza,2098.83,45
69,Ultra Reloj 809,Ferretería,2106.92,472
70,Pro Mesa 4615,Alimentos,7249.43,197
71,Eco Camiseta 8183,Juguetes,3535.75,285
72,Eco Reloj 3642,Belleza,7965.22,44
73,Ultra Mochila 7626,Ropa,11041.95,138
74,Super Laptop 9495,Juguetes,11444.57,484
75,Mega Mochila 6293,Ropa,6300.06,47
76,Mega Reloj 5449,Electrónica,6595.34,457
77,Lite TV 2647,Electrónica,7545.26,140
78,Smart Laptop 5983,Ferretería,1520.45,279
79,Smart Silla 5359,Ropa,1028.13,361
80,Mega Silla 7568,Alimentos,11908.31,7
81,Mega Zapatos 6679,Hogar,7966.15,413
82,Lite Cámara 1302,Ferretería,8645.08,156
83,Max TV 3738,Deportes,478.51,48
84,Mega TV 4843,Electrónica,1365.97,125
85,Super Laptop 6477,Belleza,4652.09,54
86,Super Camiseta 2560,Ferretería,7545.62,52
87,Pro Camiseta 9776,Juguetes,6172.34,59
88,Super Monitor 9580,Deportes,8085.83,115
89,Eco Reloj 6276,Belleza,8270.01,158
90,Ultra Camiseta 3300,Juguetes,1772.39,59
91,Lite Camiseta 2073,Electrónica,12436.3,168
92,Lite Mesa 9822,Deportes,12035.21,342
93,Eco TV 1577,Juguetes,5563.57,128
94,Ultra TV 1487,Libros,10437.22,135
95,Mega Camiseta 5430,Hogar,5751.1,376
96,Super Silla 6524,Alimentos,13552.21,498
97,Max Mochila 7752,Ropa,2032.22,185
98,Mega Silla 3492,Alimentos,12691.66,239
99,Pro Cámara 1619,Alimentos,627.93,106
100,Lite Reloj 9318,Hogar,2166.52,427
101,Mega Silla 2079,Juguetes,5012.18,237
102,Pro Monitor 5351,Ropa,14444.4,146
103,Ultra Mesa 4864,Electrónica,438.32,356
104,Max Silla 5801,Alimentos,4049.71,494
105,Smart Camiseta 1899,Libros,11980.9,227
106,Eco Camiseta 9042,Deportes,10479.98,77
107,Pro Silla 8830,Ferretería,12033.51,469
108,Lite Laptop 8265,Electrónica,12998.36,205
109,Ultra Monitor 762,Hogar,2888.51,200
110,Mega Monitor 289,Libros,7163.61,314
111,Eco Mesa 7609,Ferretería,4707.38,350
112,Pro Cámara 7545,Belleza,9474.38,436
113,Pro Laptop 9446,Libros,12975.17,186
114,Max Laptop 5451,Juguetes,11202.49,486
115,Mega TV 7187,Belleza,13124.58,265
116,Pro Monitor 9657,Electrónica,11650.96,50
117,Super Camiseta 5348,Ropa,9368.46,383
118,Lite TV 5210,Alimentos,13556.74,128
119,Super Monitor 3265,Hogar,2924.5,0
120,Smart Cámara 3174,Belleza,13345.32,294
121,Super Cámara 5432,Deportes,14582.5,217
122,Smart Laptop 2330,Libros,8970.42,315
123,Eco Monitor 6077,Deportes,9189.94,431
124,Ultra Monitor 8748,Ferretería,7534.01,302
125,Mega Silla 2279,Alimentos,2064.39,16
126,Ultra Reloj 1317,Electrónica,13365.57,92
127,Smart Mochila 9653,Deportes,14215.3,32
128,Mega Zapatos 4699,Deportes,659.23,132
129,Lite Cámara 1130,Alimentos,1075.41,18
130,Max Reloj 7525,Alimentos,9080.74,497
131,Lite Monitor 368,Juguetes,8224.36,261
132,Max Reloj 5490,Belleza,6243.96,404
133,Pro Silla 6829,Alimentos,1469.04,102
134,Max Reloj 6724,Hogar,10270.39,180
135,Super Mochila 7625,Electrónica,7495.23,149
136,Eco Camiseta 3038,Ferretería,14245.44,154
137,Max TV 1028,Ferretería,4265.59,485
138,Super Mesa 1084,Belleza,10168.11,496
139,Lite Mesa 4766,Hogar,5781.97,490
140,Ultra Monitor 3534,Juguetes,6040.69,86
141,Pro Cámara 3011,Libros,7609.86,344
142,Mega Mochila 6989,Hogar,1953.37,34
143,Pro Mesa 4012,Hogar,283.02,484
144,Eco Reloj 8612,Ropa,8710.96,492
145,Ultra Mochila 2777,Electrónica,10596.77,324
146,Eco Silla 1715,Belleza,12543.67,395
147,Lite Cámara 2233,Deportes,10037.68,153
148,Super Monitor 4127,Electrónica,8854.24,484
149,Super Silla 8850,Hogar,2465.72,401
150,Eco Zapatos 7310,Alimentos,3441.24,65
151,Pro TV 3985,Electrónica,14266.59,379
152,Eco Camiseta 3309,Ferretería,11018.85,43
153,Super Mochila 9697,Electrónica,7478.22,138
154,Max Camiseta 5724,Alimentos,8211.31,479
155,Max Reloj 1866,Deportes,13680.58,416
156,Max Laptop 9262,Deportes,6994.6,298
157,Lite Mesa 3766,Electrónica,5742.41,340
158,Lite Silla 6846,Hogar,7221.4,316
159,Pro Reloj 9180,Belleza,455.35,233
160,Mega Silla 6381,Electrónica,956.34,372
161,Lite Silla 2454,Ropa,11342.65,383
162,Max Cámara 6250,Ferretería,14874.15,300
163,Max TV 6268,Deportes,6261.2,205
164,Super Camiseta 3738,Libros,4957.22,223
165,Eco Reloj 8420,Ferretería,6163.86,103
166,Smart Silla 552,Hogar,6626.76,149
167,Ultra Zapatos 4513,Ferretería,1168.24,457
168,Super Monitor 4900,Ferretería,12417.99,93
169,Super Camiseta 5194,Ferretería,14499.6,397
170,Pro Cámara 3156,Hogar,627.61,207
171,Lite Camiseta 169,Hogar,7589.98,342
172,Max Monitor 5545,Hogar,11487.06,298
173,Eco Silla 6821,Libros,4885.69,358
174,Pro Camiseta 7122,Deportes,4519.19,342
175,Pro Laptop 9852,Hogar,13525.39,94
176,Mega Monitor 7609,Libros,884.11,2
177,Ultra Laptop 6359,Juguetes,12795.04,245
178,Max Zapatos 8125,Ropa,2671.41,465
179,Max Zapatos 3447,Belleza,3523.54,121
180,Super Silla 4517,Belleza,10042.27,26
181,Super Mochila 7302,Ropa,12023.73,164
182,Pro Laptop 2824,Ferretería,11684.65,305
183,Smart Mesa 577,Belleza,6377.34,415
184,Ultra Cámara 4741,Deportes,4648.23,314
185,Max Zapatos 3847,Hogar,3343.05,282
186,Pro Camiseta 6261,Hogar,8431.75,116
187,Smart Mochila 6156,Belleza,5561.99,393
188,Smart TV 7911,Juguetes,5873.0,58
189,Eco Monitor 2706,Belleza,6872.92,451
190,Lite Mochila 7070,Deportes,12894.22,407
191,Ultra Zapatos 9354,Belleza,2120.57,414
192,Max Mochila 9519,Hogar,5096.01,384
193,Lite Mesa 9331,Ropa,1352.18,402
194,Eco Camiseta 9857,Ferretería,575.88,224
195,Smart Monitor 2828,Ferretería,10270.16,159
196,Max Laptop 4076,Belleza,7083.78,98
197,Ultra Silla 2811,Deportes,5384.06,212
198,Ultra Zapatos 8133,Deportes,1705.37,467
199,Mega Reloj 3656,Hogar,2506.35,490
200,Ultra Reloj 8702,Juguetes,3604.09,7
201,Smart Mochila 8404,Belleza,8452.03,317
202,Eco Mochila 6425,Libros,1254.98,80
203,Lite Laptop 3481,Alimentos,14915.2,21
204,Super Silla 5419,Belleza,3480.15,364
205,Ultra TV 9214,Deportes,1267.82,236
206,Pro Laptop 9381,Ropa,13252.93,46
207,Super Silla 2332,Hogar,13933.27,250
208,Eco Cámara 9029,Juguetes,13577.72,279
209,Smart Camiseta 7169,Electrónica,8945.93,427
210,Mega Reloj 9554,Libros,1542.91,315
211,Pro Laptop 4116,Deportes,11216.3,259
212,Ultra Laptop 2910,Belleza,9608.15,148
213,Max Camiseta 4003,Libros,12271.52,117
214,Pro Cámara 6908,Hogar,654.77,422
215,Max Silla 7644,Belleza,9798.72,404
216,Super Monitor 5874,Electrónica,335.43,292
217,Mega Cámara 5495,Hogar,13617.61,491
218,Super Cámara 9955,Libros,1691.02,412
219,Lite Zapatos 8552,Hogar,6228.52,365
220,Ultra Laptop 1977,Ferretería,5720.93,193
221,Max Cámara 3203,Ropa,7549.12,364
222,Super Mesa 5263,Juguetes,6434.31,252
223,Ultra Reloj 5342,Libros,2422.02,61
224,Eco Cámara 1969,Hogar,12448.77,491
225,Pro Laptop 6789,Alimentos,5720.82,489
226,Mega Monitor 4282,Electrónica,14452.15,0
227,Ultra Mesa 538,Libros,4539.38,259
228,Ultra Zapatos 1436,Libros,10074.01,143
229,Super Camiseta 2000,Deportes,2827.47,480
230,Lite Cámara 3529,Hogar,11470.99,161
231,Smart Cámara 6828,Hogar,6397.32,142
232,Ultra Mesa 9129,Hogar,1914.46,6
233,Pro Silla 9368,Electrónica,11778.65,145
234,Smart Monitor 855,Electrónica,1699.02,308
235,Smart Reloj 4695,Belleza,5421.64,359
236,Smart Camiseta 5431,Hogar,9965.26,336
237,Max TV 7116,Ropa,10429.37,92
238,Mega Mesa 831,Libros,14525.55,424
239,Max TV 4380,Hogar,14199.29,75
240,Ultra Mesa 279,Deportes,14921.5,414
241,Lite Reloj 3321,Hogar,11480.69,384
242,Pro Mesa 2650,Alimentos,2574.28,328
243,Ultra Mochila 9450,Libros,8278.59,365
244,Super Reloj 4168,Belleza,5631.27,453
245,Eco Mesa 5639,Belleza,14768.07,381
246,Lite Reloj 8003,Ropa,6438.95,360
247,Mega Laptop 8877,Ropa,4826.56,60
248,Mega Camiseta 715,Hogar,8878.31,126
249,Lite Cámara 7524,Libros,4993.09,475
250,Mega Monitor 9381,Alimentos,5490.99,78
251,Pro Mesa 1286,Hogar,5497.97,342
252,Super Silla 9993,Ropa,7030.07,27
253,Super TV 419,Hogar,11577.98,182
254,Super Camiseta 8629,Belleza,9500.19,103
255,Eco Monitor 8562,Juguetes,8894.67,28
256,Super TV 6426,Belleza,12151.7,353
257,Lite Silla 9414,Alimentos,1736.58,303
258,Eco Cámara 351,Deportes,3437.77,429
259,Eco Mochila 7867,Ropa,3307.67,426
260,Pro Monitor 9656,Electrónica,13722.43,456
261,Pro Laptop 6687,Alimentos,10532.48,77
262,Pro Mesa 9073,Alimentos,1214.27,203
263,Lite Zapatos 9965,Deportes,3006.11,69
264,Pro Cámara 3531,Electrónica,14812.68,53
265,Ultra Monitor 5886,Juguetes,3161.16,292
266,Pro Zapatos 7367,Electrónica,7312.47,100
267,Max Mesa 9323,Deportes,13323.09,262
268,Smart Monitor 368,Deportes,13454.44,190
269,Super TV 817,Belleza,14885.83,317
270,Lite Laptop 5187,Deportes,7546.88,242
271,Eco Cámara 2671,Electrónica,4576.27,343
272,Max Laptop 4882,Juguetes,13606.93,336
273,Super Mochila 2673,Libros,13048.34,181
274,Lite Mesa 8163,Deportes,7628.34,73
275,Max Camiseta 6741,Belleza,10199.33,88
276,Eco Mochila 9415,Belleza,3726.34,1
277,Eco Laptop 8272,Alimentos,4937.64,194
278,Mega Camiseta 3565,Hogar,5003.93,465
279,Lite Laptop 4411,Belleza,8618.41,480
280,Pro Camiseta 6479,Libros,2551.89,414
281,Lite Camiseta 9173,Ferretería,11890.04,394
282,Ultra Cámara 5148,Hogar,8394.11,312
283,Pro Mochila 1183,Electrónica,14541.37,299
284,Max Laptop 3662,Belleza,11159.52,425
285,Mega Zapatos 3031,Alimentos,9623.75,353
286,Eco Camiseta 3190,Ropa,7043.3,451
287,Pro Camiseta 4359,Ropa,1745.64,430
288,Super Monitor 3890,Electrónica,7380.55,127
289,Super Mesa 6160,Ropa,11141.33,484
290,Smart Mesa 2680,Belleza,6306.97,421
291,Smart Camiseta 2822,Juguetes,8881.84,156
292,Smart Monitor 5801,Libros,3787.19,25
293,Smart TV 309,Belleza,8607.45,159
294,Smart Silla 6833,Belleza,10245.63,130
295,Ultra Monitor 2241,Ferretería,9894.84,56
296,Smart Cámara 2897,Ropa,10372.21,200
297,Max TV 9748,Hogar,10271.53,110
298,Smart Camiseta 595,Belleza,6395.53,137
299,Super Laptop 9992,Hogar,9653.7,176
300,Smart Mesa 4910,Alimentos,14692.25,343
301,Ultra Cámara 5920,Libros,1148.45,9
302,Eco Laptop 4286,Electrónica,3641.31,84
303,Lite Silla 5248,Libros,4984.38,402
304,Ultra Mochila 8361,Juguetes,3946.58,282
305,Max TV 8324,Deportes,9977.84,492
306,Smart Laptop 9370,Electrónica,11533.2,242
307,Ultra Silla 4052,Deportes,1721.2,281
308,Ultra Monitor 3194,Libros,2503.01,374
309,Smart Mesa 1496,Deportes,11269.7,46
310,Pro TV 8217,Juguetes,5432.74,19
311,Lite Reloj 5445,Electrónica,508.58,490
312,Lite Laptop 8911,Hogar,12930.1,179
313,Max Camiseta 2837,Libros,12496.56,366
314,Pro Silla 789,Ropa,1633.88,161
315,Smart Camiseta 4512,Juguetes,10036.26,111
316,Mega Camiseta 3512,Libros,12752.62,216
317,Mega Monitor 5437,Juguetes,9830.04,236
318,Max Mochila 5057,Electrónica,2187.87,53
319,Pro Zapatos 9818,Alimentos,6623.95,297
320,Max Mochila 1583,Belleza,3918.13,222
321,Pro Mesa 5823,Ferretería,5663.3,182
322,Smart Camiseta 4237,Alimentos,6885.87,411
323,Mega Zapatos 2453,Belleza,2264.65,8
324,Max Cámara 8014,Libros,2091.59,437
325,Mega Reloj 4127,Electrónica,12657.32,387
326,Max TV 4644,Deportes,13783.95,70
327,Ultra Mochila 7600,Electrónica,4878.71,307
328,Mega Zapatos 7842,Juguetes,1022.22,142
329,Ultra Mochila 7118,Libros,7790.33,454
330,Super Cámara 7225,Deportes,7547.4,451
331,Ultra Laptop 1555,Alimentos,356.71,58
332,Lite TV 258,Ferretería,4670.45,229
333,Eco TV 7710,Juguetes,10118.59,427
334,Super Camiseta 6264,Hogar,13858.89,455
335,Max Mochila 185,Alimentos,10875.98,0
336,Super Laptop 4770,Deportes,6416.74,48
337,Eco TV 7646,Ferretería,6774.61,138
338,Smart Monitor 4616,Alimentos,14754.95,374
339,Ultra Cámara 7131,Belleza,1054.13,479
340,Ultra Reloj 4025,Libros,4903.06,214
341,Smart TV 5006,Ferretería,13326.97,254
342,Smart Monitor 7839,Alimentos,10691.97,81
343,Max Reloj 1704,Ferretería,797.21,490
344,Max Silla 6190,Ropa,7310.47,485
345,Eco Cámara 8662,Hogar,7050.18,2
346,Ultra Cámara 3531,Alimentos,4412.76,192
347,Eco Reloj 3953,Ferretería,1704.63,198
348,Lite Mochila 203,Ropa,1506.54,130
349,Max Silla 4494,Ferretería,12912.52,460
350,Super Laptop 4285,Libros,7530.79,424
351,Mega Mesa 248,Electrónica,10140.71,377
352,Super Laptop 3247,Ropa,5453.91,387
353,Smart Monitor 1135,Ferretería,3308.21,19
354,Max Mochila 4729,Belleza,4944.52,290
355,Smart Mochila 4126,Hogar,8926.17,35
356,Lite Camiseta 4192,Belleza,7119.86,62
357,Super Mesa 5022,Ferretería,12859.05,160
358,Max TV 2733,Ferretería,11249.6,395
359,Pro Mochila 2899,Hogar,5787.69,311
360,Ultra Cámara 9969,Alimentos,14720.0,268
361,Ultra Reloj 7639,Libros,5091.46,377
362,Mega Silla 2032,Deportes,10490.88,360
363,Eco Monitor 5484,Alimentos,10212.24,224
364,Eco Silla 814,Libros,6277.86,144
365,Smart Laptop 7704,Juguetes,9907.03,61
366,Pro Cámara 9763,Ferretería,5987.1,285
367,Ultra Zapatos 3763,Hogar,9465.0,193
368,Ultra Zapatos 7278,Belleza,4103.7,130
369,Mega Silla 4341,Alimentos,14907.0,76
370,Eco Mochila 3822,Ferretería,10956.91,14
371,Ultra Reloj 9592,Electrónica,4693.03,386
372,Ultra Camiseta 5381,Alimentos,11778.33,457
373,Lite Cámara 2839,Hogar,1479.89,19
374,Mega Camiseta 9151,Libros,392.78,89
375,Pro Mochila 2527,Alimentos,5735.8,229
376,Eco Camiseta 1527,Deportes,14835.47,234
377,Pro Zapatos 943,Deportes,4534.52,130
378,Ultra Zapatos 7500,Deportes,2474.69,149
379,Super Mochila 3208,Deportes,6620.37,171
380,Lite TV 3669,Alimentos,8766.38,114
381,Mega Reloj 7066,Ropa,14264.64,216
382,Eco Reloj 3510,Libros,4709.01,2
383,Smart Cámara 6949,Hogar,2513.56,288
384,Eco TV 4210,Ferretería,8770.61,280
385,Smart Reloj 1428,Ferretería,1582.52,123
386,Eco Silla 2708,Electrónica,2257.65,309
387,Pro Mochila 9974,Alimentos,11466.38,89
388,Lite Camiseta 2941,Ropa,3149.07,59
389,Smart Monitor 9519,Electrónica,9998.66,313
390,Smart Zapatos 4047,Alimentos,4760.69,469
391,Eco Mochila 2021,Ropa,12546.66,382
392,Smart Laptop 4608,Belleza,5803.37,343
393,Super Laptop 8749,Ferretería,774.81,456
394,Smart Camiseta 5533,Libros,8708.31,59
395,Mega Cámara 947,Electrónica,5285.53,79
396,Lite Mesa 6501,Alimentos,4585.65,86
397,Pro Cámara 5541,Ropa,13122.67,292
398,Eco Camiseta 3083,Deportes,4931.77,278
399,Pro Cámara 9214,Juguetes,10487.11,198
400,Mega Mochila 3480,Deportes,13810.08,223
401,Super Reloj 3683,Ferretería,4823.51,499
402,Ultra Monitor 4193,Electrónica,8088.6,225
403,Super Monitor 300,Belleza,746.14,166
404,Eco Laptop 2771,Electrónica,10161.79,353
405,Super Laptop 9483,Juguetes,1508.14,298
406,Super Reloj 6947,Hogar,7766.83,48
407,Mega Monitor 8012,Alimentos,5181.24,277
408,Lite Silla 2249,Electrónica,2124.45,431
409,Max TV 5199,Hogar,13930.89,95
410,Mega Reloj 4393,Hogar,2023.58,14
411,Ultra Zapatos 9877,Hogar,4944.73,97
412,Ultra Zapatos 194,Libros,10493.62,260
413,Smart Zapatos 1179,Deportes,13801.58,108
414,Mega TV 4971,Belleza,1202.69,366
415,Super Cámara 5513,Electrónica,5837.98,157
416,Mega Cámara 9273,Ferretería,10243.2,400
417,Mega Monitor 7024,Libros,4975.68,130
418,Eco Mochila 6691,Juguetes,4477.01,146
419,Pro Zapatos 721,Libros,4862.96,271
420,Mega Monitor 3373,Electrónica,10143.55,215
421,Super TV 2551,Hogar,7638.69,438
422,Max Zapatos 2887,Ropa,9312.36,464
423,Lite Mochila 6187,Electrónica,2162.75,207
424,Super Mochila 3719,Ropa,4011.08,155
425,Lite TV 5505,Libros,9634.12,280
426,Smart Silla 4477,Ferretería,5692.49,56
427,Mega TV 3098,Alimentos,10888.02,494
428,Smart Monitor 740,Belleza,3109.53,50
429,Max Reloj 1138,Alimentos,13704.82,96
430,Pro Monitor 4354,Ferretería,4171.92,455
431,Lite Camiseta 2383,Juguetes,6023.59,323
432,Pro Laptop 7791,Electrónica,687.09,217
433,Eco Mesa 8224,Ropa,9562.08,166
434,Pro Camiseta 8925,Hogar,7139.78,352
435,Super Camiseta 1342,Deportes,11120.56,200
436,Max Laptop 9189,Belleza,8790.19,392
437,Ultra Camiseta 376,Libros,957.55,22
438,Ultra Monitor 9853,Ferretería,4529.81,451
439,Mega Zapatos 8888,Ropa,4340.28,355
440,Super Camiseta 8120,Juguetes,5712.03,449
441,Mega TV 2148,Belleza,11524.99,92
442,Ultra Camiseta 3965,Electrónica,10733.83,433
443,Pro Silla 5944,Deportes,4120.0,111
444,Super Cámara 6614,Hogar,9537.48,23
445,Lite Camiseta 2975,Ferretería,353.2,488
446,Mega Laptop 4317,Deportes,7570.62,440
447,Super Reloj 4060,Alimentos,8993.72,361
448,Super Cámara 7839,Belleza,2911.31,20
449,Smart Laptop 5384,Ropa,661.03,259
450,Mega Cámara 4264,Libros,7329.49,253
451,Lite Camiseta 157,Hogar,3537.75,317
452,Lite Cámara 626,Belleza,11257.14,26
453,Lite Monitor 9304,Deportes,2741.68,416
454,Mega TV 7559,Hogar,7311.86,397
455,Eco Mochila 693,Juguetes,150.7,425
456,Lite TV 2951,Ropa,14321.44,432
457,Super TV 8401,Ferretería,732.72,279
458,Pro TV 3274,Juguetes,7477.88,382
459,Ultra Mochila 6532,Libros,8669.28,471
460,Pro Camiseta 6491,Electrónica,13579.32,430
461,Eco Reloj 9371,Belleza,12443.13,254
462,Smart Laptop 8830,Libros,11215.09,277
463,Lite Monitor 4010,Deportes,12689.99,405
464,Eco Monitor 7865,Ferretería,3443.2,377
465,Ultra Mesa 3790,Ropa,8054.34,3
466,Ultra Cámara 4468,Belleza,13366.69,224
467,Lite Mochila 2484,Alimentos,13259.43,421
468,Pro Reloj 5341,Alimentos,12398.69,257
469,Ultra Cámara 2064,Hogar,12309.79,435
470,Ultra Silla 7465,Deportes,2624.91,368
471,Max Laptop 4682,Electrónica,13489.65,348
472,Lite Laptop 1445,Juguetes,11852.51,298
473,Ultra TV 3641,Alimentos,1280.01,43
474,Ultra Zapatos 7530,Ferretería,1444.63,447
475,Max Laptop 1459,Ferretería,2518.54,197
476,Max Reloj 2441,Libros,12905.67,90
477,Super Silla 321,Libros,12804.6,289
478,Smart Reloj 6779,Belleza,7269.07,145
479,Smart Monitor 2690,Deportes,1873.61,273
480,Mega Zapatos 7563,Libros,3440.96,83
481,Mega Laptop 4502,Belleza,10860.23,166
482,Lite Mesa 8163,Ropa,1748.16,257
483,Ultra Mochila 5463,Juguetes,14565.28,215
484,Max TV 2300,Electrónica,10402.78,366
485,Ultra Mochila 5992,Deportes,9240.4,398
486,Super Reloj 4052,Belleza,2895.21,482
487,Pro Silla 8676,Hogar,5088.39,302
488,Super Zapatos 7359,Ferretería,807.49,493
489,Super Silla 1300,Ferretería,13574.81,431
490,Pro TV 1861,Juguetes,8873.38,217
491,Lite Monitor 8330,Juguetes,751.39,43
492,Super Monitor 7783,Ferretería,3627.68,212
493,Eco Mochila 5932,Hogar,7033.39,19
494,Lite Cámara 9299,Deportes,7827.52,76
495,Mega Mesa 6802,Ferretería,4859.12,75
496,Eco Silla 8680,Alimentos,14213.14,174
497,Smart Silla 4045,Juguetes,13213.63,256
498,Super Mesa 2028,Ferretería,6935.75,204
499,Smart Cámara 2860,Alimentos,7870.34,228
500,Lite Mochila 7581,Electrónica,13795.98,363
501,Smart Silla 1884,Deportes,4748.91,9
502,Smart Mochila 1992,Libros,12445.12,380
503,Super TV 8701,Juguetes,2880.19,416
504,Mega TV 7428,Juguetes,9419.68,421
505,Eco TV 1591,Ropa,10936.05,489
506,Smart Mochila 7652,Libros,6694.25,284
507,Smart Mesa 855,Deportes,4207.68,219
508,Max TV 4456,Juguetes,3961.53,354
509,Super Mesa 8118,Hogar,1944.71,495
510,Pro Monitor 1617,Electrónica,7637.85,189
511,Smart Zapatos 6611,Libros,5315.83,3
512,Lite Camiseta 6830,Electrónica,12168.42,87
513,Max Reloj 3326,Deportes,6259.71,434
514,Max TV 7858,Ropa,1935.16,357
515,Smart Silla 1924,Hogar,7740.98,152
516,Mega Monitor 4066,Hogar,8784.5,442
517,Ultra Cámara 4123,Hogar,2137.15,446
518,Mega TV 8584,Ferretería,677.11,407
519,Lite Laptop 5524,Deportes,5067.19,151
520,Super Cámara 3514,Ferretería,13588.05,382
521,Super Mesa 1995,Alimentos,2428.83,128
522,Pro Laptop 1391,Hogar,278.53,235
523,Eco Silla 7587,Belleza,1977.27,393
524,Ultra Camiseta 8390,Belleza,6977.13,27
525,Max Silla 467,Alimentos,7052.71,207
526,Eco TV 5833,Ferretería,5545.92,33
527,Eco Laptop 7690,Juguetes,9627.01,185
528,Ultra TV 321,Ropa,4509.02,294
529,Smart Silla 9911,Deportes,3990.59,341
530,Pro Monitor 444,Electrónica,1824.06,136
531,Super Camiseta 1123,Electrónica,4636.14,275
532,Max TV 8065,Belleza,8321.76,153
533,Pro Mesa 3407,Electrónica,4389.44,224
534,Pro Laptop 4665,Hogar,6147.95,82
535,Ultra Cámara 8989,Hogar,4538.62,110
536,Mega Cámara 5058,Electrónica,13409.22,129
537,Ultra Cámara 6095,Ropa,11000.04,300
538,Super Zapatos 4690,Belleza,13303.64,427
539,Smart Silla 6420,Hogar,12392.34,387
540,Eco TV 4497,Hogar,12439.76,103
541,Lite TV 1444,Ferretería,451.72,474
542,Super Laptop 3248,Belleza,6833.43,326
543,Ultra Laptop 6145,Alimentos,6803.64,308
544,Ultra Zapatos 8836,Ferretería,10729.01,179
545,Ultra Zapatos 8355,Hogar,13764.34,162
546,Eco Laptop 7222,Deportes,10315.81,68
547,Ultra Monitor 9512,Alimentos,7434.93,454
548,Lite Laptop 1226,Belleza,9620.29,154
549,Mega Silla 2257,Libros,12019.82,269
550,Ultra TV 1594,Hogar,12820.44,293
551,Pro Monitor 5134,Ferretería,10941.93,301
552,Pro Mesa 9603,Belleza,338.86,266
553,Smart Cámara 1956,Belleza,8854.77,88
554,Eco Cámara 2974,Ferretería,770.3,118
555,Ultra Laptop 1006,Libros,1227.8,340
556,Max TV 331,Ferretería,4794.48,38
557,Smart Monitor 5098,Ropa,7119.88,483
558,Ultra TV 1373,Ropa,13037.65,114
559,Super Silla 2439,Electrónica,4518.76,377
560,Ultra Camiseta 7431,Hogar,2767.24,209
561,Ultra Mochila 1047,Deportes,12678.98,357
562,Pro Reloj 6326,Ferretería,986.09,498
563,Pro Laptop 3553,Deportes,5477.2,170
564,Lite Mochila 6023,Ferretería,4620.69,187
565,Smart Mesa 6568,Juguetes,9987.37,387
566,Lite Mochila 3003,Deportes,6777.96,427
567,Ultra Mochila 6322,Hogar,1490.9,104
568,Mega Zapatos 7123,Juguetes,9930.92,281
569,Ultra Zapatos 2902,Alimentos,8850.79,379
570,Smart Mochila 1447,Ropa,2375.65,415
571,Mega Zapatos 6747,Hogar,5860.96,91
572,Max Camiseta 5070,Ferretería,2314.63,339
573,Max Mesa 8213,Deportes,12918.18,401
574,Ultra Cámara 2345,Libros,10138.66,272
575,Max Monitor 5221,Belleza,1658.12,469
576,Mega Silla 9654,Belleza,2569.73,432
577,Super Laptop 4623,Belleza,7630.55,466
578,Eco Mochila 9766,Belleza,7391.79,116
579,Max Laptop 1613,Ropa,13378.7,379
580,Eco TV 6913,Juguetes,14574.61,96
581,Smart Laptop 7404,Belleza,406.96,287
582,Max Mochila 2217,Deportes,1948.78,47
583,Pro Silla 1637,Belleza,10700.75,424
584,Eco Monitor 4054,Juguetes,13545.26,271
585,Max Camiseta 7766,Ropa,14614.97,110
586,Lite Monitor 3951,Libros,6422.74,159
587,Lite Laptop 5331,Ropa,10219.22,276
588,Mega Silla 7637,Ropa,14533.52,142
589,Smart Monitor 2795,Juguetes,11766.21,128
590,Pro Silla 3994,Juguetes,14157.42,344
591,Super Zapatos 3765,Electrónica,505.26,472
592,Ultra Cámara 9962,Electrónica,10733.73,374
593,Pro Cámara 4684,Electrónica,5409.89,319
594,Pro Camiseta 2402,Electrónica,14670.66,83
595,Pro Cámara 1712,Juguetes,13080.38,115
596,Ultra Reloj 4078,Hogar,14819.91,438
597,Eco Silla 5005,Ropa,2635.46,448
598,Lite Reloj 206,Libros,1978.46,443
599,Smart TV 8322,Alimentos,181.95,133
600,Ultra Zapatos 6936,Electrónica,8873.4,106
601,Pro Silla 7217,Ferretería,9331.75,22
602,Max Camiseta 3198,Hogar,11332.77,71
603,Max Laptop 6206,Electrónica,11224.27,224
604,Lite TV 5393,Electrónica,552.99,334
605,Smart Monitor 4266,Deportes,7036.61,71
606,Max Silla 8594,Ferretería,8022.76,35
607,Mega Silla 8048,Hogar,3323.16,368
608,Ultra TV 8102,Alimentos,10431.5,47
609,Ultra Zapatos 1376,Juguetes,1057.37,169
610,Smart Reloj 6174,Electrónica,13494.92,469
611,Max Mesa 6146,Libros,12162.91,108
612,Lite Mesa 5378,Juguetes,3932.12,416
613,Mega Mochila 6997,Ferretería,4299.31,193
614,Pro Cámara 8555,Ropa,4716.34,444
615,Pro TV 4442,Belleza,11722.31,457
616,Super Mochila 7698,Electrónica,2379.75,193
617,Lite TV 8640,Hogar,12268.28,408
618,Pro Laptop 2036,Electrónica,10855.29,196
619,Mega Zapatos 7711,Belleza,4439.01,263
620,Eco Zapatos 8580,Belleza,11761.1,348
621,Max Zapatos 4170,Ferretería,6146.27,42
622,Eco Mesa 5964,Libros,7873.0,235
623,Super Mochila 8543,Hogar,2990.75,343
624,Lite Silla 7877,Alimentos,12780.56,95
625,Mega Zapatos 3169,Juguetes,8722.24,231
626,Lite Silla 7589,Ropa,8504.62,420
627,Lite Silla 684,Hogar,4567.42,294
628,Smart TV 2208,Juguetes,2938.9,442
629,Super Monitor 6910,Ropa,7043.8,151
630,Smart Laptop 205,Hogar,13551.75,449
631,Mega Mochila 499,Hogar,8915.37,125
632,Mega Monitor 2250,Ferretería,2932.65,54
633,Eco Camiseta 9929,Electrónica,1828.91,425
634,Eco Cámara 7608,Deportes,6100.33,83
635,Pro Zapatos 3557,Ropa,7072.8,202
636,Mega Monitor 9361,Belleza,8768.45,36
637,Lite Silla 4703,Juguetes,9646.29,290
638,Eco Laptop 3464,Ferretería,1085.51,233
639,Smart Silla 2660,Hogar,14205.15,4
640,Max Camiseta 6695,Ropa,11951.34,480
641,Eco Silla 6923,Hogar,9222.04,22
642,Mega Camiseta 8289,Hogar,11343.81,452
643,Eco Laptop 7413,Ferretería,1831.44,287
644,Max Monitor 665,Hogar,9258.25,93
645,Super Mochila 9882,Belleza,3701.47,497
646,Eco Mesa 8535,Juguetes,8766.21,70
647,Super Mesa 7357,Belleza,2428.75,356
648,Pro Silla 6680,Deportes,10851.03,228
649,Ultra Silla 3579,Alimentos,14877.02,433
650,Smart Laptop 6083,Libros,14705.11,198
651,Smart Mochila 6716,Hogar,2532.27,202
652,Super Camiseta 1498,Ropa,7028.83,124
653,Eco Zapatos 5797,Belleza,9350.68,318
654,Max Mochila 9940,Libros,908.21,186
655,Mega Mochila 6352,Juguetes,2583.9,2
656,Smart Silla 8466,Libros,14839.57,402
657,Ultra TV 6435,Hogar,7502.36,479
658,Eco TV 8946,Libros,9443.44,210
659,Lite Cámara 4190,Ferretería,2233.84,36
660,Pro Monitor 2723,Ropa,571.79,313
661,Pro TV 4671,Hogar,12988.41,443
662,Mega Mochila 5941,Ferretería,6894.65,102
663,Pro Cámara 4582,Deportes,8106.95,103
664,Eco Laptop 8965,Juguetes,14305.56,196
665,Pro Zapatos 9751,Ropa,9317.3,208
666,Smart Zapatos 3942,Belleza,1904.44,176
667,Ultra Camiseta 3115,Juguetes,13900.95,473
668,Lite Monitor 2558,Ferretería,4942.75,416
669,Smart Mochila 1153,Libros,11738.76,132
670,Eco Silla 3198,Deportes,5752.7,417
671,Pro Laptop 9392,Hogar,1512.89,433
672,Super Reloj 8153,Libros,7910.73,113
673,Eco Cámara 6566,Belleza,11247.29,297
674,Pro Camiseta 1845,Juguetes,1875.24,26
675,Super Zapatos 3156,Ferretería,10777.83,188
676,Pro Camiseta 6683,Ferretería,1853.06,437
677,Super Cámara 5105,Deportes,13105.54,134
678,Pro TV 5094,Hogar,11412.85,149
679,Eco Camiseta 478,Libros,11637.19,397
680,Lite Laptop 9325,Hogar,5228.05,443
681,Max Zapatos 4737,Libros,113.37,471
682,Max Mochila 6140,Libros,1313.93,237
683,Super Mochila 7494,Belleza,14237.77,383
684,Max Monitor 1256,Belleza,8500.37,209
685,Super TV 4568,Libros,5510.27,207
686,Pro TV 5101,Belleza,12981.37,111
687,Pro Monitor 8865,Electrónica,7237.45,482
688,Pro Camiseta 839,Alimentos,3991.87,418
689,Pro Silla 3027,Deportes,12426.92,280
690,Pro Mochila 8627,Electrónica,7826.6,134
691,Smart Laptop 1785,Deportes,5019.44,390
692,Lite Silla 1850,Hogar,13724.72,430
693,Smart Monitor 7559,Deportes,6741.53,263
694,Pro Cámara 6732,Juguetes,8283.08,259
695,Pro TV 279,Electrónica,3534.44,230
696,Smart Zapatos 7684,Ferretería,214.27,182
697,Max TV 6501,Libros,219.23,8
698,Eco Mesa 1609,Alimentos,8934.77,10
699,Mega Mochila 9594,Juguetes,9095.45,118
700,Smart Camiseta 5671,Libros,8362.46,284
701,Smart Zapatos 6391,Hogar,1029.2,317
702,Lite Monitor 3887,Ferretería,2923.84,267
703,Smart Monitor 7628,Belleza,3322.88,247
704,Eco Monitor 5537,Deportes,7683.41,348
705,Mega Monitor 2192,Deportes,2344.21,431
706,Lite Cámara 5414,Juguetes,10562.36,491
707,Eco Cámara 6183,Hogar,12657.03,483
708,Smart Silla 5678,Belleza,5493.86,118
709,Lite Laptop 6287,Ropa,8600.09,479
710,Mega Silla 3254,Electrónica,6826.32,285
711,Lite Zapatos 7487,Alimentos,12728.65,399
712,Lite Monitor 6402,Libros,4768.94,342
713,Eco Mochila 7636,Hogar,12760.59,248
714,Max Monitor 7830,Hogar,12728.68,344
715,Mega Silla 4351,Alimentos,3958.09,305
716,Max Camiseta 9103,Ferretería,9765.13,278
717,Mega Laptop 2617,Alimentos,10565.15,310
718,Lite Laptop 1880,Deportes,5385.2,191
719,Mega Reloj 7963,Alimentos,5385.16,395
720,Max Laptop 8377,Electrónica,89.74,161
721,Smart Reloj 2162,Juguetes,5980.69,462
722,Ultra Mochila 3960,Juguetes,11139.6,295
723,Mega Zapatos 1461,Hogar,1361.13,28
724,Mega Silla 7167,Deportes,7856.25,386
725,Mega Silla 6817,Electrónica,92.13,36
726,Mega Mochila 4851,Electrónica,7774.46,147
727,Pro Monitor 4384,Alimentos,1995.57,47
728,Mega Reloj 2125,Juguetes,11138.68,246
729,Super TV 4702,Juguetes,13980.03,110
730,Max Silla 3434,Belleza,9699.43,287
731,Mega TV 5183,Belleza,10839.6,368
732,Mega Cámara 156,Ferretería,12940.35,212
733,Super Reloj 7025,Ropa,8177.72,258
734,Smart Monitor 1690,Libros,9021.98,312
735,Smart Cámara 2375,Ropa,4869.66,457
736,Lite Zapatos 2224,Deportes,9523.55,278
737,Max Reloj 2823,Ferretería,428.96,104
738,Smart Silla 9977,Electrónica,518.18,155
739,Lite Cámara 2382,Juguetes,1585.14,150
740,Smart Zapatos 7275,Ferretería,6574.06,55
741,Lite Cámara 6679,Hogar,11539.1,136
742,Lite Camiseta 1912,Ropa,9881.69,248
743,Ultra Monitor 7924,Belleza,10917.63,249
744,Pro Mochila 5211,Electrónica,7297.7,384
745,Ultra TV 6718,Ropa,4259.09,7
746,Max Monitor 9746,Juguetes,8356.07,134
747,Ultra TV 5144,Libros,9380.37,415
748,Lite Reloj 6726,Belleza,10719.21,252
749,Ultra Laptop 2157,Deportes,561.92,225
750,Max Mesa 9338,Electrónica,2767.32,146
751,Max Cámara 8043,Hogar,8155.3,368
752,Mega TV 244,Ropa,12352.89,456
753,Smart Camiseta 9669,Alimentos,6781.83,417
754,Max Mochila 3843,Ropa,1775.75,499
755,Mega Camiseta 3679,Libros,2991.46,368
756,Super Mochila 1538,Deportes,7469.16,218
757,Lite Monitor 7679,Deportes,6471.61,407
758,Super Laptop 7998,Belleza,11291.72,400
759,Super Camiseta 2408,Deportes,9591.68,102
760,Pro Mesa 4002,Deportes,584.33,480
761,Mega Cámara 4209,Alimentos,10269.43,5
762,Lite Reloj 7367,Belleza,346.83,117
763,Pro Mesa 1926,Ferretería,259.52,460
764,Super Reloj 6503,Belleza,2564.17,349
765,Super Mesa 4800,Belleza,9025.85,310
766,Ultra Mochila 1644,Libros,11153.11,205
767,Mega Camiseta 520,Libros,11777.38,495
768,Lite Laptop 3129,Libros,11422.49,463
769,Pro Mesa 4529,Libros,1778.95,434
770,Ultra Monitor 3005,Deportes,6556.29,403
771,Eco Reloj 4000,Ropa,9597.97,378
772,Ultra Monitor 2079,Electrónica,2288.67,16
773,Smart Laptop 932,Alimentos,12875.19,128
774,Eco Monitor 7429,Ropa,10050.99,277
775,Max Mesa 4833,Juguetes,5447.09,62
776,Smart Zapatos 9006,Ropa,11958.02,164
777,Mega Cámara 6166,Belleza,12653.66,209
778,Smart Reloj 6419,Alimentos,2103.65,170
779,Smart Camiseta 1328,Juguetes,12910.57,387
780,Mega Zapatos 2001,Ferretería,5735.59,8
781,Smart TV 9207,Ropa,14907.76,144
782,Max TV 2998,Juguetes,1638.44,136
783,Pro Zapatos 3332,Belleza,11929.78,292
784,Ultra Zapatos 7085,Ferretería,5002.12,222
785,Lite Cámara 9718,Ferretería,6893.19,160
786,Lite TV 6693,Ropa,8601.21,330
787,Ultra Silla 9703,Deportes,13230.4,423
788,Lite Camiseta 7925,Alimentos,13309.23,69
789,Smart Monitor 8975,Ropa,520.4,452
790,Ultra Camiseta 8874,Deportes,1767.27,260
791,Super TV 2575,Juguetes,13150.88,287
792,Mega Reloj 3971,Deportes,14512.68,208
793,Super Reloj 9025,Juguetes,10676.24,285
794,Super TV 521,Hogar,1701.55,188
795,Ultra Silla 8855,Ropa,5941.05,250
796,Super Mesa 8971,Ropa,12500.76,15
797,Lite Cámara 3320,Juguetes,13116.67,400
798,Pro Zapatos 5753,Libros,8331.63,232
799,Eco Mesa 5718,Ferretería,12977.52,108
800,Pro Camiseta 8166,Belleza,4802.54,57
801,Eco Laptop 6906,Ferretería,13041.47,68
802,Max Mesa 4694,Electrónica,11939.04,150
803,Pro TV 5001,Electrónica,2501.38,266
804,Lite Camiseta 8198,Electrónica,13904.58,326
805,Smart Silla 2923,Ropa,14649.51,52
806,Smart Zapatos 6900,Libros,11963.05,418
807,Eco Camiseta 9621,Belleza,10506.5,328
808,Ultra Mochila 2379,Ropa,711.7,107
809,Max TV 299,Deportes,3146.45,28
810,Max Camiseta 2415,Alimentos,10135.73,108
811,Smart Monitor 3670,Hogar,14388.05,90
812,Max Laptop 2284,Electrónica,14229.44,50
813,Mega Cámara 8624,Deportes,795.09,429
814,Lite Laptop 8753,Ferretería,2652.86,32
815,Smart Cámara 6650,Juguetes,4085.98,1
816,Super Mesa 8280,Juguetes,14644.79,86
817,Ultra Zapatos 9935,Electrónica,1575.79,446
818,Ultra Zapatos 4737,Belleza,7117.02,188
819,Pro Silla 9914,Hogar,9497.53,185
820,Smart Mochila 3080,Libros,4952.89,255
821,Eco TV 2590,Juguetes,2979.69,120
822,Lite Cámara 6153,Ropa,8708.94,197
823,Smart Monitor 4646,Alimentos,8435.34,483
824,Ultra Camiseta 4959,Ropa,13186.91,47
825,Mega Camiseta 9617,Ferretería,8731.87,263
826,Lite Monitor 7894,Deportes,11944.65,438
827,Eco Monitor 1129,Belleza,12196.21,345
828,Max Camiseta 5410,Belleza,3118.37,442
829,Smart Monitor 2525,Ropa,3301.26,357
830,Mega Monitor 8370,Belleza,8646.52,86
831,Ultra Mochila 3609,Electrónica,2340.25,427
832,Lite Cámara 565,Hogar,11416.78,482
833,Eco Reloj 9623,Libros,11241.08,216
834,Super Camiseta 616,Alimentos,12302.33,495
835,Smart Cámara 9202,Ropa,253.82,174
836,Pro Silla 862,Hogar,2160.8,447
837,Pro Silla 5277,Hogar,4415.65,287
838,Super Zapatos 3062,Hogar,9826.78,449
839,Smart TV 7204,Ropa,6107.12,21
840,Lite Cámara 4899,Belleza,10382.57,357
841,Ultra Silla 8712,Electrónica,10770.71,120
842,Max Reloj 4496,Libros,8215.43,461
843,Pro Monitor 5217,Libros,11523.1,113
844,Pro Silla 7576,Libros,4909.96,337
845,Super Monitor 8835,Hogar,8422.05,326
846,Super Mesa 5929,Alimentos,638.78,18
847,Smart Camiseta 3690,Alimentos,6293.01,69
848,Max Reloj 2509,Alimentos,285.09,65
849,Pro Mesa 8813,Electrónica,8158.22,409
850,Super Reloj 1943,Juguetes,7214.37,169
851,Smart Camiseta 8716,Electrónica,796.58,194
852,Mega Silla 6522,Electrónica,13613.24,106
853,Mega Zapatos 6204,Hogar,917.71,323
854,Ultra Laptop 7048,Ferretería,12405.37,294
855,Super Camiseta 2710,Ropa,773.84,250
856,Pro Silla 1431,Ferretería,11608.56,35
857,Eco Cámara 7974,Ferretería,4686.02,8
858,Eco Cámara 4340,Ferretería,13837.3,333
859,Super Camiseta 4412,Deportes,12879.8,422
860,Smart Reloj 7685,Hogar,1890.58,430
861,Max Reloj 602,Alimentos,4587.45,17
862,Pro TV 7805,Electrónica,1896.12,283
863,Lite Monitor 1986,Ferretería,2112.65,386
864,Super Reloj 957,Juguetes,2932.55,42
865,Ultra Mochila 6480,Hogar,11245.24,287
866,Lite Monitor 7940,Ropa,3681.82,296
867,Ultra Mochila 2535,Electrónica,13737.38,298
868,Smart Camiseta 1928,Juguetes,7636.56,483
869,Super Zapatos 7566,Belleza,956.79,139
870,Eco Laptop 9484,Juguetes,9950.18,163
871,Smart Camiseta 1193,Electrónica,14956.85,250
872,Eco Mochila 3104,Ferretería,7553.17,425
873,Pro Monitor 9973,Deportes,10266.28,49
874,Smart Silla 3252,Belleza,4067.95,112
875,Ultra Laptop 5374,Electrónica,4389.29,331
876,Ultra Cámara 5086,Juguetes,448.04,156
877,Pro Mesa 2075,Juguetes,1245.0,265
878,Smart Camiseta 9708,Hogar,513.97,348
879,Mega Zapatos 211,Belleza,13229.5,413
880,Mega Reloj 9991,Hogar,13893.77,129
881,Smart Silla 8461,Electrónica,13715.9,466
882,Eco Silla 3539,Ropa,7541.09,177
883,Mega Mochila 2915,Deportes,4795.48,478
884,Smart Silla 8576,Electrónica,2497.7,323
885,Pro Monitor 7069,Juguetes,14958.91,304
886,Max Monitor 2292,Deportes,6265.42,246
887,Lite Mesa 6876,Electrónica,14684.48,131
888,Max Mesa 3516,Juguetes,10890.06,54
889,Eco Mesa 6570,Alimentos,12570.29,181
890,Super Laptop 9213,Deportes,2261.81,486
891,Super Reloj 1592,Juguetes,7709.01,299
892,Max Camiseta 1076,Deportes,3562.01,85
893,Eco Camiseta 2522,Alimentos,9430.2,468
894,Ultra Mesa 7938,Hogar,12060.55,89
895,Eco Monitor 8021,Deportes,5084.17,50
896,Super Cámara 3088,Deportes,13559.87,327
897,Lite Mochila 8502,Ferretería,3243.18,6
898,Ultra Silla 4901,Alimentos,5751.5,449
899,Super Monitor 7187,Electrónica,8159.24,137
900,Ultra Zapatos 3397,Ropa,1807.26,256
901,Ultra Reloj 283,Alimentos,12553.76,43
902,Smart Reloj 6803,Belleza,520.48,363
903,Max Mesa 6028,Hogar,11238.93,408
904,Eco TV 7955,Alimentos,4991.19,393
905,Ultra Monitor 6614,Ferretería,4650.99,445
906,Lite Mesa 5860,Juguetes,10088.01,481
907,Mega Camiseta 3244,Hogar,5538.62,169
908,Smart Reloj 8135,Deportes,9333.68,67
909,Super Zapatos 235,Ferretería,12945.05,445
910,Smart Monitor 4255,Alimentos,7860.0,421
911,Lite Zapatos 520,Deportes,2234.81,311
912,Max Monitor 6370,Hogar,10187.15,243
913,Super Silla 1891,Ferretería,6370.12,231
914,Max Silla 5669,Ropa,12591.22,314
915,Super Camiseta 6196,Hogar,2631.17,447
916,Pro Zapatos 7384,Juguetes,4554.91,183
917,Super Zapatos 5294,Libros,8408.73,263
918,Eco Silla 1894,Hogar,14104.05,235
919,Mega Monitor 8428,Alimentos,2892.0,167
920,Mega Mochila 2754,Electrónica,1984.49,233
921,Smart Cámara 2023,Ropa,5634.97,103
922,Max Camiseta 5471,Juguetes,5339.23,58
923,Super Reloj 8148,Libros,14857.89,4
924,Eco Silla 2597,Electrónica,9476.14,221
925,Lite Zapatos 495,Electrónica,603.38,166
926,Mega Mesa 7572,Juguetes,2180.25,252
927,Mega Mesa 5442,Alimentos,4668.79,321
928,Pro Laptop 3804,Belleza,5916.08,262
929,Ultra Zapatos 4399,Belleza,730.02,489
930,Pro Laptop 7397,Hogar,5747.77,31
931,Lite Silla 9788,Ferretería,7570.77,253
932,Lite Mesa 3112,Electrónica,6530.6,168
933,Max Camiseta 6546,Ropa,4868.93,431
934,Max Silla 3920,Electrónica,9569.61,382
935,Ultra Silla 774,Ferretería,5782.44,157
936,Lite Zapatos 5463,Ferretería,1864.19,412
937,Pro Camiseta 7616,Libros,908.06,152
938,Lite Zapatos 101,Alimentos,9338.49,294
939,Ultra Mesa 2846,Alimentos,386.04,322
940,Mega Zapatos 652,Libros,12077.06,479
941,Mega Laptop 6956,Deportes,13927.8,348
942,Max Silla 7436,Ferretería,4461.56,396
943,Super Camiseta 6342,Hogar,1672.57,83
944,Super Zapatos 5101,Libros,340.86,471
945,Eco Mochila 2776,Belleza,2562.45,200
946,Smart TV 1103,Deportes,8845.3,315
947,Smart Cámara 5014,Ropa,9970.72,152
948,Eco Silla 5915,Ferretería,13055.36,19
949,Smart Monitor 2914,Ferretería,5404.92,172
950,Lite Camiseta 1194,Ropa,10515.69,1
951,Smart Camiseta 4485,Hogar,2444.28,321
952,Ultra Zapatos 9841,Juguetes,6249.4,178
953,Ultra Camiseta 3819,Hogar,1103.2,162
954,Pro Cámara 3711,Deportes,6895.77,142
955,Ultra Mochila 9333,Libros,14593.52,297
956,Max Reloj 3090,Ropa,5140.79,492
957,Smart Monitor 8610,Juguetes,11409.19,110
958,Mega Mesa 4084,Juguetes,2038.16,176
959,Ultra Cámara 118,Electrónica,7930.22,71
960,Pro Zapatos 4837,Belleza,12528.15,418
961,Smart Zapatos 5953,Libros,2138.67,438
962,Max Camiseta 1259,Electrónica,12476.21,74
963,Super Monitor 1316,Hogar,7353.22,368
964,Max Laptop 6209,Juguetes,3552.09,406
965,Lite Cámara 372,Ferretería,3206.74,302
966,Ultra TV 4271,Juguetes,12811.78,129
967,Mega Mesa 8616,Electrónica,13318.14,137
968,Pro Mesa 4628,Juguetes,14147.63,54
969,Eco Laptop 805,Deportes,8549.51,382
970,Pro Cámara 9823,Electrónica,14027.46,202
971,Mega Zapatos 4324,Alimentos,14909.6,496
972,Super Monitor 7904,Hogar,11108.38,125
973,Max Reloj 6291,Libros,2515.22,286
974,Eco Monitor 3930,Electrónica,7444.58,404
975,Max Cámara 8109,Deportes,7799.49,383
976,Ultra TV 3431,Alimentos,8775.51,180
977,Eco Mesa 6765,Alimentos,14927.03,59
978,Ultra Reloj 2786,Libros,10170.92,475
979,Pro Camiseta 1334,Alimentos,11835.2,22
980,Mega Mesa 4408,Deportes,6914.27,258
981,Super Reloj 1683,Deportes,9622.38,395
982,Ultra Cámara 1963,Deportes,13685.92,451
983,Lite Mochila 5459,Deportes,8481.49,153
984,Eco Zapatos 5826,Ropa,2404.38,222
985,Mega Silla 2047,Juguetes,1078.92,87
986,Max Mochila 4436,Hogar,12891.99,411
987,Mega Silla 4572,Hogar,12372.09,139
988,Eco TV 8665,Ferretería,10279.3,434
989,Mega TV 783,Libros,8180.22,325
990,Eco Mesa 4549,Belleza,11483.97,298
991,Mega Monitor 8535,Electrónica,7154.83,62
992,Eco Laptop 3158,Belleza,11811.19,40
993,Smart Reloj 1431,Ferretería,12866.96,207
994,Eco TV 1530,Belleza,4044.21,255
995,Ultra Zapatos 6199,Juguetes,6682.32,222
996,Mega Laptop 9932,Juguetes,9061.62,262
997,Ultra Mochila 2784,Juguetes,158.99,236
998,Mega Laptop 1235,Ferretería,14062.9,283
999,Lite Cámara 3517,Belleza,14902.26,474
1000,Super Reloj 9208,Deportes,953.03,468
1001,Pro Laptop 9763,Hogar,2037.79,57
1002,Smart Cámara 3108,Deportes,12412.1,161
1003,Mega Laptop 6386,Belleza,2651.29,373
1004,Super Silla 9042,Electrónica,8840.39,211
1005,Pro Silla 4543,Ropa,11098.48,203
1006,Eco Mesa 4242,Deportes,9168.15,3
1007,Eco Silla 1598,Alimentos,12693.54,438
1008,Super Monitor 5354,Ropa,4271.81,186
1009,Max TV 3875,Libros,7718.95,337
1010,Mega Zapatos 9335,Alimentos,462.61,96
1011,Lite Mochila 4573,Ferretería,282.25,422
1012,Super Mesa 8987,Belleza,9736.28,193
1013,Eco Mochila 2285,Alimentos,8788.75,364
1014,Eco Cámara 2705,Belleza,7894.77,239
1015,Mega Mochila 942,Libros,6357.69,348
1016,Super Mochila 9881,Libros,14557.09,358
1017,Lite Mochila 9390,Belleza,13303.28,436
1018,Eco Mochila 8034,Belleza,9843.71,23
1019,Pro Zapatos 1145,Ferretería,14932.1,48
1020,Pro Zapatos 6733,Juguetes,2005.83,198
1021,Smart Silla 5600,Ferretería,12560.94,181
1022,Super Zapatos 8911,Electrónica,3990.55,307
1023,Super Camiseta 495,Juguetes,2485.54,278
1024,Smart Monitor 3223,Ropa,8161.73,408
1025,Smart Monitor 5437,Libros,5791.8,381
1026,Ultra Reloj 8416,Hogar,5589.32,297
1027,Ultra Silla 7560,Libros,6821.75,56
1028,Super Camiseta 7036,Juguetes,235.12,87
1029,Eco Silla 882,Hogar,11224.28,466
1030,Super Zapatos 7651,Ferretería,12150.11,273
1031,Smart Camiseta 1501,Belleza,11862.67,202
1032,Max Mesa 292,Hogar,11139.09,101
1033,Lite Monitor 6867,Ferretería,11726.58,286
1034,Max Silla 2925,Juguetes,11351.99,373
1035,Smart Laptop 9775,Ferretería,7806.84,463
1036,Mega Cámara 274,Electrónica,12110.19,201
1037,Max Reloj 7625,Alimentos,9438.03,28
1038,Super Camiseta 1719,Belleza,3438.01,52
1039,Mega Silla 716,Hogar,7932.78,360
1040,Mega TV 5023,Libros,273.58,471
1041,Max Mochila 476,Alimentos,2539.23,12
1042,Eco Laptop 3522,Ropa,12254.78,200
1043,Super Mesa 8935,Hogar,14382.02,410
1044,Lite Mochila 3673,Alimentos,10832.83,255
1045,Lite Monitor 1403,Juguetes,12023.26,171
1046,Pro Silla 6497,Alimentos,7394.49,287
1047,Super Zapatos 180,Alimentos,5845.46,329
1048,Lite TV 4709,Juguetes,14488.63,419
1049,Mega Mochila 1980,Belleza,5822.4,348
1050,Mega Mochila 4009,Hogar,5011.6,209
1051,Lite Camiseta 2029,Electrónica,12743.72,222
1052,Mega Cámara 7234,Ropa,10928.33,335
1053,Lite Reloj 1614,Ferretería,11774.74,413
1054,Pro Monitor 7792,Ropa,6740.95,205
1055,Ultra Mochila 2640,Deportes,7091.41,125
1056,Ultra Zapatos 8338,Belleza,5190.1,451
1057,Pro Mesa 3915,Libros,359.37,215
1058,Super Reloj 9559,Juguetes,1793.58,271
1059,Smart Mochila 1612,Alimentos,1559.85,134
1060,Mega Reloj 1061,Ropa,10240.59,309
1061,Mega Zapatos 1635,Hogar,6094.56,169
1062,Ultra Monitor 5519,Juguetes,2281.05,295
1063,Smart Mesa 3777,Belleza,14412.83,237
1064,Super Laptop 8497,Ferretería,7589.8,224
1065,Ultra Reloj 716,Ferretería,10633.3,409
1066,Pro Reloj 6782,Deportes,13660.02,483
1067,Pro Mochila 5632,Belleza,3013.12,401
1068,Smart Monitor 7123,Alimentos,3760.15,226
1069,Ultra Mesa 4223,Belleza,4761.93,395
1070,Mega Reloj 5298,Ferretería,1404.14,351
1071,Mega Camiseta 9738,Electrónica,12250.99,277
1072,Lite Monitor 1056,Juguetes,4494.46,230
1073,Ultra Monitor 1005,Ropa,12118.82,107
1074,Mega Laptop 2508,Ferretería,12404.27,137
1075,Smart Mochila 4335,Alimentos,6394.83,137
1076,Smart Cámara 6233,Deportes,11075.45,224
1077,Pro Silla 7582,Juguetes,10373.6,392
1078,Mega Mesa 9855,Electrónica,4054.65,467
1079,Ultra Monitor 5279,Alimentos,11381.97,157
1080,Max Camiseta 1189,Alimentos,14961.52,364
1081,Super Mochila 6392,Juguetes,2170.38,190
1082,Smart TV 927,Hogar,7618.75,441
1083,Eco TV 451,Deportes,13516.5,198
1084,Max Laptop 8882,Electrónica,7830.52,291
1085,Ultra Cámara 5161,Juguetes,4452.44,101
1086,Super Mochila 2328,Electrónica,8333.19,202
1087,Mega TV 8938,Ferretería,10970.06,7
1088,Lite Mochila 3734,Ferretería,9222.68,193
1089,Eco Mesa 6017,Electrónica,2129.03,180
1090,Smart Zapatos 6850,Deportes,5261.9,130
1091,Mega Silla 1127,Ferretería,6337.41,443
1092,Eco Mochila 9675,Hogar,9630.4,489
1093,Smart Mesa 1796,Juguetes,716.11,471
1094,Smart Camiseta 6192,Belleza,1416.77,65
1095,Smart Mochila 4636,Ferretería,12380.82,92
1096,Ultra Monitor 8815,Ropa,9656.0,384
1097,Super Laptop 342,Deportes,8923.8,417
1098,Pro Zapatos 4387,Libros,1645.55,130
1099,Ultra Mochila 8093,Belleza,2432.75,305
1100,Ultra Camiseta 3198,Ropa,8930.27,131
1101,Super Silla 2328,Alimentos,3649.3,385
1102,Mega Reloj 1502,Hogar,629.88,26
1103,Ultra Silla 2302,Ropa,11364.75,199
1104,Super Reloj 9482,Ferretería,6024.58,76
1105,Smart Mochila 8566,Ferretería,8999.91,6
1106,Smart Mochila 8139,Hogar,13290.7,400
1107,Max Zapatos 9489,Electrónica,12846.55,227
1108,Eco Silla 7486,Ferretería,14796.64,262
1109,Max Cámara 7992,Ropa,914.7,498
1110,Pro TV 5038,Ferretería,1199.39,220
1111,Eco Zapatos 5311,Ferretería,13566.08,348
1112,Super Laptop 3963,Ferretería,10259.67,304
1113,Eco Reloj 5833,Libros,14131.13,71
1114,Super Camiseta 2539,Juguetes,984.51,418
1115,Mega Reloj 1564,Ferretería,10690.27,451
1116,Max Camiseta 8411,Ferretería,9323.85,241
1117,Ultra Silla 9378,Juguetes,9779.55,154
1118,Smart Monitor 4687,Juguetes,343.51,493
1119,Smart Cámara 8295,Alimentos,8209.9,15
1120,Lite TV 6769,Ropa,2146.92,464
1121,Pro TV 8148,Ropa,14469.58,382
1122,Ultra Mochila 102,Libros,9292.35,312
1123,Ultra Mesa 1391,Libros,1272.58,183
1124,Lite Silla 2376,Ferretería,2257.39,215
1125,Mega Mesa 2367,Juguetes,589.23,78
1126,Eco Zapatos 821,Libros,11147.41,57
1127,Lite Silla 8016,Alimentos,10561.51,317
1128,Eco Laptop 9526,Alimentos,6768.03,304
1129,Max Monitor 7143,Ropa,6636.05,253
1130,Lite Laptop 4233,Libros,6581.15,42
1131,Mega Camiseta 8044,Juguetes,3281.87,492
1132,Pro Silla 2631,Ferretería,14569.2,118
1133,Mega Laptop 4856,Juguetes,11082.12,290
1134,Max TV 1480,Electrónica,8383.59,88
1135,Pro Laptop 5815,Ropa,7353.64,482
1136,Smart TV 4021,Ropa,1088.32,78
1137,Pro Zapatos 3205,Ropa,506.19,229
1138,Lite Zapatos 7503,Juguetes,10724.53,119
1139,Lite Camiseta 6226,Deportes,11765.97,464
1140,Eco Camiseta 1429,Electrónica,14390.76,164
1141,Super Camiseta 7087,Electrónica,4101.64,474
1142,Lite Mesa 7128,Belleza,6663.71,308
1143,Max Laptop 6342,Deportes,8847.34,381
1144,Eco Laptop 1090,Ferretería,13004.11,287
1145,Super Reloj 1624,Alimentos,3951.46,447
1146,Super Mochila 8835,Libros,5188.1,138
1147,Max Zapatos 9659,Ferretería,11097.76,161
1148,Smart Mochila 3956,Deportes,6037.44,494
1149,Mega Mesa 5902,Juguetes,10947.8,422
1150,Lite Zapatos 2996,Libros,6145.76,163
1151,Eco Cámara 8442,Belleza,10789.33,151
1152,Ultra TV 5956,Electrónica,14286.25,354
1153,Max Mochila 7741,Alimentos,2071.05,461
1154,Smart Monitor 6867,Libros,6341.02,493
1155,Ultra Mesa 2861,Libros,3417.78,342
1156,Smart Mesa 4915,Ropa,6719.03,359
1157,Smart Mesa 3079,Hogar,988.0,17
1158,Ultra Zapatos 1699,Ropa,10020.99,96
1159,Ultra Mochila 5155,Juguetes,1166.26,50
1160,Ultra Reloj 6983,Ropa,2113.42,211
1161,Max Zapatos 4262,Libros,9051.65,120
1162,Max Camiseta 2849,Hogar,3326.65,246
1163,Smart Camiseta 7921,Ferretería,13396.17,354
1164,Pro Mesa 5780,Juguetes,9371.46,381
1165,Eco Reloj 1740,Ropa,6657.33,403
1166,Mega Silla 1306,Hogar,2811.26,228
1167,Smart Cámara 8308,Libros,6682.7,10
1168,Eco Camiseta 1137,Deportes,12198.64,314
1169,Pro Mesa 7639,Juguetes,3053.25,433
1170,Pro Laptop 5003,Hogar,8870.33,7
1171,Lite TV 6532,Ropa,14452.68,113
1172,Ultra Laptop 5871,Belleza,9414.23,460
1173,Lite Cámara 6624,Deportes,11125.09,195
1174,Max Camiseta 7892,Ropa,1350.6,251
1175,Pro Silla 3465,Juguetes,2853.61,128
1176,Max Monitor 9692,Hogar,9812.38,372
1177,Smart Laptop 2134,Ferretería,7896.34,310
1178,Super Mesa 9836,Hogar,1487.0,337
1179,Smart Camiseta 3894,Ferretería,8517.32,4
1180,Ultra Laptop 9580,Electrónica,5879.29,184
1181,Eco Monitor 4458,Belleza,194.02,202
1182,Ultra Laptop 3180,Ferretería,10682.67,18
1183,Eco Cámara 2622,Hogar,8853.02,179
1184,Smart Mochila 8407,Ferretería,3667.88,15
1185,Mega Laptop 7897,Ferretería,11510.72,464
1186,Super Cámara 7422,Hogar,12810.13,64
1187,Ultra Laptop 2932,Alimentos,2411.74,74
1188,Lite TV 6142,Ferretería,928.27,242
1189,Smart Mochila 8881,Alimentos,1578.55,214
1190,Super Camiseta 9000,Belleza,10883.62,83
1191,Ultra Camiseta 1432,Libros,14164.59,135
1192,Smart Laptop 9966,Alimentos,8730.64,261
1193,Pro Camiseta 9393,Libros,3616.48,474
1194,Smart Cámara 9466,Libros,13447.84,286
1195,Eco Silla 9951,Hogar,12941.95,427
1196,Super Cámara 8806,Juguetes,2559.38,354
1197,Max Mesa 2578,Deportes,3555.97,408
1198,Super Reloj 6951,Deportes,512.08,212
1199,Super Laptop 128,Libros,12441.54,135
1200,Lite Zapatos 8453,Ropa,3088.48,459
1201,Eco Laptop 2861,Hogar,6228.31,412
1202,Lite Camiseta 3997,Belleza,5724.2,107
1203,Max TV 2178,Libros,11937.68,280
1204,Pro Monitor 4356,Hogar,13972.67,372
1205,Max TV 8593,Electrónica,881.68,6
1206,Mega Silla 7482,Belleza,14184.22,388
1207,Smart Mochila 5130,Hogar,9002.36,489
1208,Lite Mesa 3296,Libros,9225.9,60
1209,Max Monitor 3824,Libros,2149.25,307
1210,Smart TV 3807,Alimentos,4394.67,339
1211,Lite Silla 2352,Libros,8539.31,210
1212,Mega Monitor 6948,Ropa,811.68,326
1213,Max Monitor 1769,Belleza,9826.99,379
1214,Super Silla 7413,Hogar,4906.61,489
1215,Eco Zapatos 7287,Ferretería,961.85,435
1216,Smart Silla 1862,Alimentos,8996.77,256
1217,Lite Mochila 900,Deportes,14421.33,72
1218,Max Cámara 5568,Juguetes,4882.0,120
1219,Lite Camiseta 1787,Hogar,521.59,243
1220,Smart Zapatos 6451,Deportes,14201.55,281
1221,Max Silla 7934,Hogar,6801.86,319
1222,Smart Reloj 6861,Ropa,1273.72,380
1223,Smart Monitor 6338,Juguetes,14741.76,301
1224,Max Monitor 9536,Juguetes,12312.93,128
1225,Pro Mesa 9806,Ferretería,7187.31,89
1226,Pro Zapatos 9938,Belleza,9153.16,229
1227,Pro Mesa 674,Hogar,10099.73,234
1228,Smart Camiseta 4893,Belleza,6675.95,347
1229,Lite Mesa 7398,Juguetes,12084.41,453
1230,Ultra Zapatos 2140,Ferretería,8512.3,204
1231,Super Zapatos 3290,Deportes,13884.95,36
1232,Lite Laptop 321,Juguetes,3675.09,51
1233,Lite Monitor 6540,Libros,4221.38,18
1234,Max Laptop 2591,Deportes,10964.0,70
1235,Ultra Laptop 9962,Deportes,5911.5,127
1236,Lite TV 783,Ropa,9278.63,185
1237,Mega Monitor 9736,Ropa,4098.11,59
1238,Mega Mochila 2306,Libros,1027.54,301
1239,Smart Silla 4334,Deportes,755.92,270
1240,Lite Mesa 1629,Electrónica,3334.9,210
1241,Eco Zapatos 9336,Belleza,12359.89,10
1242,Ultra Mochila 5237,Electrónica,11207.14,3
1243,Super Camiseta 4780,Electrónica,6447.2,301
1244,Max Mesa 7966,Alimentos,4769.19,355
1245,Super Camiseta 2761,Electrónica,3210.41,53
1246,Super Silla 5229,Hogar,12744.59,472
1247,Smart Reloj 485,Electrónica,10691.33,325
1248,Mega Zapatos 2279,Alimentos,3845.33,174
1249,Pro Mesa 4611,Alimentos,12443.98,263
1250,Eco Reloj 5361,Ropa,7324.99,137
1251,Super Silla 434,Belleza,9376.1,86
1252,Mega Camiseta 5302,Juguetes,13047.33,20
1253,Super Silla 5444,Ropa,8162.07,345
1254,Smart Reloj 4688,Alimentos,7388.78,170
1255,Super Zapatos 6145,Belleza,1853.83,223
1256,Lite Reloj 2870,Deportes,10836.87,303
1257,Eco Monitor 9119,Deportes,4663.79,162
1258,Pro Camiseta 5113,Alimentos,4031.46,51
1259,Ultra Camiseta 8193,Belleza,13022.89,20
1260,Eco TV 9896,Libros,12006.35,194
1261,Max Cámara 1487,Deportes,8753.19,491
1262,Eco TV 9006,Libros,10620.15,51
1263,Ultra Silla 2924,Alimentos,3793.29,438
1264,Ultra Zapatos 7393,Ferretería,9385.43,499
1265,Mega Cámara 6307,Deportes,6967.64,308
1266,Lite Mochila 387,Ferretería,6569.63,333
1267,Mega TV 3598,Alimentos,13702.9,426
1268,Eco Camiseta 5600,Electrónica,4874.56,201
1269,Ultra Mochila 2776,Belleza,3760.85,299
1270,Ultra Zapatos 2258,Juguetes,4692.84,166
1271,Eco Silla 4087,Ropa,249.44,202
1272,Smart Zapatos 2399,Libros,8882.9,498
1273,Super Zapatos 1814,Electrónica,756.6,272
1274,Lite TV 288,Libros,4360.93,376
1275,Smart Monitor 9270,Electrónica,125.86,372
1276,Pro Cámara 8986,Electrónica,12176.05,25
1277,Pro Mesa 7791,Hogar,991.34,222
1278,Max Monitor 1484,Hogar,685.53,71
1279,Ultra Cámara 4827,Hogar,10711.07,333
1280,Lite Zapatos 4938,Juguetes,1359.35,444
1281,Eco TV 5542,Hogar,9678.78,245
1282,Lite Silla 5441,Ropa,7896.07,265
1283,Mega Mochila 1619,Juguetes,4129.19,197
1284,Super Reloj 4083,Ropa,13416.49,51
1285,Ultra Reloj 4987,Libros,3532.33,497
1286,Super Camiseta 9192,Electrónica,1972.23,215
1287,Pro Monitor 6251,Juguetes,9723.89,55
1288,Smart Reloj 9053,Belleza,9055.27,85
1289,Pro Silla 9621,Libros,3671.04,148
1290,Ultra Zapatos 9269,Libros,3183.82,464
1291,Super Zapatos 8646,Belleza,5158.64,69
1292,Super TV 4362,Deportes,8676.01,93
1293,Mega Camiseta 7946,Deportes,79.54,279
1294,Super TV 4975,Belleza,8088.57,440
1295,Pro TV 8603,Ropa,10435.02,130
1296,Lite Mesa 8185,Electrónica,13022.2,52
1297,Mega Camiseta 2467,Libros,2431.14,165
1298,Ultra Laptop 2735,Belleza,3702.66,101
1299,Pro Camiseta 9752,Belleza,12699.63,294
1300,Smart Mochila 6968,Deportes,1122.9,32
1301,Lite TV 4678,Juguetes,5333.71,396
1302,Smart Monitor 1263,Ferretería,2804.79,99
1303,Smart Zapatos 2081,Juguetes,6541.07,474
1304,Max Reloj 2801,Ferretería,2066.36,101
1305,Ultra Monitor 9480,Libros,4342.9,217
1306,Super Monitor 1389,Libros,11234.92,348
1307,Eco TV 8037,Libros,5673.44,495
1308,Super Mochila 7926,Ferretería,6260.94,10
1309,Smart Cámara 1432,Hogar,5628.51,61
1310,Super Laptop 5851,Ferretería,3912.09,290
1311,Pro Silla 1249,Deportes,6498.31,460
1312,Mega Zapatos 3777,Hogar,14666.9,48
1313,Super TV 5915,Electrónica,4653.59,208
1314,Eco Laptop 6117,Alimentos,9518.49,185
1315,Smart Mochila 6667,Libros,11082.56,487
1316,Pro Mochila 3643,Juguetes,13197.09,208
1317,Smart Reloj 3410,Ropa,13477.97,146
1318,Lite Mesa 5727,Hogar,2067.82,37
1319,Pro Silla 5229,Hogar,12813.74,21
1320,Lite Zapatos 4796,Ferretería,14650.71,488
1321,Super Reloj 3065,Ferretería,8599.42,139
1322,Super Silla 8490,Deportes,11939.22,0
1323,Eco Silla 2415,Ropa,7894.12,106
1324,Ultra Mesa 8593,Hogar,1853.42,300
1325,Super Cámara 9885,Hogar,2236.71,295
1326,Ultra Monitor 1029,Deportes,13591.43,43
1327,Smart Cámara 3331,Ferretería,9181.69,224
1328,Mega TV 9588,Deportes,4964.06,388
1329,Max Monitor 9371,Hogar,11917.0,244
1330,Super TV 2283,Deportes,12057.77,99
1331,Mega Mochila 544,Alimentos,3060.26,463
1332,Mega Monitor 523,Hogar,7028.45,369
1333,Mega Monitor 2365,Belleza,9615.76,168
1334,Max TV 9811,Hogar,11666.48,129
1335,Smart Mesa 5805,Belleza,297.27,425
1336,Smart Monitor 511,Juguetes,14421.09,402
1337,Lite Mesa 5946,Libros,9855.91,186
1338,Mega Laptop 9455,Electrónica,3822.28,144
1339,Lite Mesa 2660,Alimentos,14284.39,44
1340,Mega Zapatos 163,Electrónica,12315.03,11
1341,Lite Mesa 8615,Belleza,7928.62,73
1342,Super Zapatos 4982,Alimentos,2505.09,184
1343,Lite TV 2475,Belleza,2546.69,4
1344,Lite Camiseta 7747,Electrónica,6993.55,108
1345,Max Monitor 3777,Juguetes,5396.7,181
1346,Smart Monitor 6243,Hogar,13946.3,200
1347,Max Cámara 5085,Deportes,13197.98,351
1348,Pro Silla 6133,Ropa,445.86,287
1349,Pro Reloj 6683,Alimentos,11790.84,303
1350,Mega Reloj 2443,Deportes,10565.81,384
1351,Max Monitor 1359,Alimentos,12803.41,317
1352,Super Mesa 7916,Juguetes,9503.2,369
1353,Eco Mesa 2309,Libros,9452.51,65
1354,Pro Zapatos 9674,Juguetes,4825.09,337
1355,Ultra TV 5990,Ferretería,14330.49,356
1356,Lite Zapatos 5025,Juguetes,12243.19,135
1357,Super Monitor 4906,Ropa,9187.95,321
1358,Pro Zapatos 9973,Ferretería,7881.7,263
1359,Lite Mochila 4279,Hogar,6944.88,125
1360,Max Monitor 3327,Libros,6491.43,357
1361,Max TV 4356,Ferretería,11606.28,251
1362,Ultra TV 9211,Ferretería,2836.93,167
1363,Mega Cámara 1168,Deportes,3260.93,360
1364,Max Monitor 549,Juguetes,271.54,134
1365,Super Monitor 2262,Electrónica,7141.18,17
1366,Pro Camiseta 9067,Hogar,14045.0,474
1367,Pro Monitor 2413,Libros,14537.48,402
1368,Max TV 2077,Libros,1935.64,367
1369,Max Mesa 8147,Juguetes,4088.61,254
1370,Ultra Mochila 9339,Juguetes,1887.98,143
1371,Lite Mesa 4556,Hogar,3287.82,402
1372,Lite Cámara 3648,Juguetes,3601.53,427
1373,Eco Cámara 6799,Belleza,14154.37,132
1374,Super Cámara 3835,Ropa,11190.96,379
1375,Lite Mochila 9784,Juguetes,3567.75,74
1376,Mega Cámara 7894,Libros,6402.84,456
1377,Max Monitor 4115,Libros,13864.07,304
1378,Mega Mesa 3899,Deportes,12361.43,438
1379,Lite Monitor 8617,Electrónica,2824.33,365
1380,Eco Mochila 7788,Ropa,13094.47,83
1381,Smart Silla 4950,Ropa,14726.31,52
1382,Super Laptop 4310,Belleza,10492.05,188
1383,Pro Monitor 3165,Belleza,3599.24,141
1384,Pro Silla 684,Ferretería,3807.14,434
1385,Eco Mesa 2649,Ropa,6229.89,258
1386,Smart Cámara 8642,Belleza,14979.73,6
1387,Super Mesa 9264,Alimentos,9817.37,34
1388,Pro Monitor 7093,Alimentos,2902.32,261
1389,Eco Laptop 759,Electrónica,13628.19,316
1390,Smart Monitor 6446,Ropa,2407.07,372
1391,Smart Camiseta 788,Alimentos,13982.5,233
1392,Max TV 3263,Ferretería,1080.85,233
1393,Super Silla 8955,Libros,6613.82,54
1394,Super Cámara 3208,Alimentos,7305.31,457
1395,Lite Silla 8549,Alimentos,7060.32,331
1396,Max Camiseta 4733,Belleza,13577.53,315
1397,Ultra Cámara 9991,Alimentos,767.91,420
1398,Smart Mochila 8715,Ferretería,6589.38,337
1399,Super Silla 5357,Alimentos,1848.1,1
1400,Lite Monitor 8462,Deportes,4729.12,443
1401,Super Reloj 2840,Belleza,2796.84,31
1402,Super Cámara 4553,Ferretería,2646.63,227
1403,Smart Laptop 8473,Belleza,13797.54,242
1404,Ultra Monitor 4650,Hogar,8702.13,488
1405,Ultra Silla 8522,Belleza,7014.89,234
1406,Eco Silla 8346,Juguetes,8918.49,57
1407,Ultra Cámara 7881,Hogar,2555.85,208
1408,Pro TV 1146,Hogar,12011.3,46
1409,Ultra Camiseta 5441,Ropa,957.28,374
1410,Smart Monitor 9159,Hogar,2428.66,273
1411,Smart Reloj 6828,Ferretería,1250.97,323
1412,Pro Monitor 4182,Deportes,8562.63,89
1413,Mega Cámara 5928,Libros,2947.06,443
1414,Super Mochila 6424,Electrónica,4229.94,181
1415,Eco Monitor 1852,Electrónica,11301.58,86
1416,Smart Laptop 6430,Deportes,11723.14,114
1417,Super Mochila 1599,Ferretería,1130.05,195
1418,Smart Mochila 664,Belleza,10296.55,214
1419,Super Zapatos 4493,Juguetes,994.43,446
1420,Pro Laptop 8410,Juguetes,11396.95,321
1421,Lite Camiseta 6807,Libros,6810.54,257
1422,Max Silla 5583,Belleza,9044.42,261
1423,Lite Monitor 2366,Libros,5617.23,265
1424,Pro Zapatos 1530,Deportes,11310.4,153
1425,Max Monitor 330,Ropa,12540.14,266
1426,Mega Silla 830,Electrónica,5531.18,82
1427,Lite Mesa 6531,Hogar,11471.81,351
1428,Smart Silla 3013,Alimentos,7156.54,60
1429,Lite Silla 7698,Electrónica,2284.69,346
1430,Smart Laptop 5200,Juguetes,10689.33,66
1431,Eco Mochila 9510,Hogar,4185.4,498
1432,Eco Mesa 212,Deportes,4939.84,61
1433,Super Mochila 9496,Libros,11656.67,423
1434,Smart Mochila 7010,Hogar,1750.28,228
1435,Max Silla 8145,Alimentos,1735.02,289
1436,Pro Zapatos 1169,Belleza,13710.92,489
1437,Eco Mesa 4854,Ropa,13116.44,59
1438,Lite Cámara 3835,Belleza,11124.88,261
1439,Ultra Laptop 3699,Electrónica,14309.48,99
1440,Smart Cámara 9237,Hogar,11852.27,130
1441,Pro Laptop 4593,Ferretería,12595.92,19
1442,Eco Mesa 1072,Ropa,7498.24,260
1443,Max Silla 7576,Alimentos,6246.25,493
1444,Smart Silla 6887,Belleza,1126.67,49
1445,Super Reloj 9912,Belleza,11729.93,87
1446,Pro Reloj 1050,Deportes,2530.54,436
1447,Lite Camiseta 3849,Juguetes,2029.84,81
1448,Eco Camiseta 7078,Hogar,655.96,485
1449,Smart Laptop 8212,Libros,6345.79,235
1450,Eco Silla 3097,Hogar,13970.42,294
1451,Lite Zapatos 9781,Belleza,2863.95,304
1452,Ultra Mesa 3676,Ropa,5381.97,76
1453,Ultra Cámara 8832,Ropa,1384.61,423
1454,Eco TV 3483,Hogar,11546.84,460
1455,Max Zapatos 9752,Ropa,1687.16,364
1456,Eco Camiseta 3663,Hogar,6853.1,198
1457,Smart TV 7374,Juguetes,14506.08,280
1458,Eco Laptop 8424,Alimentos,6940.45,108
1459,Super Monitor 7574,Hogar,3967.75,43
1460,Smart Camiseta 9236,Electrónica,5936.05,1
1461,Pro Zapatos 9321,Juguetes,10650.67,219
1462,Super Cámara 8964,Deportes,3847.82,68
1463,Mega Mesa 4690,Ferretería,5108.77,355
1464,Super TV 5587,Juguetes,13557.2,313
1465,Pro Monitor 8517,Hogar,5568.89,311
1466,Mega Zapatos 7655,Deportes,14618.29,274
1467,Ultra Monitor 5084,Deportes,4765.98,13
1468,Super Laptop 1798,Juguetes,11375.6,166
1469,Super Silla 3687,Hogar,8009.83,397
1470,Super Mochila 5695,Ropa,12396.37,129
1471,Mega Mochila 9127,Alimentos,13572.53,346
1472,Smart Camiseta 294,Deportes,1904.96,186
1473,Lite Silla 5803,Libros,5155.12,156
1474,Super Reloj 7417,Ferretería,13694.55,307
1475,Lite Monitor 6737,Alimentos,7985.06,365
1476,Smart Laptop 4356,Ropa,6454.49,460
1477,Ultra Cámara 6971,Hogar,513.37,282
1478,Ultra Cámara 2824,Belleza,1250.08,206
1479,Max TV 9263,Ropa,10013.07,225
1480,Ultra Camiseta 3484,Libros,4306.98,397
1481,Max TV 5983,Ropa,6224.21,18
1482,Pro Laptop 4202,Hogar,8887.02,128
1483,Eco Mochila 1475,Electrónica,11784.58,136
1484,Smart TV 2619,Juguetes,9299.08,162
1485,Lite Mochila 1983,Ropa,12901.99,220
1486,Ultra Mochila 551,Electrónica,7385.5,117
1487,Mega TV 2322,Belleza,1714.98,440
1488,Smart Camiseta 8143,Electrónica,13868.93,236
1489,Pro Monitor 2058,Juguetes,12356.91,226
1490,Mega Cámara 8163,Alimentos,7304.56,72
1491,Max Cámara 7901,Electrónica,7892.28,456
1492,Smart Monitor 4975,Ropa,8242.05,347
1493,Lite Laptop 7620,Alimentos,8628.64,162
1494,Ultra Mesa 7271,Ferretería,5863.6,201
1495,Smart Laptop 6933,Juguetes,13840.26,120
1496,Lite Silla 2587,Ferretería,3263.35,103
1497,Pro Mesa 9944,Alimentos,4850.46,334
1498,Mega Silla 8595,Ropa,4999.79,137
1499,Pro Mochila 7572,Electrónica,12021.37,38
1500,Lite Mochila 4397,Juguetes,6666.89,408
1501,Eco Monitor 685,Libros,13962.05,161
1502,Pro Monitor 7472,Electrónica,4142.05,67
1503,Eco Mochila 7531,Deportes,13498.13,178
1504,Eco Zapatos 6742,Deportes,5878.03,485
1505,Lite Laptop 7234,Ropa,890.57,495
1506,Smart Camiseta 7024,Alimentos,13954.61,456
1507,Mega TV 9136,Belleza,576.95,244
1508,Lite Mesa 7465,Ropa,9580.37,469
1509,Smart Laptop 4139,Ropa,9254.64,171
1510,Eco Cámara 249,Ropa,5751.7,367
1511,Lite Mesa 2722,Ferretería,9331.57,69
1512,Smart Mesa 6775,Electrónica,14347.23,486
1513,Ultra Reloj 5864,Alimentos,1195.0,247
1514,Super Laptop 6124,Electrónica,1772.63,88
1515,Ultra Laptop 869,Alimentos,7631.03,124
1516,Pro Monitor 7897,Libros,7870.97,49
1517,Lite TV 908,Hogar,13323.24,338
1518,Super Laptop 873,Ropa,4879.9,267
1519,Pro Monitor 7069,Juguetes,14316.06,490
1520,Smart Monitor 6020,Deportes,2025.4,324
1521,Lite Zapatos 2853,Ferretería,12482.64,198
1522,Max Mochila 9104,Belleza,8867.28,382
1523,Max Zapatos 9595,Juguetes,8756.21,87
1524,Ultra Cámara 9925,Alimentos,10285.31,84
1525,Pro Monitor 7512,Hogar,3495.92,184
1526,Smart Cámara 6739,Deportes,1158.02,173
1527,Pro Mesa 4138,Ferretería,6982.38,399
1528,Eco Cámara 9429,Libros,3899.75,88
1529,Super Zapatos 2794,Deportes,9357.18,248
1530,Mega Mesa 4817,Hogar,8713.61,38
1531,Lite Zapatos 9468,Belleza,5289.6,167
1532,Eco TV 8780,Deportes,5777.78,296
1533,Super Cámara 5566,Ferretería,10051.81,470
1534,Lite Cámara 7476,Deportes,7778.19,111
1535,Pro Camiseta 7049,Electrónica,5017.54,446
1536,Pro Reloj 4240,Hogar,11918.2,33
1537,Max Cámara 7974,Electrónica,4303.3,284
1538,Lite Zapatos 5475,Belleza,12198.29,364
1539,Lite Monitor 7098,Libros,4251.48,328
1540,Pro Silla 3620,Ropa,8666.61,206
1541,Smart Mochila 7916,Ropa,14130.87,125
1542,Ultra Silla 2396,Electrónica,9238.22,497
1543,Super Reloj 3664,Libros,2339.61,280
1544,Ultra Mochila 4211,Ferretería,10043.38,432
1545,Max Reloj 3407,Belleza,10312.45,273
1546,Lite Mochila 9101,Hogar,922.12,296
1547,Ultra Laptop 5687,Juguetes,7738.58,272
1548,Super Zapatos 6980,Electrónica,616.91,65
1549,Lite Laptop 2349,Juguetes,6192.71,160
1550,Eco Reloj 6136,Libros,7146.3,10
1551,Smart Cámara 7741,Hogar,11858.06,367
1552,Ultra Reloj 1493,Ropa,13090.92,490
1553,Ultra Zapatos 6690,Belleza,12154.3,415
1554,Super Laptop 765,Hogar,916.15,263
1555,Eco Camiseta 397,Electrónica,4225.44,271
1556,Smart Mesa 5321,Ropa,7723.44,417
1557,Mega Laptop 7431,Hogar,14530.03,106
1558,Max Mochila 6273,Alimentos,411.79,217
1559,Mega Zapatos 4260,Libros,6750.4,313
1560,Lite Laptop 1367,Alimentos,5274.32,217
1561,Pro Silla 7362,Libros,9268.77,394
1562,Ultra Reloj 6707,Alimentos,7438.94,331
1563,Pro Silla 7660,Libros,369.59,499
1564,Lite Camiseta 4199,Electrónica,1106.93,370
1565,Ultra Zapatos 1418,Belleza,4093.44,142
1566,Lite Camiseta 4688,Deportes,2063.88,193
1567,Mega Camiseta 1473,Juguetes,1314.64,229
1568,Lite Camiseta 2683,Deportes,11016.22,433
1569,Mega Monitor 3593,Ferretería,8740.56,8
1570,Lite Reloj 5545,Ropa,14111.73,397
1571,Ultra Monitor 6915,Alimentos,8437.01,272
1572,Lite Monitor 7625,Deportes,10184.27,281
1573,Pro Reloj 3233,Hogar,10898.13,464
1574,Pro Cámara 4000,Ropa,2776.31,78
1575,Pro Reloj 970,Ferretería,14535.09,450
1576,Super Monitor 7011,Belleza,1469.72,120
1577,Eco Zapatos 877,Ferretería,14050.13,64
1578,Mega TV 2543,Hogar,4435.45,475
1579,Pro TV 9925,Belleza,13893.36,450
1580,Mega Zapatos 7237,Alimentos,14499.4,124
1581,Pro Cámara 4572,Libros,5159.79,180
1582,Mega Zapatos 9228,Deportes,10134.88,193
1583,Eco Camiseta 9326,Belleza,1168.24,76
1584,Super Cámara 1386,Hogar,9257.07,438
1585,Pro Laptop 8255,Juguetes,5909.86,112
1586,Smart Mochila 6744,Deportes,2189.84,153
1587,Smart TV 379,Juguetes,3174.69,386
1588,Mega Laptop 6174,Belleza,13972.96,173
1589,Lite Camiseta 9914,Deportes,10660.2,439
1590,Max TV 2876,Hogar,1764.57,263
1591,Mega Cámara 9546,Hogar,8065.66,32
1592,Lite Laptop 9707,Ferretería,758.57,383
1593,Super Silla 2901,Belleza,6907.31,339
1594,Mega Mesa 8583,Juguetes,7537.4,326
1595,Mega Laptop 8720,Belleza,10502.29,328
1596,Max Silla 3050,Ropa,8559.73,81
1597,Eco Camiseta 7097,Juguetes,4886.41,345
1598,Mega TV 7811,Belleza,9510.01,38
1599,Super Zapatos 1414,Ferretería,11821.31,229
1600,Pro Camiseta 1966,Hogar,12444.33,320
1601,Eco TV 7656,Alimentos,6201.59,370
1602,Smart Silla 9629,Electrónica,14067.22,253
1603,Eco Camiseta 7716,Ferretería,2800.69,279
1604,Max Monitor 1164,Electrónica,14027.53,382
1605,Smart Reloj 6378,Electrónica,14140.49,75
1606,Ultra Silla 1443,Ropa,8416.55,304
1607,Eco Silla 4622,Belleza,9118.18,359
1608,Ultra Reloj 9091,Deportes,3045.51,84
1609,Mega Silla 1129,Hogar,1283.87,335
1610,Ultra Silla 2994,Deportes,570.2,235
1611,Ultra Reloj 7507,Juguetes,13219.25,142
1612,Ultra Cámara 1707,Electrónica,14860.96,466
1613,Lite TV 6961,Ferretería,11508.47,305
1614,Pro Reloj 7476,Juguetes,4702.43,3
1615,Super Monitor 4215,Electrónica,294.88,281
1616,Eco Silla 6903,Alimentos,13096.32,425
1617,Lite Mochila 4825,Deportes,123.21,459
1618,Super Mesa 3873,Hogar,5533.94,115
1619,Ultra Mochila 1807,Ferretería,10122.67,244
1620,Lite Silla 884,Libros,10911.82,463
1621,Pro TV 6787,Ropa,11676.45,246
1622,Lite Camiseta 3255,Alimentos,1675.61,276
1623,Pro Reloj 6655,Deportes,9890.14,440
1624,Pro Reloj 3141,Ropa,9739.15,293
1625,Mega Camiseta 3971,Electrónica,14874.08,24
1626,Eco Camiseta 8732,Ropa,14843.37,277
1627,Mega Monitor 7921,Juguetes,13957.59,1
1628,Lite TV 7140,Ropa,146.05,333
1629,Super Monitor 8750,Ferretería,8392.46,353
1630,Pro Mesa 7636,Belleza,5178.84,386
1631,Eco Mochila 3001,Alimentos,11570.28,345
1632,Max Monitor 348,Deportes,6317.45,459
1633,Super Mochila 5962,Ropa,508.72,232
1634,Smart Mesa 6028,Alimentos,10010.21,165
1635,Mega Cámara 9591,Belleza,14472.73,369
1636,Pro Camiseta 3237,Libros,12745.21,33
1637,Pro Cámara 5392,Electrónica,6941.98,382
1638,Max Zapatos 3701,Libros,12123.79,442
1639,Smart Cámara 5295,Belleza,11283.3,306
1640,Max Reloj 7958,Deportes,6797.88,294
1641,Super Cámara 9335,Ropa,6493.07,35
1642,Mega Mochila 9992,Electrónica,3489.86,403
1643,Max Zapatos 6826,Alimentos,159.22,335
1644,Super Laptop 6914,Juguetes,4801.03,497
1645,Super TV 4876,Deportes,14184.78,343
1646,Max Camiseta 2026,Ferretería,11032.01,481
1647,Lite Mesa 4764,Hogar,6863.59,108
1648,Eco Mesa 5071,Ferretería,5938.27,338
1649,Pro Reloj 9714,Hogar,7511.64,362
1650,Mega Laptop 256,Libros,8358.92,37
1651,Ultra Camiseta 6639,Juguetes,1287.7,245
1652,Max Reloj 6262,Libros,14878.27,395
1653,Mega Mesa 7640,Libros,2691.6,416
1654,Eco Laptop 924,Libros,11182.24,219
1655,Eco Laptop 2138,Libros,6919.07,127
1656,Lite Camiseta 3542,Libros,10671.57,57
1657,Smart Zapatos 3600,Alimentos,4682.26,343
1658,Max Laptop 6957,Hogar,14674.14,18
1659,Ultra Silla 7087,Ropa,10551.04,423
1660,Smart Laptop 2767,Alimentos,13040.33,97
1661,Ultra Mochila 5188,Hogar,14445.14,179
1662,Mega Reloj 7904,Ferretería,11218.31,23
1663,Smart Mochila 9159,Electrónica,3430.77,346
1664,Smart Camiseta 8787,Libros,7059.6,58
1665,Mega Laptop 2244,Juguetes,3337.41,281
1666,Lite Monitor 8087,Ferretería,7743.03,258
1667,Pro Camiseta 4615,Ropa,3290.31,404
1668,Max Cámara 8257,Belleza,13303.07,410
1669,Ultra TV 2903,Belleza,4436.91,487
1670,Pro Mochila 9992,Juguetes,11095.22,463
1671,Smart Camiseta 3742,Ropa,5540.66,450
1672,Pro TV 1987,Juguetes,14183.12,247
1673,Lite Mochila 5378,Electrónica,3249.65,377
1674,Eco TV 2129,Ropa,5781.81,127
1675,Ultra Laptop 3754,Belleza,8696.31,369
1676,Pro Zapatos 1819,Electrónica,6584.95,283
1677,Super Mesa 8597,Electrónica,3092.7,196
1678,Pro Monitor 6911,Alimentos,4762.13,309
1679,Ultra Camiseta 407,Juguetes,12408.1,89
1680,Pro Mochila 5987,Deportes,10884.41,193
1681,Max Zapatos 9821,Deportes,8038.71,420
1682,Super Mesa 149,Alimentos,5351.57,204
1683,Lite Zapatos 5746,Alimentos,1073.75,122
1684,Eco Silla 7793,Alimentos,9554.12,152
1685,Smart Cámara 4530,Libros,7281.56,267
1686,Max Mochila 6907,Deportes,10077.49,252
1687,Smart TV 5797,Juguetes,4126.17,399
1688,Mega Mesa 1627,Juguetes,121.78,257
1689,Smart TV 3559,Belleza,11168.17,259
1690,Smart Mesa 5848,Deportes,11478.46,126
1691,Smart Mochila 556,Electrónica,7888.62,315
1692,Ultra Monitor 182,Deportes,2623.18,492
1693,Eco Mesa 8030,Belleza,1088.13,404
1694,Eco Camiseta 3001,Ropa,1308.66,62
1695,Smart Mesa 3301,Juguetes,10975.89,149
1696,Eco Monitor 7701,Deportes,3165.6,350
1697,Super Reloj 7673,Electrónica,306.55,243
1698,Lite Cámara 4342,Ferretería,5403.95,339
1699,Lite Zapatos 5875,Electrónica,799.74,440
1700,Smart Laptop 5324,Deportes,3482.09,5
1701,Smart Monitor 2332,Deportes,3432.65,372
1702,Lite Monitor 5828,Juguetes,13926.46,160
1703,Smart Zapatos 4151,Libros,3846.97,366
1704,Lite Silla 6453,Ferretería,9522.34,474
1705,Eco Silla 8835,Juguetes,14263.3,13
1706,Mega Laptop 5979,Ropa,2437.76,493
1707,Pro Cámara 8976,Libros,5351.02,491
1708,Lite Camiseta 6855,Deportes,6871.32,353
1709,Super Mesa 8264,Belleza,3254.48,430
1710,Super Mesa 1531,Alimentos,4481.77,23
1711,Super Reloj 4529,Deportes,1746.29,454
1712,Lite Camiseta 6909,Belleza,7764.88,322
1713,Eco Mochila 6057,Ferretería,13331.49,82
1714,Eco Silla 903,Ferretería,13402.39,384
1715,Max Laptop 9371,Hogar,9028.2,222
1716,Pro Mochila 1082,Libros,12216.39,105
1717,Smart Silla 5155,Ferretería,6709.19,241
1718,Mega Laptop 5787,Belleza,8290.52,381
1719,Ultra Laptop 4302,Alimentos,14692.42,483
1720,Eco Zapatos 2077,Ferretería,12579.82,57
1721,Eco Mochila 1235,Belleza,9895.06,204
1722,Pro Monitor 4965,Electrónica,7907.56,424
1723,Smart TV 4799,Deportes,8370.79,144
1724,Lite Silla 5047,Hogar,1439.79,241
1725,Super Silla 5843,Hogar,2166.95,354
1726,Ultra Silla 7686,Libros,5736.62,484
1727,Mega Laptop 3611,Alimentos,10898.04,342
1728,Lite Laptop 6651,Electrónica,3763.07,31
1729,Max Cámara 9242,Juguetes,13625.52,343
1730,Ultra Laptop 1946,Hogar,1184.35,77
1731,Smart Mochila 1081,Ropa,6726.99,74
1732,Eco Zapatos 3998,Hogar,13710.56,19
1733,Eco Mochila 3134,Deportes,476.2,328
1734,Smart Zapatos 9149,Alimentos,852.98,269
1735,Max Mochila 3823,Juguetes,4558.9,203
1736,Lite Laptop 6797,Alimentos,2548.36,205
1737,Mega Zapatos 4082,Hogar,1545.11,443
1738,Smart Mesa 7456,Libros,13619.96,142
1739,Mega Reloj 1604,Juguetes,7424.51,472
1740,Smart Laptop 8121,Deportes,13395.23,186
1741,Lite Mesa 5303,Ropa,7987.22,263
1742,Lite Mesa 7718,Ropa,7054.79,369
1743,Mega Zapatos 7521,Electrónica,7032.74,135
1744,Mega Mesa 3413,Libros,3895.46,59
1745,Smart Reloj 4581,Juguetes,11229.54,455
1746,Super Silla 6096,Ropa,7317.11,128
1747,Ultra Zapatos 5982,Electrónica,1560.16,441
1748,Smart Zapatos 6247,Deportes,14236.14,379
1749,Eco Cámara 166,Ferretería,13169.76,452
1750,Max Monitor 8781,Hogar,14582.71,194
1751,Mega Reloj 7007,Electrónica,14632.19,153
1752,Smart Reloj 5888,Ropa,6097.16,96
1753,Eco Cámara 7112,Ferretería,4326.7,400
1754,Ultra Silla 8566,Ropa,3826.23,100
1755,Lite Zapatos 6022,Belleza,8749.1,118
1756,Lite Silla 4129,Alimentos,11806.04,242
1757,Ultra Silla 3254,Juguetes,11325.42,458
1758,Ultra Zapatos 9095,Hogar,9471.75,448
1759,Super Silla 7157,Libros,4055.52,268
1760,Lite Silla 9253,Electrónica,9270.97,39
1761,Smart Mesa 3001,Libros,11991.29,348
1762,Smart Mochila 8238,Libros,10442.12,249
1763,Smart TV 1342,Ropa,14951.72,147
1764,Smart Silla 2912,Libros,8049.39,394
1765,Smart Zapatos 805,Alimentos,11081.87,462
1766,Super Laptop 4260,Hogar,10826.34,336
1767,Mega Laptop 6714,Belleza,5103.5,372
1768,Mega Mesa 2940,Ropa,4671.59,489
1769,Max Laptop 9194,Alimentos,12933.87,108
1770,Eco Monitor 5695,Libros,6884.96,263
1771,Smart Zapatos 4207,Deportes,13215.38,214
1772,Super Cámara 3171,Deportes,14884.63,262
1773,Lite Reloj 2090,Hogar,12365.59,388
1774,Max Cámara 9049,Alimentos,4598.87,388
1775,Ultra Mesa 3268,Electrónica,2385.0,234
1776,Mega Cámara 8965,Ropa,8635.42,287
1777,Lite Reloj 828,Juguetes,9598.3,452
1778,Smart Mesa 1200,Ropa,13994.04,124
1779,Lite Mesa 5119,Belleza,12784.8,74
1780,Super Silla 8633,Hogar,2991.42,486
1781,Max TV 3063,Electrónica,8286.39,338
1782,Smart Monitor 4343,Juguetes,3077.33,62
1783,Mega Mesa 8419,Belleza,5003.62,493
1784,Max Monitor 5831,Ropa,7185.3,63
1785,Ultra Mochila 5310,Libros,8884.62,183
1786,Eco Monitor 4712,Electrónica,2480.36,437
1787,Max Mochila 3411,Juguetes,11187.09,96
1788,Lite Cámara 8579,Hogar,5592.66,39
1789,Super Silla 9612,Deportes,12463.16,26
1790,Smart Mochila 5819,Juguetes,1588.27,161
1791,Smart Camiseta 9080,Electrónica,10705.19,295
1792,Mega Cámara 4246,Alimentos,4146.18,8
1793,Ultra Mochila 5146,Ferretería,758.25,280
1794,Pro Monitor 3391,Libros,11537.5,333
1795,Smart Monitor 5940,Deportes,6348.98,417
1796,Super Cámara 3802,Deportes,7652.29,101
1797,Eco Monitor 4455,Alimentos,13085.69,86
1798,Max Reloj 2507,Juguetes,4688.36,28
1799,Smart Zapatos 3283,Deportes,3066.51,258
1800,Eco Laptop 942,Alimentos,7191.71,132
1801,Ultra Reloj 8235,Belleza,14262.02,380
1802,Eco TV 2980,Ferretería,707.51,1
1803,Lite Camiseta 6471,Ferretería,13277.66,253
1804,Mega Silla 9639,Alimentos,2293.12,303
1805,Mega TV 8951,Ferretería,11840.06,140
1806,Pro Monitor 6001,Deportes,13356.22,440
1807,Lite Camiseta 9207,Juguetes,84.01,45
1808,Lite Laptop 7853,Alimentos,3345.66,303
1809,Eco Mochila 6874,Alimentos,4596.17,101
1810,Smart Mochila 6022,Alimentos,12139.29,25
1811,Lite Silla 3867,Alimentos,13644.52,268
1812,Max Camiseta 8345,Belleza,4981.32,444
1813,Eco Camiseta 4487,Ropa,2129.26,113
1814,Lite Laptop 7061,Ropa,12906.25,28
1815,Smart Laptop 660,Ferretería,9831.23,86
1816,Lite Mesa 4781,Electrónica,10492.88,44
1817,Pro TV 3654,Deportes,6417.54,63
1818,Max Laptop 1268,Deportes,8778.92,315
1819,Smart Reloj 8958,Ferretería,4929.85,169
1820,Super Cámara 859,Deportes,14179.39,112
1821,Max Monitor 7045,Libros,3019.1,237
1822,Ultra Reloj 3014,Ropa,14319.36,41
1823,Eco Mesa 8381,Hogar,10318.97,155
1824,Ultra Silla 3962,Ferretería,5986.38,287
1825,Super TV 9639,Hogar,10326.26,401
1826,Mega Reloj 8888,Ropa,10716.64,401
1827,Mega Laptop 1636,Hogar,4161.63,165
1828,Pro Mesa 6352,Belleza,7166.62,340
1829,Max Silla 6528,Belleza,12260.03,303
1830,Smart Laptop 8767,Deportes,14308.75,110
1831,Pro Mochila 888,Electrónica,2242.17,416
1832,Super Laptop 6295,Deportes,3751.43,210
1833,Super TV 3394,Libros,9878.1,54
1834,Lite Laptop 9076,Belleza,4315.55,159
1835,Ultra TV 9582,Ferretería,3625.8,98
1836,Eco Camiseta 2286,Libros,10647.91,66
1837,Ultra Reloj 3588,Ropa,5093.96,422
1838,Lite Mochila 8031,Juguetes,1322.89,294
1839,Super Camiseta 3684,Ferretería,3676.75,181
1840,Pro Silla 9289,Hogar,2545.43,231
1841,Pro Mesa 1492,Libros,4239.25,91
1842,Ultra Reloj 5623,Electrónica,14811.52,216
1843,Super Mochila 7021,Hogar,5470.78,226
1844,Super Camiseta 9027,Libros,13083.72,71
1845,Max Mesa 3768,Juguetes,10631.92,249
1846,Smart Laptop 665,Ropa,7646.34,1
1847,Max Zapatos 7015,Electrónica,1557.61,446
1848,Pro TV 8179,Electrónica,3926.67,91
1849,Pro Mochila 7766,Ropa,9790.48,61
1850,Ultra Camiseta 8564,Alimentos,8772.08,467
1851,Max Cámara 7723,Hogar,9573.13,45
1852,Pro Cámara 500,Ferretería,903.09,319
1853,Max Laptop 1242,Electrónica,13661.79,382
1854,Ultra TV 8702,Deportes,3199.84,43
1855,Smart Laptop 1156,Deportes,1912.66,19
1856,Ultra Reloj 8574,Hogar,8457.8,292
1857,Mega Monitor 4845,Ferretería,2733.68,112
1858,Smart Cámara 322,Electrónica,5683.84,343
1859,Max Zapatos 5026,Alimentos,4146.07,12
1860,Mega Laptop 1090,Ropa,7638.46,411
1861,Max Mochila 3204,Electrónica,9235.35,155
1862,Super Zapatos 7700,Electrónica,14159.6,461
1863,Lite Monitor 5007,Alimentos,8113.06,221
1864,Max Silla 4091,Hogar,6574.05,134
1865,Mega Mesa 7079,Libros,533.57,418
1866,Ultra Camiseta 8431,Hogar,3385.51,128
1867,Smart Monitor 3707,Juguetes,7378.95,323
1868,Max Camiseta 7332,Juguetes,1149.9,311
1869,Max Cámara 5147,Ferretería,11073.06,221
1870,Pro TV 720,Alimentos,10388.11,75
1871,Smart Mesa 508,Alimentos,7006.1,234
1872,Max Mochila 7580,Ferretería,3812.53,348
1873,Max Mochila 6390,Libros,7457.46,59
1874,Lite TV 8986,Libros,6478.08,49
1875,Mega Zapatos 9976,Juguetes,9022.3,342
1876,Eco TV 5466,Juguetes,3621.61,71
1877,Pro Cámara 7222,Libros,4455.61,41
1878,Ultra Mochila 1825,Juguetes,1042.01,240
1879,Super Camiseta 8666,Electrónica,4167.89,385
1880,Lite Zapatos 7506,Belleza,12800.43,395
1881,Lite Mochila 3358,Ferretería,13900.63,250
1882,Pro Reloj 2081,Ropa,3801.47,132
1883,Smart Monitor 6849,Libros,9342.41,81
1884,Super Silla 9707,Juguetes,14338.45,476
1885,Eco Cámara 1459,Juguetes,14778.56,312
1886,Ultra Cámara 3767,Libros,4666.73,392
1887,Lite Mochila 5043,Libros,2640.16,165
1888,Super Reloj 465,Libros,8107.96,268
1889,Eco Monitor 6400,Ferretería,11479.93,449
1890,Ultra Camiseta 8874,Hogar,4176.7,461
1891,Lite Reloj 8257,Juguetes,12444.9,306
1892,Eco Camiseta 207,Juguetes,10078.76,221
1893,Eco Zapatos 6258,Electrónica,8742.91,143
1894,Super Mochila 622,Deportes,14563.56,27
1895,Smart Camiseta 8443,Ferretería,1584.78,193
1896,Lite Mesa 4749,Deportes,12152.6,186
1897,Smart Camiseta 1684,Hogar,8372.81,233
1898,Ultra Silla 2965,Electrónica,3093.14,466
1899,Eco Camiseta 8437,Belleza,12938.95,169
1900,Smart Mochila 3632,Hogar,2307.99,231
1901,Mega Mochila 7094,Hogar,9795.79,320
1902,Max TV 9409,Hogar,4018.11,253
1903,Max Reloj 3694,Alimentos,12145.89,202
1904,Smart Monitor 430,Libros,9441.09,150
1905,Ultra TV 6299,Belleza,3859.94,159
1906,Ultra Reloj 2091,Belleza,6542.18,307
1907,Smart Zapatos 7524,Juguetes,1572.58,314
1908,Super Mesa 3332,Libros,8970.0,199
1909,Max Silla 6305,Ropa,2898.67,492
1910,Mega Laptop 2477,Hogar,5729.08,292
1911,Eco Laptop 117,Electrónica,9539.01,11
1912,Lite Reloj 4484,Ferretería,6504.51,22
1913,Eco Zapatos 2662,Ferretería,3910.59,43
1914,Super Monitor 1452,Belleza,3531.03,499
1915,Eco Mesa 7626,Hogar,5675.02,416
1916,Smart Silla 5983,Belleza,2192.51,137
1917,Ultra Reloj 4286,Libros,10307.1,380
1918,Pro Silla 6492,Belleza,7202.53,258
1919,Max Reloj 5885,Alimentos,11834.83,493
1920,Pro Monitor 5356,Ferretería,7279.72,177
1921,Mega Mesa 5788,Deportes,8924.55,118
1922,Max Silla 4852,Alimentos,13099.82,39
1923,Ultra Mesa 4217,Electrónica,921.83,143
1924,Mega Monitor 2567,Alimentos,6839.48,122
1925,Eco Monitor 4228,Libros,3324.93,216
1926,Super Monitor 3281,Alimentos,12449.76,325
1927,Eco Camiseta 1541,Libros,13162.29,243
1928,Mega Laptop 9989,Libros,3852.42,439
1929,Smart Camiseta 9885,Belleza,13318.13,442
1930,Eco TV 158,Deportes,7018.57,55
1931,Eco Cámara 6885,Ropa,829.19,258
1932,Lite Zapatos 1611,Electrónica,2611.77,489
1933,Pro Mochila 4139,Electrónica,14400.69,364
1934,Lite Mochila 1788,Ferretería,14829.6,258
1935,Eco Monitor 9273,Juguetes,1833.39,76
1936,Ultra Cámara 5894,Ropa,1339.44,47
1937,Max TV 6806,Belleza,10375.56,268
1938,Ultra Silla 4952,Alimentos,13020.8,420
1939,Max Cámara 1714,Hogar,11919.4,424
1940,Eco Zapatos 7091,Libros,12544.24,475
1941,Super Reloj 7167,Juguetes,14414.89,249
1942,Smart Camiseta 9575,Belleza,278.72,124
1943,Super Mesa 4054,Libros,7193.69,197
1944,Ultra Mesa 4413,Alimentos,10076.73,374
1945,Lite Silla 8904,Ferretería,9561.98,18
1946,Super Zapatos 1881,Ropa,7297.98,3
1947,Pro Cámara 5160,Juguetes,12145.38,20
1948,Mega Mesa 5848,Ropa,7698.59,187
1949,Smart Cámara 6989,Electrónica,13906.35,329
1950,Lite Cámara 1749,Ropa,2933.89,259
1951,Lite Silla 5901,Juguetes,11490.71,338
1952,Eco Camiseta 4096,Ropa,9827.91,126
1953,Eco Mochila 8122,Alimentos,8946.4,124
1954,Eco Cámara 2334,Libros,7805.98,91
1955,Pro Laptop 8524,Deportes,8097.75,264
1956,Super Zapatos 2603,Ferretería,7213.92,2
1957,Smart Cámara 842,Ferretería,5590.24,91
1958,Smart Mesa 5436,Ropa,4716.0,214
1959,Pro Laptop 4426,Hogar,10489.13,144
1960,Super Monitor 2155,Electrónica,10104.93,178
1961,Pro Zapatos 9421,Deportes,10926.15,494
1962,Mega Reloj 3454,Deportes,13709.31,47
1963,Lite Reloj 7339,Electrónica,8270.62,431
1964,Max Silla 995,Electrónica,5148.01,161
1965,Super Mochila 4413,Belleza,12532.5,52
1966,Max Reloj 5937,Alimentos,8144.44,240
1967,Lite Zapatos 1070,Hogar,5257.29,320
1968,Smart Zapatos 6058,Belleza,661.88,197
1969,Lite Mochila 7166,Alimentos,3639.13,222
1970,Max Reloj 8913,Deportes,13084.2,143
1971,Ultra Camiseta 9879,Alimentos,614.09,434
1972,Ultra Mesa 6768,Hogar,2946.58,393
1973,Smart Laptop 2436,Deportes,1878.51,209
1974,Ultra Mochila 3242,Ropa,13814.87,355
1975,Mega Laptop 8722,Libros,11617.73,152
1976,Super Monitor 2442,Ferretería,9067.18,130
1977,Lite Mochila 2519,Ferretería,11247.03,250
1978,Lite Silla 5585,Ropa,13885.28,323
1979,Ultra Laptop 3324,Deportes,12525.4,495
1980,Max TV 4202,Belleza,743.2,106
1981,Eco Silla 8917,Alimentos,12658.22,112
1982,Mega Zapatos 1818,Juguetes,2379.55,452
1983,Pro Mochila 7090,Hogar,2936.85,285
1984,Mega Mesa 2051,Deportes,1188.65,376
1985,Lite Mesa 6254,Belleza,2531.22,312
1986,Eco Silla 4947,Belleza,10541.13,428
1987,Max Zapatos 1264,Libros,8147.83,105
1988,Super Reloj 6360,Hogar,14371.37,300
1989,Super Reloj 2243,Hogar,2138.76,131
1990,Max Reloj 7169,Alimentos,2692.23,69
1991,Max TV 7540,Ropa,13479.05,285
1992,Mega Silla 7655,Ferretería,1172.96,106
1993,Eco Cámara 3654,Belleza,5741.76,429
1994,Smart TV 9009,Hogar,5962.68,470
1995,Eco Monitor 5847,Alimentos,5856.81,474
1996,Eco Camiseta 8611,Electrónica,14077.34,262
1997,Mega Zapatos 1876,Juguetes,13576.4,369
1998,Ultra Cámara 8499,Libros,14514.54,207
1999,Mega Reloj 6364,Ferretería,11591.78,250
2000,Lite Monitor 3265,Ropa,5520.63,227
2001,Max Laptop 5345,Electrónica,224.4,30
2002,Super Monitor 4496,Ropa,2655.92,276
2003,Pro Mesa 1604,Deportes,14322.55,135
2004,Eco Laptop 6570,Juguetes,6352.89,209
2005,Max Laptop 7832,Deportes,4125.57,322
2006,Ultra Reloj 7230,Ferretería,12075.5,333
2007,Super Reloj 6794,Ropa,11117.18,296
2008,Max Silla 3501,Ropa,11945.38,282
2009,Mega Reloj 2723,Juguetes,1250.32,20
2010,Smart Camiseta 1095,Alimentos,8188.4,348
2011,Super Camiseta 6506,Deportes,9834.52,407
2012,Max Zapatos 6277,Ropa,13305.23,215
2013,Lite Zapatos 5363,Juguetes,1696.07,313
2014,Ultra Reloj 1685,Juguetes,12612.76,494
2015,Max Cámara 8549,Ropa,3571.09,61
2016,Pro Laptop 7994,Electrónica,1664.08,17
2017,Max Camiseta 9843,Deportes,5374.91,420
2018,Pro Camiseta 3009,Deportes,7599.74,411
2019,Mega Mesa 8068,Electrónica,949.25,166
2020,Max Monitor 3353,Alimentos,224.77,11
2021,Max Laptop 463,Ropa,5842.06,285
2022,Super TV 1101,Belleza,4788.75,128
2023,Mega Cámara 2625,Ropa,1691.7,247
2024,Ultra Cámara 9228,Libros,325.94,113
2025,Mega Zapatos 2679,Belleza,10195.14,450
2026,Max Laptop 5048,Libros,9516.13,197
2027,Super Reloj 6156,Deportes,6749.5,6
2028,Max Cámara 7624,Deportes,4948.95,7
2029,Ultra Monitor 2007,Hogar,1143.3,380
2030,Lite Camiseta 5612,Hogar,12105.34,371
2031,Super Laptop 445,Libros,11286.37,36
2032,Smart Zapatos 4722,Deportes,8452.33,199
2033,Mega Reloj 2591,Ferretería,14013.16,267
2034,Ultra Monitor 4675,Electrónica,11957.07,71
2035,Pro Reloj 9651,Ferretería,8072.7,215
2036,Max Monitor 4582,Electrónica,6182.07,380
2037,Max Camiseta 7541,Deportes,3540.68,218
2038,Lite Camiseta 1136,Ropa,9914.39,435
2039,Mega Reloj 2432,Belleza,5835.91,360
2040,Max Reloj 6009,Belleza,5099.81,279
2041,Smart Mochila 827,Alimentos,7331.82,307
2042,Lite Mochila 7513,Hogar,2910.43,404
2043,Lite Reloj 9834,Alimentos,3881.55,80
2044,Max Silla 2594,Belleza,9820.08,480
2045,Super Mesa 2869,Deportes,10031.77,402
2046,Lite Silla 908,Electrónica,10267.83,199
2047,Max Mesa 4645,Electrónica,6108.25,117
2048,Ultra Mesa 4870,Alimentos,14335.56,122
2049,Eco Mesa 4780,Electrónica,5703.84,416
2050,Max Reloj 8802,Ferretería,13712.07,201
2051,Ultra Camiseta 2685,Hogar,56.05,306
2052,Pro Silla 6342,Ferretería,128.52,432
2053,Smart Zapatos 2330,Hogar,1383.56,68
2054,Smart TV 4198,Belleza,822.31,144
2055,Eco Laptop 5067,Juguetes,4790.88,293
2056,Pro Reloj 4906,Deportes,1223.91,441
2057,Mega Cámara 7385,Ferretería,1529.79,444
2058,Super Zapatos 6454,Ferretería,2764.36,401
2059,Lite Laptop 1080,Libros,5739.99,277
2060,Ultra Reloj 2218,Juguetes,12146.69,453
2061,Max Laptop 8279,Libros,1865.25,455
2062,Smart Camiseta 9578,Belleza,12215.34,307
2063,Pro Mesa 1801,Alimentos,542.68,254
2064,Smart Zapatos 6573,Deportes,14378.46,463
2065,Lite Reloj 7306,Ferretería,1436.19,370
2066,Smart Reloj 9476,Belleza,6968.68,364
2067,Smart Mochila 7080,Alimentos,13918.36,466
2068,Ultra Mesa 5050,Juguetes,1215.71,93
2069,Smart Mochila 902,Ropa,1291.37,414
2070,Super Mochila 9543,Hogar,13282.07,336
2071,Super Laptop 9873,Deportes,9051.9,286
2072,Mega Reloj 166,Libros,9259.35,88
2073,Max Mesa 8892,Alimentos,10367.14,395
2074,Pro Reloj 7439,Electrónica,12667.05,200
2075,Lite Monitor 369,Deportes,4443.32,119
2076,Pro Mesa 311,Deportes,6613.54,426
2077,Smart Laptop 9695,Ferretería,11753.7,325
2078,Mega Mochila 319,Juguetes,1070.52,113
2079,Lite Camiseta 5535,Ferretería,11892.27,338
2080,Smart Mesa 9333,Ropa,6616.78,186
2081,Ultra Cámara 5756,Juguetes,5959.22,419
2082,Smart Zapatos 5329,Ferretería,11675.83,379
2083,Mega Mochila 8920,Juguetes,8083.07,446
2084,Eco Zapatos 412,Ropa,13305.57,452
2085,Ultra Mesa 3695,Deportes,11310.87,263
2086,Ultra Laptop 204,Ropa,6993.55,14
2087,Mega Reloj 3269,Ropa,2784.03,97
2088,Smart Mochila 3274,Alimentos,13002.24,448
2089,Lite Laptop 1009,Belleza,5340.52,14
2090,Super Cámara 3785,Ropa,8159.92,161
2091,Eco Laptop 7540,Belleza,8710.49,291
2092,Mega TV 8995,Ferretería,7360.04,83
2093,Super Laptop 1936,Libros,10344.21,392
2094,Eco Silla 3878,Ropa,12147.48,230
2095,Smart Silla 8628,Ferretería,4315.58,53
2096,Eco Cámara 7599,Juguetes,7236.31,14
2097,Ultra Reloj 2289,Belleza,11043.76,348
2098,Smart Zapatos 6470,Hogar,5990.02,180
2099,Lite Mochila 4278,Electrónica,4664.37,474
2100,Eco TV 9774,Libros,864.83,207
2101,Max Monitor 8531,Electrónica,1866.63,73
2102,Pro Mesa 3857,Electrónica,2911.91,69
2103,Eco Zapatos 4954,Deportes,122.16,431
2104,Mega Reloj 4912,Deportes,13914.56,457
2105,Eco Monitor 2432,Juguetes,3649.29,88
2106,Smart Mochila 3048,Juguetes,7275.0,160
2107,Lite Camiseta 4961,Electrónica,9433.28,194
2108,Super Laptop 6535,Ropa,7090.41,473
2109,Mega Laptop 1510,Ferretería,4611.79,91
2110,Lite Camiseta 649,Libros,2807.38,99
2111,Smart Monitor 8177,Electrónica,7182.82,175
2112,Pro Laptop 7989,Electrónica,11142.55,474
2113,Lite Laptop 4543,Belleza,4697.51,93
2114,Max Cámara 5366,Deportes,10025.99,433
2115,Lite Zapatos 9465,Alimentos,1880.8,363
2116,Super TV 7802,Deportes,4532.79,216
2117,Pro Zapatos 7250,Hogar,11502.5,367
2118,Lite TV 1535,Ropa,182.27,310
2119,Ultra Camiseta 3614,Belleza,11081.62,404
2120,Eco Monitor 8513,Juguetes,6474.17,424
2121,Pro Mochila 3132,Libros,9675.54,380
2122,Super Silla 8140,Hogar,8315.64,113
2123,Ultra Cámara 4385,Deportes,10756.7,167
2124,Smart Camiseta 9688,Libros,12564.92,93
2125,Super Reloj 2323,Ferretería,1083.3,239
2126,Smart Zapatos 4873,Ropa,8626.81,456
2127,Lite Mesa 5309,Libros,13059.25,250
2128,Pro Cámara 1293,Electrónica,923.9,333
2129,Max TV 6786,Juguetes,10490.67,14
2130,Eco Mochila 108,Libros,12745.19,197
2131,Smart Camiseta 1859,Ferretería,1532.98,50
2132,Mega Cámara 9531,Ropa,6601.63,23
2133,Max TV 6537,Belleza,10150.9,49
2134,Max Cámara 5332,Ferretería,14574.35,92
2135,Ultra Cámara 5154,Libros,11364.45,132
2136,Mega Monitor 507,Electrónica,7069.71,425
2137,Mega Monitor 1696,Deportes,91.42,491
2138,Ultra Zapatos 7836,Ferretería,790.43,492
2139,Mega Silla 312,Electrónica,3396.61,20
2140,Lite TV 5413,Belleza,3183.44,373
2141,Lite Silla 3085,Hogar,9275.23,323
2142,Ultra Camiseta 8039,Belleza,4281.88,150
2143,Super Mesa 9888,Electrónica,1051.55,289
2144,Smart Camiseta 1703,Electrónica,1846.75,258
2145,Lite Monitor 7347,Hogar,12748.7,398
2146,Smart Laptop 4894,Belleza,11463.27,472
2147,Mega Camiseta 9383,Hogar,6014.7,106
2148,Ultra TV 7635,Libros,8960.8,145
2149,Smart Laptop 4212,Alimentos,11157.84,174
2150,Mega Mesa 3867,Hogar,5539.18,60
2151,Super Mochila 1203,Belleza,5466.15,272
2152,Eco Reloj 2867,Libros,4805.39,152
2153,Pro Mochila 1727,Libros,13818.47,209
2154,Mega Camiseta 5518,Deportes,9333.51,237
2155,Smart Monitor 5974,Hogar,12353.48,327
2156,Eco Mesa 8520,Belleza,12636.47,99
2157,Ultra Mesa 4197,Electrónica,870.66,344
2158,Pro Camiseta 8369,Electrónica,12713.97,144
2159,Pro Mochila 6546,Ferretería,5841.65,473
2160,Super Silla 7070,Juguetes,9082.43,341
2161,Mega Laptop 8747,Belleza,1626.57,39
2162,Lite Cámara 7511,Belleza,6440.97,398
2163,Ultra Mesa 573,Alimentos,10500.05,79
2164,Pro Mesa 6146,Belleza,575.64,256
2165,Max Camiseta 4228,Belleza,3802.19,239
2166,Smart Mesa 2603,Belleza,12810.18,293
2167,Max Silla 1567,Electrónica,6718.0,175
2168,Pro Silla 8748,Ropa,10556.95,154
2169,Super Camiseta 3902,Hogar,12135.97,222
2170,Ultra Reloj 7838,Belleza,9142.57,331
2171,Ultra Silla 9640,Belleza,9244.6,480
2172,Lite TV 3631,Hogar,5614.09,469
2173,Mega Mesa 1048,Alimentos,5313.48,271
2174,Ultra Silla 5002,Ferretería,12462.39,60
2175,Eco Silla 8601,Belleza,6960.12,270
2176,Pro Silla 7792,Libros,5692.18,425
2177,Mega Zapatos 4393,Juguetes,4228.79,186
2178,Max Laptop 2370,Deportes,9688.26,427
2179,Ultra Laptop 824,Hogar,9773.87,239
2180,Max Mesa 8799,Ferretería,3774.55,229
2181,Mega Zapatos 5511,Ropa,4731.62,454
2182,Smart Laptop 4041,Alimentos,13564.85,195
2183,Max Camiseta 3682,Libros,9876.57,333
2184,Max Silla 5573,Libros,8180.07,177
2185,Max Silla 2375,Hogar,7817.9,302
2186,Super Zapatos 6413,Belleza,1315.06,318
2187,Super TV 8282,Juguetes,13745.52,410
2188,Mega Reloj 8084,Electrónica,10557.16,470
2189,Pro Mesa 3824,Electrónica,10085.24,413
2190,Mega Mochila 1877,Hogar,12434.28,56
2191,Super Mochila 4619,Deportes,6908.8,62
2192,Lite Monitor 6038,Ropa,11485.77,161
2193,Smart Mesa 3078,Ferretería,6757.06,133
2194,Eco Cámara 8140,Juguetes,4915.71,134
2195,Lite Mesa 6958,Deportes,10083.45,12
2196,Pro Mochila 8484,Ropa,13152.14,64
2197,Smart Silla 2487,Juguetes,6645.86,289
2198,Lite Reloj 405,Alimentos,902.93,235
2199,Eco Cámara 7241,Libros,14680.63,151
2200,Eco TV 5240,Deportes,11077.19,319
2201,Mega Monitor 4030,Hogar,2661.95,120
2202,Ultra Mesa 7840,Libros,8710.78,374
2203,Super Mesa 9328,Ferretería,3948.31,486
2204,Pro Zapatos 9548,Belleza,12806.99,22
2205,Pro Reloj 630,Alimentos,6236.92,108
2206,Pro Zapatos 516,Juguetes,3681.75,252
2207,Max Camiseta 2933,Ropa,4361.96,151
2208,Super Mesa 7540,Deportes,392.94,68
2209,Mega TV 9582,Ropa,458.13,263
2210,Pro Laptop 6773,Belleza,6541.51,357
2211,Smart Silla 8179,Libros,2392.05,317
2212,Max Cámara 1201,Alimentos,8685.02,8
2213,Eco Laptop 6573,Deportes,7311.27,253
2214,Eco Cámara 9457,Libros,6504.72,73
2215,Mega Zapatos 1130,Libros,9697.33,274
2216,Smart Camiseta 7371,Ferretería,5756.83,202
2217,Mega Laptop 2096,Alimentos,13177.91,24
2218,Mega Reloj 9701,Alimentos,10723.4,374
2219,Super Zapatos 1221,Libros,11806.27,312
2220,Mega Monitor 750,Alimentos,11097.54,200
2221,Lite Monitor 3536,Deportes,9880.74,23
2222,Pro Laptop 2511,Hogar,6746.22,131
2223,Eco Reloj 9826,Deportes,7116.8,38
2224,Eco Camiseta 5699,Alimentos,5905.51,342
2225,Super Monitor 2744,Alimentos,12296.81,246
2226,Eco Mesa 6815,Libros,11646.97,452
2227,Max Laptop 1719,Hogar,5811.9,98
2228,Max TV 5026,Ferretería,939.17,13
2229,Mega Camiseta 2591,Alimentos,7218.19,43
2230,Mega Mochila 3726,Deportes,11159.94,309
2231,Max Silla 7869,Electrónica,8280.68,398
2232,Max Mochila 3622,Deportes,8886.18,344
2233,Mega TV 440,Electrónica,2642.88,414
2234,Smart Reloj 6228,Juguetes,12733.5,401
2235,Max Laptop 1185,Hogar,9101.81,406
2236,Eco Silla 8869,Hogar,4390.96,173
2237,Ultra TV 8781,Belleza,12757.37,391
2238,Super Camiseta 7266,Hogar,11087.01,298
2239,Pro Reloj 5426,Alimentos,2643.13,82
2240,Lite Cámara 9716,Belleza,7425.87,60
2241,Super Monitor 777,Ferretería,2107.64,386
2242,Mega TV 519,Belleza,9585.75,180
2243,Pro Laptop 6579,Hogar,14808.11,115
2244,Max Mochila 4692,Juguetes,2997.99,178
2245,Super Cámara 6578,Alimentos,1323.43,65
2246,Max Reloj 9133,Libros,2255.66,401
2247,Smart Mochila 7636,Hogar,2964.09,465
2248,Pro Laptop 1616,Alimentos,10684.3,126
2249,Mega Cámara 6476,Deportes,2584.57,321
2250,Smart Reloj 2980,Electrónica,3542.15,402
2251,Ultra Camiseta 4189,Ferretería,635.56,290
2252,Lite Cámara 753,Ferretería,4972.93,238
2253,Lite TV 7856,Electrónica,8603.02,251
2254,Eco Zapatos 3035,Libros,7930.43,139
2255,Lite Monitor 243,Ropa,13689.21,170
2256,Eco Mesa 5453,Alimentos,2410.99,188
2257,Eco Silla 1079,Belleza,6590.91,0
2258,Pro Laptop 8751,Deportes,13463.61,118
2259,Smart Zapatos 2261,Juguetes,2135.18,331
2260,Pro Camiseta 9291,Belleza,85.84,377
2261,Lite TV 8385,Hogar,6264.77,494
2262,Smart Mesa 2465,Electrónica,6248.75,323
2263,Super Camiseta 1606,Deportes,8694.28,229
2264,Eco Camiseta 8925,Juguetes,5810.6,493
2265,Pro Cámara 2895,Alimentos,10937.91,211
2266,Lite Reloj 9919,Alimentos,13364.4,298
2267,Max TV 955,Electrónica,10293.38,379
2268,Smart Camiseta 6957,Juguetes,9264.14,390
2269,Ultra Reloj 6074,Electrónica,3466.16,96
2270,Ultra Camiseta 8908,Juguetes,9961.32,275
2271,Mega Silla 7400,Ferretería,1578.75,224
2272,Ultra Monitor 764,Hogar,8962.6,124
2273,Pro Cámara 8219,Deportes,5656.97,306
2274,Mega Camiseta 9292,Alimentos,7263.64,236
2275,Smart Silla 4609,Ropa,95.62,374
2276,Lite Mesa 4867,Libros,264.47,65
2277,Pro Silla 6613,Belleza,13509.1,270
2278,Lite TV 4151,Ferretería,531.78,160
2279,Smart Cámara 582,Juguetes,6664.67,446
2280,Max Cámara 2911,Ferretería,13255.24,64
2281,Ultra Laptop 2885,Belleza,2824.36,471
2282,Max Reloj 1150,Belleza,3859.17,211
2283,Pro Laptop 528,Juguetes,14173.05,138
2284,Ultra Silla 5411,Juguetes,2730.7,89
2285,Pro Mesa 2875,Ferretería,13450.79,343
2286,Lite Cámara 344,Hogar,9153.07,158
2287,Lite Silla 8267,Alimentos,8297.3,59
2288,Eco Mesa 4465,Hogar,2968.73,292
2289,Eco Reloj 8078,Belleza,14981.49,495
2290,Max Monitor 1649,Ropa,11652.71,144
2291,Lite Zapatos 2472,Belleza,5914.38,263
2292,Mega Reloj 2427,Deportes,5851.45,166
2293,Lite TV 7449,Deportes,2531.59,48
2294,Eco Camiseta 5698,Libros,9431.42,237
2295,Max Zapatos 4987,Hogar,11988.99,190
2296,Lite Zapatos 1685,Ferretería,4672.74,237
2297,Ultra TV 1336,Deportes,8707.89,182
2298,Super Silla 3746,Deportes,1974.45,434
2299,Mega Silla 1623,Deportes,5542.47,228
2300,Pro Zapatos 3905,Belleza,5077.6,151
2301,Eco TV 6841,Deportes,1127.35,470
2302,Smart Cámara 3863,Ferretería,8623.22,299
2303,Max Monitor 9084,Ropa,4216.55,152
2304,Super Zapatos 8722,Ropa,14209.83,298
2305,Max Cámara 6685,Libros,14158.23,101
2306,Pro Zapatos 7532,Alimentos,10065.52,420
2307,Mega Laptop 7548,Alimentos,14568.52,406
2308,Pro Camiseta 7935,Deportes,10423.14,241
2309,Ultra TV 4834,Ropa,5730.62,146
2310,Eco Mesa 2845,Hogar,9617.03,413
2311,Eco TV 1240,Belleza,8936.23,217
2312,Eco TV 9121,Ropa,1815.33,391
2313,Smart Camiseta 5376,Belleza,639.6,291
2314,Mega Zapatos 1810,Belleza,8275.4,234
2315,Eco Cámara 1821,Belleza,4609.41,18
2316,Lite Silla 3510,Hogar,11514.21,257
2317,Pro Monitor 4693,Electrónica,1009.53,201
2318,Eco Mochila 1746,Alimentos,13350.06,340
2319,Mega Silla 6890,Deportes,6478.94,108
2320,Smart Reloj 8134,Electrónica,13433.14,300
2321,Mega Silla 839,Ferretería,2466.33,453
2322,Super TV 8106,Ferretería,8538.39,205
2323,Eco Zapatos 7858,Alimentos,14190.77,323
2324,Lite Mesa 4003,Hogar,13003.83,155
2325,Max Mochila 3801,Juguetes,10740.15,372
2326,Lite Cámara 6708,Hogar,12362.94,282
2327,Super Mochila 7960,Deportes,11074.4,384
2328,Ultra Laptop 202,Belleza,2232.24,389
2329,Max Cámara 5244,Hogar,3209.88,485
2330,Super Cámara 2342,Electrónica,13551.69,432
2331,Max Mesa 9161,Deportes,2625.78,84
2332,Lite Silla 8053,Alimentos,6342.28,351
2333,Mega Cámara 9468,Ropa,6031.64,68
2334,Mega Cámara 327,Ropa,10601.45,281
2335,Smart Laptop 1505,Juguetes,1056.46,25
2336,Mega Mesa 3324,Ferretería,634.41,163
2337,Smart Mesa 1733,Ropa,426.82,157
2338,Ultra Monitor 9173,Hogar,13798.65,238
2339,Smart Mesa 6399,Belleza,12868.23,455
2340,Lite Mesa 3103,Deportes,10420.66,67
2341,Max Zapatos 8170,Electrónica,4848.38,338
2342,Super Mochila 5039,Hogar,3945.83,248
2343,Max TV 1627,Belleza,2983.48,432
2344,Lite Camiseta 2851,Hogar,11793.62,227
2345,Ultra Mesa 5245,Ropa,5168.56,400
2346,Super Silla 5365,Libros,4701.65,480
2347,Pro TV 9261,Ferretería,14217.23,216
2348,Lite Mochila 2554,Libros,14984.96,276
2349,Mega Laptop 4330,Ferretería,9855.97,149
2350,Eco Mesa 1577,Libros,6273.6,40
2351,Super Cámara 3848,Libros,14428.87,270
2352,Lite Camiseta 1487,Electrónica,4276.37,100
2353,Eco Laptop 3751,Ropa,3730.85,141
2354,Mega TV 5708,Deportes,4796.34,455
2355,Mega Zapatos 8069,Ferretería,14392.26,363
2356,Super Mochila 7898,Libros,13403.63,185
2357,Mega Zapatos 4496,Hogar,14334.02,8
2358,Ultra Cámara 939,Electrónica,13899.03,310
2359,Max TV 3625,Alimentos,5177.16,311
2360,Max Monitor 2636,Ropa,4399.81,299
2361,Eco Zapatos 2463,Ropa,5358.15,107
2362,Max Laptop 9056,Deportes,1970.19,10
2363,Smart Mesa 6223,Ropa,11661.54,244
2364,Pro Silla 759,Belleza,6527.67,343
2365,Smart Mochila 3099,Alimentos,8116.08,108
2366,Mega Mochila 7021,Juguetes,12541.4,286
2367,Ultra Cámara 7276,Hogar,12211.93,114
2368,Smart Cámara 5725,Libros,12209.39,185
2369,Lite Cámara 8597,Belleza,12390.76,386
2370,Smart TV 408,Deportes,13655.71,417
2371,Smart Mesa 2312,Juguetes,3392.67,350
2372,Mega Reloj 2992,Belleza,9561.12,357
2373,Pro Camiseta 4927,Alimentos,13555.8,179
2374,Max Mochila 2295,Libros,9554.26,125
2375,Lite Mochila 2296,Juguetes,11016.8,12
2376,Lite Silla 9181,Alimentos,11514.3,175
2377,Ultra Cámara 9882,Belleza,498.17,66
2378,Ultra Camiseta 9296,Hogar,8645.42,349
2379,Ultra Reloj 5880,Deportes,9011.48,371
2380,Ultra Monitor 9906,Juguetes,2266.23,258
2381,Lite Reloj 9740,Ferretería,3547.52,26
2382,Mega Zapatos 3212,Ferretería,2380.2,97
2383,Super Reloj 9993,Electrónica,9886.75,247
2384,Ultra Mochila 3453,Ferretería,12934.62,46
2385,Pro TV 8490,Ropa,8721.17,341
2386,Pro Monitor 4044,Alimentos,12745.0,152
2387,Mega Camiseta 2953,Ropa,7835.57,77
2388,Lite Zapatos 4548,Electrónica,3903.44,51
2389,Lite Silla 2847,Libros,6356.07,210
2390,Super Mesa 2149,Libros,11979.54,3
2391,Lite Silla 9448,Libros,7975.66,155
2392,Super Zapatos 8996,Ferretería,199.25,210
2393,Pro Laptop 540,Alimentos,11771.62,440
2394,Pro Camiseta 2151,Hogar,7552.71,455
2395,Smart Laptop 1657,Libros,5525.81,253
2396,Smart Laptop 8992,Alimentos,9371.14,323
2397,Max Camiseta 1542,Hogar,5618.72,449
2398,Smart Mochila 9109,Ropa,4527.73,432
2399,Super TV 6876,Ropa,3047.89,341
2400,Pro Mochila 9006,Alimentos,9730.44,325
2401,Super Silla 2706,Hogar,14009.73,72
2402,Pro Mesa 1332,Belleza,11697.97,338
2403,Mega Mochila 6647,Ferretería,12094.08,446
2404,Smart TV 4850,Alimentos,14960.06,465
2405,Mega Zapatos 9687,Juguetes,1346.53,50
2406,Eco Monitor 4406,Deportes,829.7,474
2407,Ultra Zapatos 2728,Ferretería,2850.57,63
2408,Lite Silla 2368,Deportes,315.4,162
2409,Smart Silla 9404,Deportes,11267.55,451
2410,Eco Monitor 2522,Alimentos,10637.19,14
2411,Ultra Laptop 9266,Ferretería,174.83,162
2412,Mega Mesa 8307,Hogar,13778.01,191
2413,Max Mesa 4764,Hogar,12931.87,187
2414,Max Mesa 7961,Hogar,2427.63,56
2415,Super Zapatos 6933,Deportes,8877.92,366
2416,Ultra Monitor 1975,Alimentos,2478.28,461
2417,Super Cámara 4988,Alimentos,2629.16,163
2418,Super Mochila 4975,Alimentos,11477.24,247
2419,Lite Zapatos 3922,Ropa,12080.6,346
2420,Ultra Cámara 9069,Alimentos,10565.68,183
2421,Smart Mochila 1660,Libros,71.73,312
2422,Pro Mesa 651,Alimentos,1102.15,184
2423,Lite Mesa 6865,Juguetes,14758.41,413
2424,Lite Zapatos 135,Belleza,12248.76,91
2425,Pro Camiseta 1887,Juguetes,3670.63,252
2426,Max Mesa 4183,Ropa,9181.55,431
2427,Ultra Cámara 6614,Alimentos,13935.07,402
2428,Lite Mesa 9552,Ropa,13122.28,367
2429,Mega TV 567,Belleza,502.46,467
2430,Lite Zapatos 4644,Alimentos,3104.43,484
2431,Eco Camiseta 703,Ropa,5684.3,50
2432,Max Mesa 6760,Libros,7899.23,384
2433,Smart Mochila 6310,Juguetes,1478.78,338
2434,Pro Reloj 3861,Belleza,6055.26,338
2435,Lite Camiseta 4449,Deportes,9309.56,50
2436,Super TV 7792,Hogar,3654.54,255
2437,Super TV 383,Hogar,7048.65,44
2438,Pro Zapatos 719,Libros,911.52,36
2439,Pro TV 7306,Electrónica,2198.73,144
2440,Pro Mesa 7897,Hogar,12715.45,271
2441,Max TV 7684,Electrónica,12654.25,361
2442,Pro Reloj 498,Ropa,13456.14,206
2443,Eco Silla 5439,Ropa,5094.35,348
2444,Mega TV 6215,Electrónica,11912.29,316
2445,Mega Silla 9466,Alimentos,10400.3,381
2446,Super Zapatos 2005,Alimentos,1610.83,19
2447,Super Laptop 3153,Hogar,14713.7,385
2448,Pro Monitor 8163,Electrónica,5120.14,411
2449,Eco Cámara 8458,Electrónica,4002.86,34
2450,Ultra Zapatos 3628,Ropa,2165.09,235
2451,Smart Mochila 3856,Ropa,8090.04,205
2452,Smart Mochila 3035,Alimentos,9211.7,480
2453,Smart Camiseta 4521,Juguetes,11873.6,348
2454,Ultra Reloj 8229,Libros,7624.48,144
2455,Lite Camiseta 7048,Hogar,14790.77,232
2456,Ultra Mochila 9484,Hogar,2156.0,471
2457,Mega Zapatos 5576,Deportes,1072.13,170
2458,Lite Cámara 4250,Ropa,187.5,489
2459,Mega TV 5250,Deportes,2620.43,379
2460,Smart Monitor 6354,Juguetes,6719.87,6
2461,Mega TV 6697,Ropa,6572.86,198
2462,Smart Camiseta 3058,Electrónica,2221.39,300
2463,Mega Camiseta 6277,Ropa,11470.7,241
2464,Eco Zapatos 2268,Belleza,2705.07,279
2465,Super Silla 7798,Ropa,2917.37,429
2466,Lite Mochila 4076,Hogar,13247.42,380
2467,Lite Cámara 8169,Ferretería,12973.77,196
2468,Eco Laptop 4243,Deportes,11526.15,488
2469,Mega Mesa 3061,Juguetes,10815.79,106
2470,Max Monitor 5333,Libros,4442.61,232
2471,Smart Cámara 9576,Ferretería,4166.25,202
2472,Eco Monitor 176,Electrónica,9154.16,245
2473,Mega Mesa 5101,Ropa,8106.47,438
2474,Pro Mochila 3163,Electrónica,4601.23,95
2475,Max Reloj 9425,Electrónica,774.99,375
2476,Lite Camiseta 5209,Ropa,2697.68,148
2477,Super Reloj 7558,Libros,8708.35,386
2478,Lite Silla 7663,Alimentos,3932.9,497
2479,Ultra Cámara 6903,Belleza,10745.46,395
2480,Super Zapatos 4553,Deportes,4633.65,476
2481,Super TV 6228,Hogar,4123.31,405
2482,Super Mochila 6962,Juguetes,9721.24,482
2483,Super Monitor 6416,Ferretería,14522.58,189
2484,Pro Laptop 3144,Alimentos,14544.98,145
2485,Eco Cámara 5565,Alimentos,454.6,176
2486,Pro Laptop 2512,Ropa,1427.54,33
2487,Pro Laptop 5846,Alimentos,4719.55,10
2488,Max Reloj 2195,Juguetes,14945.2,358
2489,Mega Cámara 433,Hogar,2021.32,101
2490,Max Laptop 5171,Libros,11663.63,351
2491,Mega TV 7351,Alimentos,10868.04,253
2492,Eco Monitor 5627,Libros,441.01,155
2493,Lite Zapatos 6093,Hogar,5553.9,51
2494,Pro Laptop 9655,Juguetes,3412.16,323
2495,Super TV 3274,Belleza,13591.02,59
2496,Lite Camiseta 4316,Ropa,13936.63,449
2497,Mega Camiseta 4638,Alimentos,4005.25,352
2498,Mega Mochila 940,Electrónica,3282.94,226
2499,Ultra Silla 9111,Electrónica,7437.95,499
2500,Mega Zapatos 6561,Ferretería,203.37,103
2501,Ultra TV 7928,Libros,2746.12,10
2502,Lite Mesa 3783,Belleza,2823.53,98
2503,Eco Camiseta 5114,Libros,13323.25,459
2504,Lite Laptop 2694,Ferretería,2487.5,424
2505,Max Cámara 6610,Alimentos,9939.37,150
2506,Ultra Cámara 3752,Libros,9548.02,157
2507,Smart Cámara 8225,Libros,14368.43,227
2508,Lite Camiseta 3904,Electrónica,8848.91,111
2509,Ultra Cámara 4659,Hogar,11928.69,323
2510,Pro Zapatos 3024,Ferretería,2360.07,176
2511,Mega Mochila 2647,Libros,14644.55,283
2512,Ultra Camiseta 5143,Libros,13922.9,422
2513,Pro Mochila 9189,Alimentos,11242.0,296
2514,Lite Zapatos 3786,Ropa,3537.24,419
2515,Super Zapatos 1633,Belleza,6252.59,230
2516,Pro Cámara 4278,Belleza,11390.34,114
2517,Pro Camiseta 5175,Belleza,3744.81,130
2518,Max Zapatos 7799,Belleza,2051.68,215
2519,Super Zapatos 3057,Hogar,6603.02,448
2520,Smart Mochila 3784,Juguetes,13904.8,68
2521,Lite Zapatos 3034,Hogar,14422.74,109
2522,Super Cámara 2251,Belleza,14365.84,429
2523,Lite Mochila 955,Ferretería,11785.04,62
2524,Pro Cámara 5682,Libros,13297.94,18
2525,Max Mochila 227,Juguetes,14908.75,119
2526,Super Cámara 8358,Juguetes,13044.85,299
2527,Max Mochila 7786,Ferretería,13071.25,140
2528,Eco Mesa 1899,Juguetes,3525.24,403
2529,Eco Silla 1804,Ferretería,13347.65,274
2530,Mega Laptop 9269,Belleza,8632.21,139
2531,Max Cámara 4733,Hogar,4321.6,118
2532,Ultra Zapatos 8159,Ropa,10188.25,143
2533,Ultra Laptop 1111,Belleza,9555.1,266
2534,Smart Silla 1133,Deportes,13581.94,269
2535,Super Silla 5919,Hogar,5055.17,164
2536,Eco Zapatos 1482,Hogar,4827.18,298
2537,Eco Zapatos 141,Ferretería,14307.25,479
2538,Ultra Laptop 7683,Libros,4089.06,260
2539,Pro Reloj 707,Libros,12674.29,175
2540,Mega Reloj 8656,Libros,7843.2,265
2541,Ultra Mesa 700,Belleza,5048.51,107
2542,Mega TV 2459,Electrónica,75.04,322
2543,Super TV 4116,Belleza,11031.77,270
2544,Pro Camiseta 724,Alimentos,14185.21,205
2545,Pro Cámara 564,Juguetes,8626.64,37
2546,Lite Reloj 8726,Libros,8466.71,255
2547,Smart TV 176,Deportes,4366.0,386
2548,Pro Cámara 3023,Belleza,1221.09,342
2549,Lite Mesa 7051,Alimentos,14599.94,32
2550,Pro Mesa 9275,Ferretería,12167.79,213
2551,Ultra Zapatos 7033,Juguetes,12120.24,90
2552,Mega Mochila 477,Juguetes,14645.56,20
2553,Mega Zapatos 4183,Belleza,907.76,318
2554,Max Laptop 4959,Belleza,12929.88,471
2555,Smart TV 7772,Belleza,14976.48,336
2556,Super TV 8807,Ferretería,10388.69,192
2557,Super Silla 8449,Hogar,10187.61,361
2558,Pro Mochila 9300,Belleza,2699.22,451
2559,Super Cámara 8434,Alimentos,6179.54,297
2560,Max Mochila 7078,Alimentos,9358.74,53
2561,Eco Cámara 2881,Ferretería,3292.93,465
2562,Super Mesa 8481,Ropa,13087.64,204
2563,Lite Silla 1332,Ropa,2424.13,323
2564,Eco Reloj 4638,Belleza,12234.05,181
2565,Smart Reloj 2265,Deportes,10825.71,39
2566,Super TV 3257,Alimentos,2149.86,325
2567,Pro Mochila 401,Deportes,688.84,260
2568,Mega Laptop 4792,Juguetes,964.71,239
2569,Smart Silla 7906,Alimentos,8797.51,458
2570,Max Mochila 7775,Alimentos,14152.67,383
2571,Super Mochila 1667,Libros,5774.69,487
2572,Max Zapatos 6425,Libros,2445.91,401
2573,Eco Reloj 6360,Deportes,9482.83,337
2574,Super Cámara 7414,Belleza,11775.61,387
2575,Smart Reloj 9273,Ferretería,13664.9,182
2576,Mega Zapatos 1621,Ropa,1257.93,309
2577,Smart Mochila 1732,Hogar,8899.19,304
2578,Super Mochila 4302,Electrónica,2265.57,24
2579,Pro Monitor 6681,Libros,10689.67,420
2580,Ultra TV 486,Ferretería,12182.82,195
2581,Ultra Camiseta 3630,Belleza,5486.06,406
2582,Eco Zapatos 7350,Deportes,14513.21,23
2583,Eco Cámara 8592,Juguetes,193.39,179
2584,Lite Silla 8874,Hogar,6045.89,341
2585,Ultra Mochila 4289,Belleza,11904.58,155
2586,Smart Mesa 9890,Juguetes,7144.26,67
2587,Eco Cámara 4354,Belleza,9961.43,407
2588,Eco TV 7887,Alimentos,12043.77,149
2589,Lite Reloj 5775,Libros,13337.91,443
2590,Max Silla 8093,Ropa,899.97,99
2591,Lite Mesa 7589,Ferretería,7184.09,395
2592,Max Reloj 2741,Libros,10943.8,178
2593,Super Mesa 5673,Alimentos,4145.38,104
2594,Lite Monitor 5278,Hogar,4973.32,314
2595,Super Mochila 5314,Ropa,9395.78,103
2596,Ultra Camiseta 4807,Ropa,11595.51,247
2597,Ultra TV 6753,Hogar,10116.6,230
2598,Mega Silla 2822,Ferretería,367.18,456
2599,Lite Mochila 1726,Hogar,114.12,496
2600,Smart Monitor 8374,Belleza,11039.07,98
2601,Super Laptop 6574,Ropa,10336.76,240
2602,Eco Reloj 5535,Deportes,13422.03,373
2603,Smart Laptop 9310,Ropa,1415.24,382
2604,Smart TV 2627,Juguetes,3581.79,346
2605,Smart Silla 9235,Hogar,5475.39,153
2606,Mega Zapatos 8026,Juguetes,8438.29,38
2607,Eco TV 8272,Ferretería,5968.15,429
2608,Lite Mesa 2671,Electrónica,798.71,33
2609,Lite Monitor 9002,Ropa,12864.6,236
2610,Lite Cámara 997,Hogar,8642.08,92
2611,Ultra Mesa 3492,Ferretería,6795.18,88
2612,Lite Mochila 2577,Deportes,3326.14,212
2613,Pro Laptop 3232,Hogar,13018.14,126
2614,Eco TV 6291,Hogar,7309.99,337
2615,Pro Mesa 5584,Belleza,12383.52,422
2616,Eco Laptop 1272,Libros,1434.96,274
2617,Pro Reloj 4504,Alimentos,14799.6,178
2618,Pro Zapatos 9251,Hogar,7666.39,485
2619,Max Silla 6072,Juguetes,5418.61,285
2620,Super Cámara 5728,Deportes,10036.84,189
2621,Max TV 8880,Deportes,10689.13,460
2622,Smart Mochila 9968,Libros,524.59,248
2623,Eco Mochila 5355,Electrónica,14148.2,471
2624,Pro Reloj 4410,Electrónica,1594.72,458
2625,Super TV 6182,Ferretería,4914.81,377
2626,Lite Cámara 6068,Ropa,4597.61,389
2627,Lite Camiseta 9841,Electrónica,10154.31,190
2628,Smart Mochila 1359,Belleza,6729.3,391
2629,Lite Monitor 5681,Ropa,13335.33,141
2630,Ultra Monitor 9611,Belleza,11805.29,338
2631,Smart Cámara 7483,Electrónica,7043.78,324
2632,Ultra Zapatos 7050,Belleza,4181.62,470
2633,Ultra Monitor 768,Ferretería,4899.63,124
2634,Pro Reloj 9902,Hogar,282.97,309
2635,Pro Monitor 2630,Juguetes,13481.45,320
2636,Mega Mochila 1441,Belleza,7081.64,255
2637,Super Silla 3058,Alimentos,874.8,53
2638,Lite Mochila 8419,Belleza,5467.8,130
2639,Ultra Silla 4858,Hogar,12513.81,412
2640,Lite Camiseta 8938,Ropa,12229.64,349
2641,Smart Zapatos 771,Deportes,12917.93,178
2642,Mega Silla 8047,Electrónica,10425.77,484
2643,Pro TV 8537,Libros,13977.84,405
2644,Mega Reloj 1601,Deportes,12932.31,248
2645,Ultra Camiseta 8057,Ropa,11286.65,311
2646,Eco Zapatos 7076,Belleza,12252.58,274
2647,Mega Camiseta 5040,Hogar,1165.36,43
2648,Mega Camiseta 373,Deportes,13557.69,307
2649,Max Laptop 4590,Libros,797.5,130
2650,Ultra Silla 5545,Alimentos,11502.12,220
2651,Max Laptop 6582,Deportes,10186.57,62
2652,Eco Mesa 331,Libros,13683.87,42
2653,Eco TV 8070,Ferretería,8398.17,469
2654,Max Laptop 7229,Alimentos,11587.81,66
2655,Pro Mochila 7203,Juguetes,5009.76,368
2656,Lite TV 435,Belleza,3160.99,76
2657,Smart TV 8085,Belleza,9649.64,168
2658,Eco Camiseta 9837,Libros,13538.78,101
2659,Max Mochila 312,Libros,3800.11,294
2660,Eco Reloj 4110,Alimentos,6404.25,231
2661,Smart Camiseta 6673,Belleza,6860.88,97
2662,Max Mesa 7603,Electrónica,11258.93,206
2663,Ultra Silla 6935,Libros,1371.56,467
2664,Max Mochila 9917,Electrónica,12510.86,294
2665,Eco Mochila 555,Hogar,5493.92,60
2666,Max TV 3488,Libros,7752.58,447
2667,Eco Camiseta 6342,Ropa,12263.79,141
2668,Max Reloj 4402,Libros,14596.31,155
2669,Mega Mesa 2492,Belleza,7834.28,372
2670,Super Mochila 4425,Electrónica,4793.91,311
2671,Ultra Camiseta 7719,Electrónica,12570.64,14
2672,Pro Zapatos 8670,Alimentos,8275.75,3
2673,Pro TV 8858,Ropa,1318.14,201
2674,Smart Reloj 6819,Electrónica,3676.67,135
2675,Super Laptop 4902,Libros,4186.83,2
2676,Mega Mochila 7724,Alimentos,7424.49,84
2677,Ultra Camiseta 4466,Deportes,5083.37,253
2678,Mega Mesa 6156,Deportes,5091.27,344
2679,Smart Zapatos 6159,Electrónica,14137.4,70
2680,Lite Zapatos 6329,Electrónica,14991.15,395
2681,Eco Reloj 8608,Juguetes,5479.88,26
2682,Lite Laptop 1924,Ropa,14365.72,463
2683,Max Camiseta 4899,Ropa,13159.26,109
2684,Max Mesa 3395,Ropa,7275.87,333
2685,Max Laptop 7272,Electrónica,6668.35,250
2686,Max Camiseta 2494,Ropa,1824.1,372
2687,Max Camiseta 5497,Electrónica,6501.45,281
2688,Smart Monitor 9953,Deportes,3227.39,483
2689,Ultra Silla 1887,Ferretería,14288.5,180
2690,Lite Monitor 8658,Hogar,7555.34,308
2691,Pro Zapatos 9930,Ropa,7835.13,346
2692,Smart Camiseta 9491,Juguetes,9707.63,395
2693,Mega TV 2005,Hogar,13324.5,221
2694,Super Silla 809,Ropa,2208.32,3
2695,Lite TV 4424,Ropa,12374.06,65
2696,Lite Cámara 508,Ferretería,8192.27,311
2697,Eco Reloj 1166,Hogar,13258.63,328
2698,Mega Reloj 5928,Ferretería,6122.44,35
2699,Mega Mesa 1235,Hogar,5031.28,154
2700,Eco Laptop 9821,Deportes,8363.11,165
2701,Eco Zapatos 3755,Ropa,714.64,239
2702,Lite Monitor 2684,Hogar,979.24,477
2703,Max Mochila 6462,Libros,8270.35,37
2704,Eco Camiseta 2832,Libros,12667.24,263
2705,Max Laptop 6931,Alimentos,12576.06,88
2706,Pro Cámara 2593,Belleza,3699.11,24
2707,Pro Reloj 9544,Belleza,5728.3,351
2708,Mega Cámara 6312,Ropa,11894.66,76
2709,Lite Monitor 898,Ferretería,1044.58,459
2710,Eco Silla 4400,Belleza,1081.41,347
2711,Pro Mesa 8621,Alimentos,6157.08,385
2712,Max Cámara 3976,Libros,2073.2,69
2713,Pro TV 3756,Alimentos,7254.95,230
2714,Mega Camiseta 2095,Ropa,1785.91,266
2715,Super Silla 6512,Juguetes,4009.06,442
2716,Pro Zapatos 5983,Deportes,1694.82,342
2717,Eco Camiseta 4076,Belleza,8610.16,337
2718,Mega Monitor 2341,Hogar,2675.96,444
2719,Pro Monitor 8960,Juguetes,14257.18,447
2720,Ultra Mochila 4949,Alimentos,6329.1,269
2721,Pro Zapatos 3523,Alimentos,6198.56,265
2722,Pro Zapatos 9011,Deportes,14900.14,53
2723,Max Reloj 6746,Alimentos,9942.42,111
2724,Eco Zapatos 8594,Electrónica,12185.59,390
2725,Smart Camiseta 1996,Juguetes,9940.59,462
2726,Smart TV 5518,Alimentos,5690.39,323
2727,Smart TV 4844,Belleza,14635.31,137
2728,Mega Silla 7422,Alimentos,4718.51,36
2729,Eco TV 4279,Deportes,14009.75,139
2730,Max Mochila 9146,Belleza,790.87,415
2731,Eco Reloj 7516,Hogar,2042.41,79
2732,Mega Silla 1725,Ropa,4275.43,91
2733,Super Mochila 2455,Hogar,13274.35,138
2734,Mega Silla 3540,Electrónica,3607.16,253
2735,Smart Silla 6855,Hogar,12633.62,132
2736,Mega Monitor 1774,Belleza,766.8,236
2737,Mega Zapatos 4521,Belleza,9927.16,421
2738,Lite Mochila 3660,Electrónica,5159.32,258
2739,Pro Mochila 7377,Deportes,13406.76,175
2740,Max Cámara 7581,Ropa,2731.66,99
2741,Max Silla 3509,Electrónica,2065.37,382
2742,Pro Zapatos 4229,Libros,3276.05,13
2743,Mega Monitor 8905,Electrónica,12902.95,239
2744,Lite Mochila 7739,Libros,11859.87,432
2745,Lite Mochila 8374,Ferretería,3502.66,421
2746,Pro Reloj 2000,Electrónica,7181.62,231
2747,Max Silla 2735,Ferretería,1559.99,252
2748,Lite Silla 9205,Ferretería,1693.3,260
2749,Smart TV 2885,Juguetes,13691.66,467
2750,Super Cámara 310,Electrónica,7319.04,305
2751,Super Camiseta 7088,Belleza,12782.69,245
2752,Lite Reloj 7983,Hogar,12236.46,450
2753,Mega Mochila 6175,Juguetes,3437.67,48
2754,Mega Monitor 8722,Belleza,2293.26,103
2755,Max Reloj 5360,Juguetes,12984.96,410
2756,Lite Zapatos 5698,Juguetes,2344.45,153
2757,Smart Silla 4209,Hogar,13660.69,320
2758,Lite Zapatos 2379,Electrónica,10339.32,438
2759,Eco Laptop 2721,Ropa,14354.5,340
2760,Max Reloj 851,Juguetes,4565.63,384
2761,Pro Cámara 1257,Juguetes,4519.74,268
2762,Super Mesa 8917,Alimentos,5087.63,407
2763,Super Zapatos 9346,Ferretería,5315.23,308
2764,Eco Silla 2748,Alimentos,8274.43,39
2765,Max Camiseta 1776,Ropa,1372.51,255
2766,Ultra Cámara 3659,Libros,13672.75,266
2767,Max Cámara 9609,Juguetes,1179.15,231
2768,Pro Reloj 8734,Belleza,1745.44,11
2769,Lite Mochila 8156,Alimentos,8303.5,88
2770,Lite Mesa 8184,Ropa,3341.39,23
2771,Pro Camiseta 7381,Belleza,7014.6,159
2772,Lite Cámara 6951,Belleza,13403.68,176
2773,Smart TV 7382,Hogar,3755.73,137
2774,Lite Mesa 7475,Ropa,6070.63,422
2775,Super Reloj 8543,Deportes,1565.38,455
2776,Smart Monitor 1041,Juguetes,6679.39,333
2777,Lite Silla 4842,Belleza,1404.23,1
2778,Lite Mochila 4161,Alimentos,8468.93,480
2779,Smart Mesa 3603,Belleza,11059.13,379
2780,Ultra Silla 239,Belleza,13343.56,370
2781,Super Reloj 937,Juguetes,977.82,253
2782,Lite Laptop 8105,Belleza,9544.83,166
2783,Mega Camiseta 5123,Electrónica,3499.18,338
2784,Mega Silla 4477,Hogar,12235.73,207
2785,Max Reloj 4822,Hogar,8368.02,312
2786,Ultra Mesa 5383,Hogar,2027.18,313
2787,Pro TV 5931,Libros,1841.07,53
2788,Pro Cámara 7144,Juguetes,446.27,297
2789,Max TV 5238,Belleza,10841.77,145
2790,Lite Reloj 4656,Juguetes,5083.19,313
2791,Lite Reloj 8162,Deportes,5982.01,298
2792,Super Cámara 6958,Electrónica,2710.2,446
2793,Ultra Mesa 8031,Libros,1751.75,380
2794,Smart Camiseta 5922,Ropa,7715.65,45
2795,Eco Laptop 6667,Libros,10046.83,40
2796,Max Silla 5129,Deportes,10925.97,491
2797,Smart Zapatos 3324,Ferretería,1405.44,136
2798,Ultra Silla 5877,Belleza,9389.22,126
2799,Smart Mesa 8188,Libros,11299.01,134
2800,Pro Monitor 5137,Libros,14477.89,44
2801,Pro TV 2706,Alimentos,6665.14,494
2802,Smart Silla 7934,Deportes,10120.9,195
2803,Mega Mesa 1992,Electrónica,1355.84,445
2804,Super Reloj 7384,Libros,11859.37,84
2805,Eco Reloj 2068,Alimentos,1495.18,194
2806,Super Mochila 3238,Alimentos,9572.22,18
2807,Smart Monitor 4525,Alimentos,12951.33,187
2808,Ultra Cámara 3509,Ferretería,4250.37,95
2809,Ultra Camiseta 7713,Libros,4521.42,246
2810,Eco Monitor 4416,Deportes,12308.77,394
2811,Eco Zapatos 4617,Ferretería,12045.55,29
2812,Lite Zapatos 1949,Electrónica,11964.76,425
2813,Super Camiseta 9087,Deportes,11359.6,187
2814,Max Camiseta 4302,Juguetes,13215.52,336
2815,Smart Silla 2710,Belleza,8915.87,322
2816,Smart TV 5574,Deportes,4388.75,195
2817,Lite Monitor 8802,Belleza,7192.69,100
2818,Smart Mochila 7705,Juguetes,4580.74,489
2819,Eco Silla 8825,Alimentos,13477.32,440
2820,Ultra Monitor 8248,Ropa,11711.47,368
2821,Super Monitor 7671,Deportes,14763.81,150
2822,Mega Monitor 1365,Alimentos,4158.52,153
2823,Smart Silla 8252,Deportes,6957.17,101
2824,Super Cámara 8734,Ropa,9782.59,157
2825,Mega Laptop 1726,Juguetes,2979.16,368
2826,Lite Monitor 8429,Alimentos,5719.77,132
2827,Lite Laptop 3319,Hogar,4765.36,329
2828,Lite Mochila 9065,Ropa,11531.47,118
2829,Eco Monitor 3334,Libros,14547.05,138
2830,Mega Laptop 3794,Belleza,7444.6,388
2831,Pro Monitor 3238,Ropa,10054.52,428
2832,Smart Silla 1376,Alimentos,2497.94,475
2833,Ultra Laptop 5051,Ferretería,1403.16,34
2834,Super Cámara 5823,Ferretería,7310.67,146
2835,Max Mochila 5374,Libros,7557.83,51
2836,Ultra Cámara 5222,Libros,11696.22,449
2837,Super Reloj 3290,Libros,2312.09,116
2838,Eco Mesa 398,Deportes,2143.75,140
2839,Smart Cámara 6159,Hogar,3309.81,415
2840,Lite TV 2474,Libros,5777.88,103
2841,Pro Reloj 778,Juguetes,2453.42,44
2842,Max Zapatos 3378,Ferretería,10148.44,290
2843,Pro Zapatos 902,Libros,7274.76,305
2844,Max Mesa 7951,Libros,5476.57,7
2845,Lite Monitor 420,Alimentos,5113.43,347
2846,Smart Mesa 8456,Ropa,4009.5,8
2847,Ultra Mochila 2091,Belleza,7569.53,15
2848,Smart Mochila 106,Deportes,3355.99,211
2849,Pro Silla 9890,Alimentos,9929.03,7
2850,Lite Silla 5771,Deportes,10016.28,467
2851,Super TV 8592,Ropa,6783.95,103
2852,Max Cámara 4759,Hogar,7822.9,75
2853,Super Silla 5308,Electrónica,1883.8,189
2854,Max Zapatos 6218,Deportes,12046.99,377
2855,Super Mesa 3934,Deportes,7865.33,224
2856,Mega TV 5635,Ferretería,12027.46,279
2857,Smart Laptop 8029,Electrónica,13066.78,377
2858,Max Cámara 3164,Alimentos,2412.83,494
2859,Pro Reloj 4603,Belleza,9389.65,96
2860,Super Cámara 5823,Hogar,13926.08,69
2861,Smart Zapatos 993,Juguetes,10534.76,97
2862,Super Reloj 7034,Electrónica,14477.81,467
2863,Ultra Laptop 6601,Deportes,2292.27,384
2864,Mega Laptop 4521,Libros,12612.23,263
2865,Max Monitor 2182,Alimentos,11374.54,163
2866,Pro Laptop 860,Alimentos,14348.14,261
2867,Pro Monitor 1555,Hogar,9272.56,48
2868,Super Camiseta 4908,Hogar,320.72,329
2869,Eco Mochila 3662,Juguetes,14606.13,246
2870,Pro Silla 472,Deportes,14269.09,84
2871,Ultra Reloj 484,Juguetes,7536.91,330
2872,Mega Cámara 227,Ferretería,14943.34,473
2873,Super Silla 6677,Ferretería,9099.47,430
2874,Pro Cámara 5173,Libros,1068.52,276
2875,Mega Mochila 642,Deportes,4745.05,253
2876,Mega Silla 9379,Ferretería,8009.36,488
2877,Mega Cámara 2517,Ropa,1340.7,55
2878,Smart TV 7764,Alimentos,448.8,27
2879,Pro Reloj 5413,Ferretería,4141.76,477
2880,Pro Silla 4502,Ferretería,6800.1,320
2881,Max Camiseta 8123,Belleza,11982.66,280
2882,Smart TV 3966,Alimentos,10979.65,99
2883,Max Laptop 9029,Ferretería,1705.92,23
2884,Ultra Mesa 3307,Ropa,6648.2,149
2885,Super Mochila 1160,Ferretería,2406.53,230
2886,Pro Monitor 7509,Electrónica,11423.01,42
2887,Eco Silla 1777,Alimentos,12784.59,249
2888,Eco TV 5711,Belleza,2353.24,471
2889,Ultra TV 7828,Deportes,3260.64,270
2890,Pro Cámara 1857,Alimentos,6455.49,103
2891,Ultra Cámara 9409,Ropa,3218.79,249
2892,Pro Mesa 9876,Belleza,6054.87,372
2893,Ultra Cámara 5064,Ropa,10901.14,465
2894,Smart Zapatos 2041,Hogar,7001.76,215
2895,Lite Cámara 6617,Hogar,9849.11,94
2896,Super Reloj 9103,Electrónica,12290.01,150
2897,Lite Laptop 3168,Hogar,8193.14,240
2898,Lite Silla 8189,Deportes,2315.04,273
2899,Eco Reloj 3432,Electrónica,9079.14,110
2900,Max Mochila 7463,Ropa,12129.77,1
2901,Max Laptop 4685,Hogar,2256.14,470
2902,Mega Mesa 7435,Ferretería,13669.92,457
2903,Mega Mesa 1550,Electrónica,8990.41,25
2904,Lite Mesa 5559,Deportes,2735.09,47
2905,Mega Laptop 8193,Deportes,9279.61,64
2906,Max Mochila 8935,Electrónica,9417.78,222
2907,Max Camiseta 2861,Ropa,3635.7,238
2908,Max Cámara 1975,Ferretería,1940.41,451
2909,Super Camiseta 4027,Ferretería,6043.9,221
2910,Eco Zapatos 4555,Alimentos,14723.27,156
2911,Ultra Monitor 2932,Libros,5475.01,26
2912,Super Mochila 2286,Electrónica,13592.37,472
2913,Super Reloj 6419,Hogar,13002.79,350
2914,Lite Camiseta 699,Belleza,3273.7,82
2915,Max Cámara 8593,Alimentos,14795.77,80
2916,Lite TV 310,Hogar,7760.04,199
2917,Smart Cámara 969,Alimentos,5380.63,104
2918,Lite Camiseta 7611,Electrónica,9896.11,141
2919,Mega TV 3661,Belleza,12200.53,283
2920,Super Monitor 7831,Electrónica,11386.82,147
2921,Mega Silla 2274,Hogar,7156.84,159
2922,Smart Zapatos 6884,Libros,11040.77,266
2923,Lite Reloj 1492,Juguetes,845.88,400
2924,Mega Mochila 5610,Alimentos,4134.18,412
2925,Ultra Mesa 1809,Ropa,12987.71,414
2926,Max Monitor 9891,Juguetes,9483.58,338
2927,Smart Reloj 2029,Hogar,12625.54,177
2928,Pro Silla 5785,Deportes,7767.63,202
2929,Super Mochila 998,Ferretería,11563.26,301
2930,Max Cámara 5198,Hogar,3956.5,405
2931,Ultra Monitor 4488,Libros,13175.91,377
2932,Pro TV 1601,Juguetes,776.39,171
2933,Lite Reloj 4162,Deportes,8494.93,392
2934,Ultra Laptop 4109,Alimentos,4069.87,81
2935,Pro Zapatos 2619,Libros,2948.58,5
2936,Super Mochila 2967,Ropa,2088.44,326
2937,Super Camiseta 7174,Libros,1921.74,208
2938,Smart Cámara 8743,Deportes,10924.65,140
2939,Max Mesa 362,Ropa,10425.29,256
2940,Eco Mesa 9875,Hogar,907.42,357
2941,Pro Monitor 7289,Electrónica,4579.23,449
2942,Pro Zapatos 8033,Deportes,6997.82,104
2943,Pro Silla 4152,Hogar,4333.47,75
2944,Max Zapatos 2794,Belleza,3169.66,234
2945,Smart TV 5054,Ferretería,9981.95,178
2946,Smart Reloj 7510,Belleza,9869.96,211
2947,Max Reloj 2193,Belleza,3557.52,358
2948,Eco Mochila 8032,Libros,2455.37,407
2949,Eco Mesa 841,Deportes,9301.11,38
2950,Lite TV 4496,Alimentos,11593.31,266
2951,Max Laptop 2446,Ferretería,6681.86,101
2952,Max Reloj 3850,Ferretería,14791.86,498
2953,Pro Reloj 8976,Juguetes,8877.6,53
2954,Mega Mochila 5291,Ropa,1402.83,406
2955,Mega Monitor 3900,Ferretería,13428.68,387
2956,Mega Zapatos 3468,Ferretería,8547.88,182
2957,Ultra TV 8023,Electrónica,3538.65,455
2958,Max Mochila 109,Deportes,14151.71,272
2959,Mega Reloj 5740,Juguetes,1264.76,385
2960,Eco Silla 2079,Libros,11834.67,321
2961,Mega Laptop 4382,Libros,4597.12,454
2962,Ultra Zapatos 1952,Belleza,10795.84,49
2963,Max Laptop 1033,Belleza,10761.95,227
2964,Pro Silla 9109,Hogar,11393.21,89
2965,Ultra TV 3143,Ferretería,11327.77,327
2966,Mega Laptop 4623,Deportes,4283.81,230
2967,Lite Cámara 7701,Ropa,5689.3,470
2968,Lite Cámara 852,Electrónica,5325.16,345
2969,Eco Cámara 5764,Belleza,8668.98,435
2970,Eco Mesa 6313,Libros,9214.3,66
2971,Pro Zapatos 5871,Ferretería,4584.73,346
2972,Pro Cámara 6817,Ferretería,5661.75,225
2973,Mega Mesa 1199,Hogar,13596.41,13
2974,Smart Camiseta 669,Ferretería,1005.96,315
2975,Super Camiseta 2222,Deportes,471.6,441
2976,Smart Mesa 7063,Electrónica,1710.13,475
2977,Pro Camiseta 9762,Libros,2343.8,391
2978,Max Monitor 9022,Electrónica,2162.52,177
2979,Ultra Mochila 2808,Belleza,10913.32,417
2980,Lite Mesa 5816,Juguetes,7225.48,282
2981,Ultra Reloj 6260,Ferretería,5643.61,465
2982,Smart Camiseta 2919,Electrónica,3706.33,266
2983,Max TV 2345,Ferretería,9882.29,304
2984,Smart Monitor 2802,Deportes,12353.28,235
2985,Eco Mesa 1936,Juguetes,3057.92,154
2986,Super Monitor 6997,Juguetes,6857.58,182
2987,Ultra Cámara 4902,Ropa,1127.66,440
2988,Eco Cámara 5998,Hogar,11420.42,422
2989,Lite Mochila 3861,Ferretería,9827.56,121
2990,Max Camiseta 6599,Ferretería,4851.7,117
2991,Max Cámara 4946,Ferretería,2697.69,222
2992,Eco Zapatos 376,Ferretería,3995.16,124
2993,Max Cámara 6339,Hogar,6657.79,494
2994,Pro Cámara 7317,Ferretería,7813.04,337
2995,Super Monitor 1204,Ferretería,1345.3,133
2996,Lite Camiseta 9514,Hogar,11811.17,117
2997,Lite Reloj 8129,Electrónica,1053.74,385
2998,Ultra Camiseta 2530,Ferretería,10002.32,489
2999,Smart Mesa 3259,Belleza,10681.37,206
3000,Mega Zapatos 3406,Hogar,7652.05,470
3001,Max Mesa 9172,Libros,1097.86,59
3002,Super Monitor 1192,Ferretería,1075.15,377
3003,Super Zapatos 1781,Hogar,518.86,419
3004,Ultra Silla 5135,Libros,2372.76,260
3005,Smart Mochila 6992,Deportes,4410.7,460
3006,Mega Mesa 2269,Libros,11321.84,57
3007,Max Mochila 6488,Hogar,14006.98,488
3008,Max Laptop 1379,Libros,4345.92,27
3009,Smart Cámara 2409,Ropa,8220.23,396
3010,Ultra Mochila 9245,Ferretería,7210.03,262
3011,Mega Silla 5038,Libros,12882.74,392
3012,Lite Laptop 3641,Electrónica,6657.92,380
3013,Mega Cámara 4229,Ferretería,3724.33,97
3014,Max TV 1308,Belleza,5063.45,70
3015,Super Cámara 6392,Alimentos,7641.98,23
3016,Super Cámara 5768,Ropa,2395.16,27
3017,Mega Camiseta 9519,Deportes,386.53,433
3018,Pro TV 3446,Juguetes,4164.87,355
3019,Ultra Mesa 440,Libros,1834.18,225
3020,Mega Cámara 6981,Ferretería,14260.01,474
3021,Ultra TV 8155,Juguetes,6261.92,33
3022,Max Mesa 5123,Alimentos,3957.94,454
3023,Mega Laptop 4860,Ropa,9478.65,258
3024,Super Mochila 7347,Ropa,2422.25,479
3025,Smart Reloj 4492,Ferretería,11729.31,153
3026,Smart Mesa 3232,Ropa,7419.77,96
3027,Mega Laptop 782,Electrónica,13052.29,222
3028,Max Cámara 3310,Ferretería,11637.73,234
3029,Super Cámara 4636,Ropa,6885.95,123
3030,Max Cámara 189,Libros,9072.26,26
3031,Ultra Mesa 5459,Ropa,610.45,162
3032,Ultra Monitor 5146,Hogar,8460.25,217
3033,Smart Mesa 825,Juguetes,11204.93,437
3034,Max Cámara 1836,Electrónica,5983.37,214
3035,Smart Zapatos 7713,Ferretería,9428.8,173
3036,Super Laptop 2172,Deportes,7238.65,417
3037,Mega Camiseta 4603,Ferretería,391.86,271
3038,Ultra Reloj 8204,Ferretería,12589.31,315
3039,Pro Silla 7754,Ferretería,4721.34,483
3040,Ultra Silla 5122,Hogar,11870.53,291
3041,Ultra Laptop 3378,Libros,426.46,499
3042,Smart Zapatos 9089,Juguetes,6190.64,23
3043,Eco Laptop 4420,Ferretería,8412.12,85
3044,Mega Laptop 5691,Libros,10959.31,308
3045,Eco Monitor 9529,Ropa,1393.3,221
3046,Eco Mochila 9974,Juguetes,6094.03,263
3047,Pro Zapatos 7780,Libros,14320.08,195
3048,Ultra TV 3584,Electrónica,7574.19,354
3049,Mega Reloj 6197,Deportes,7183.0,325
3050,Super Mesa 668,Deportes,943.23,256
3051,Ultra Zapatos 1124,Electrónica,5973.58,486
3052,Ultra Camiseta 7617,Hogar,3811.28,282
3053,Smart Mochila 5577,Hogar,3291.31,328
3054,Max Reloj 5160,Ropa,2849.79,232
3055,Pro Zapatos 6868,Ferretería,8090.52,82
3056,Mega Zapatos 7394,Libros,638.91,383
3057,Ultra Camiseta 7482,Electrónica,13442.72,435
3058,Mega TV 5291,Deportes,10338.67,339
3059,Max Silla 1335,Ferretería,7334.67,10
3060,Pro TV 7920,Libros,8624.09,11
3061,Pro Reloj 8792,Juguetes,12714.45,226
3062,Max Cámara 7988,Belleza,7961.38,295
3063,Pro Laptop 6422,Libros,14860.34,388
3064,Max Cámara 402,Ropa,5314.17,159
3065,Eco Mesa 5105,Ferretería,3385.12,381
3066,Lite Mochila 1509,Hogar,8633.42,288
3067,Pro Camiseta 821,Hogar,12739.64,264
3068,Pro Silla 4306,Hogar,12359.01,90
3069,Smart Silla 2342,Libros,1953.87,417
3070,Ultra Reloj 5390,Belleza,8508.39,430
3071,Smart Mochila 347,Libros,2048.77,416
3072,Mega Monitor 4564,Juguetes,5440.1,41
3073,Lite Mesa 8327,Ferretería,12686.3,299
3074,Ultra Cámara 3492,Ferretería,14117.19,373
3075,Lite Cámara 1325,Alimentos,1279.01,313
3076,Pro Reloj 4606,Libros,7689.39,274
3077,Lite Silla 909,Hogar,3775.94,314
3078,Pro Cámara 9496,Ropa,5381.03,32
3079,Max Camiseta 737,Hogar,12541.28,271
3080,Ultra Laptop 2206,Hogar,7018.46,459
3081,Eco Reloj 4433,Hogar,1208.15,302
3082,Ultra TV 8294,Belleza,14843.81,409
3083,Max Cámara 1700,Alimentos,6931.72,459
3084,Max Laptop 2713,Hogar,10452.54,21
3085,Mega Monitor 5202,Ferretería,13508.08,49
3086,Smart Camiseta 3188,Libros,13694.28,407
3087,Smart Camiseta 5877,Deportes,260.64,336
3088,Ultra Reloj 6811,Electrónica,14686.27,460
3089,Mega Silla 9882,Deportes,1671.94,32
3090,Max Laptop 2031,Alimentos,5609.39,295
3091,Lite Cámara 9561,Ferretería,12848.54,382
3092,Pro Silla 7346,Deportes,3903.67,423
3093,Eco Mochila 759,Alimentos,7388.85,141
3094,Pro Zapatos 8448,Deportes,10509.5,241
3095,Super Laptop 9686,Belleza,12795.27,355
3096,Ultra Mesa 1180,Alimentos,13717.03,437
3097,Lite TV 1975,Alimentos,14672.58,424
3098,Smart Camiseta 8214,Electrónica,1952.18,60
3099,Eco Camiseta 1686,Hogar,9724.24,146
3100,Eco TV 1075,Electrónica,9296.95,300
3101,Pro Cámara 6006,Electrónica,14392.21,243
3102,Max Reloj 5210,Belleza,5895.52,222
3103,Mega Laptop 9961,Libros,12790.22,392
3104,Eco Cámara 4524,Belleza,8138.85,239
3105,Super Mochila 7757,Electrónica,13953.14,196
3106,Mega TV 6543,Hogar,9295.74,438
3107,Mega TV 9432,Ropa,630.86,73
3108,Ultra Silla 2389,Ferretería,10326.99,421
3109,Lite Monitor 456,Libros,1526.92,458
3110,Smart Camiseta 569,Electrónica,8186.57,496
3111,Eco Cámara 5793,Libros,5657.57,199
3112,Super Reloj 435,Deportes,14106.31,498
3113,Ultra Cámara 9996,Ropa,435.62,190
3114,Eco Monitor 9163,Belleza,12930.38,58
3115,Smart Zapatos 1824,Deportes,2751.49,229
3116,Lite Mochila 7031,Juguetes,2439.07,456
3117,Ultra Mochila 9579,Ropa,13734.95,339
3118,Max Mochila 5850,Hogar,1207.22,407
3119,Mega Reloj 8838,Belleza,8434.9,129
3120,Super Laptop 4497,Deportes,1520.78,36
3121,Lite Monitor 6038,Belleza,12701.7,105
3122,Super Monitor 9549,Hogar,8552.16,266
3123,Super Monitor 1182,Deportes,11024.59,194
3124,Super Reloj 2021,Ropa,6174.75,75
3125,Mega Zapatos 3413,Alimentos,3201.05,330
3126,Ultra Camiseta 7084,Electrónica,1783.21,229
3127,Ultra Camiseta 5931,Juguetes,215.44,155
3128,Eco Laptop 4581,Juguetes,12737.43,110
3129,Super Monitor 2273,Alimentos,9870.53,412
3130,Pro Reloj 824,Electrónica,1459.84,33
3131,Ultra Silla 6127,Deportes,6181.6,120
3132,Max Mochila 6603,Electrónica,12517.99,66
3133,Pro Cámara 6287,Hogar,13082.13,463
3134,Max Zapatos 7820,Alimentos,13663.06,238
3135,Super Monitor 1687,Libros,11330.56,160
3136,Lite Silla 619,Ropa,11619.54,351
3137,Pro Mochila 6904,Belleza,6529.53,142
3138,Smart Camiseta 3548,Belleza,14611.95,357
3139,Ultra Silla 4457,Electrónica,7753.51,199
3140,Pro Laptop 9248,Juguetes,8680.29,497
3141,Smart Camiseta 5374,Juguetes,12308.4,17
3142,Smart Mesa 8195,Juguetes,2060.87,470
3143,Smart Mesa 5713,Alimentos,4519.49,34
3144,Ultra Silla 8829,Ropa,13977.45,92
3145,Smart Reloj 6434,Ferretería,562.43,202
3146,Lite Mesa 9113,Ferretería,838.85,84
3147,Pro Reloj 8242,Alimentos,2217.75,101
3148,Max Camiseta 8364,Ferretería,5430.41,482
3149,Lite Mochila 5860,Ropa,2458.09,104
3150,Mega Mochila 4405,Ropa,14587.38,178
3151,Pro Silla 7116,Alimentos,10354.02,391
3152,Smart TV 6080,Hogar,8969.21,36
3153,Eco Mochila 1398,Hogar,13390.15,217
3154,Lite Camiseta 5646,Deportes,3114.51,446
3155,Pro Cámara 8482,Juguetes,9747.94,368
3156,Ultra Mochila 4330,Electrónica,10133.81,128
3157,Mega Cámara 8895,Deportes,10934.87,150
3158,Mega TV 903,Hogar,4861.8,60
3159,Ultra Mesa 4485,Deportes,4249.25,97
3160,Max Silla 8202,Libros,6582.63,199
3161,Lite Cámara 5280,Ropa,1526.44,290
3162,Lite Cámara 5756,Libros,4112.23,405
3163,Super TV 769,Libros,2392.53,270
3164,Smart Mesa 5095,Libros,9335.15,378
3165,Mega Mesa 6579,Ropa,10070.98,418
3166,Max Camiseta 9029,Deportes,4425.2,202
3167,Pro Laptop 7584,Belleza,3325.67,89
3168,Mega Silla 2207,Juguetes,2908.49,165
3169,Smart Camiseta 2514,Belleza,7807.35,112
3170,Mega Silla 1907,Hogar,13176.73,108
3171,Mega Mochila 7021,Ropa,1849.94,346
3172,Pro Reloj 779,Electrónica,12761.17,313
3173,Mega TV 9261,Electrónica,11682.75,239
3174,Eco Zapatos 1493,Ropa,643.86,361
3175,Max Mesa 9291,Ferretería,3253.31,137
3176,Super Reloj 7445,Deportes,8220.29,112
3177,Super Silla 4462,Hogar,13572.23,19
3178,Ultra Camiseta 6842,Belleza,4844.72,325
3179,Eco Zapatos 4483,Libros,2661.21,103
3180,Mega Mochila 9531,Alimentos,3708.97,74
3181,Smart Zapatos 854,Libros,4367.3,41
3182,Eco Zapatos 2749,Deportes,14104.39,198
3183,Ultra Camiseta 5175,Libros,9637.56,465
3184,Max Reloj 7793,Deportes,13349.97,395
3185,Super Mochila 8054,Ropa,717.42,343
3186,Smart Zapatos 9157,Juguetes,6004.49,400
3187,Mega Reloj 5877,Ropa,2491.61,216
3188,Ultra Mesa 4337,Deportes,12383.65,20
3189,Super Cámara 7579,Ropa,4247.71,376
3190,Pro Reloj 5500,Deportes,2653.87,434
3191,Pro Cámara 6170,Deportes,9705.94,116
3192,Super Cámara 7264,Juguetes,5902.34,303
3193,Mega Cámara 2663,Deportes,4982.79,218
3194,Max Reloj 7539,Ferretería,1660.55,245
3195,Mega Camiseta 1425,Juguetes,2561.64,314
3196,Ultra Mochila 8083,Electrónica,5746.11,122
3197,Max Mesa 9335,Deportes,4911.6,74
3198,Smart Laptop 1121,Ferretería,12830.75,425
3199,Eco Monitor 7367,Hogar,194.18,307
3200,Max TV 1496,Libros,7537.66,253
3201,Lite TV 8245,Deportes,3309.13,329
3202,Eco Cámara 4568,Ferretería,13146.52,471
3203,Ultra Mochila 2718,Electrónica,2187.01,337
3204,Super Camiseta 8892,Electrónica,1066.07,488
3205,Eco Mochila 5125,Belleza,2847.66,244
3206,Smart TV 5279,Ferretería,8859.99,146
3207,Super Monitor 6172,Ferretería,3388.83,449
3208,Eco Silla 9813,Libros,5196.97,268
3209,Smart Camiseta 1378,Hogar,12798.3,6
3210,Smart Zapatos 7184,Ferretería,1100.95,5
3211,Max Mochila 7935,Ferretería,11091.95,285
3212,Pro Reloj 8395,Hogar,2613.76,464
3213,Ultra Zapatos 2594,Hogar,8546.61,35
3214,Eco Laptop 3581,Deportes,2912.82,179
3215,Mega Laptop 1743,Alimentos,6289.36,98
3216,Max Laptop 2243,Hogar,5980.34,145
3217,Super Mochila 2331,Ferretería,7112.41,20
3218,Ultra Mochila 1975,Libros,997.44,212
3219,Pro Silla 1777,Alimentos,9349.28,345
3220,Smart Reloj 2465,Ferretería,598.48,13
3221,Ultra Camiseta 4545,Deportes,2133.71,131
3222,Pro Mesa 5419,Alimentos,3696.41,245
3223,Eco Mesa 1853,Deportes,5392.57,49
3224,Smart Mochila 9801,Electrónica,10614.13,429
3225,Super TV 1855,Ropa,1677.4,0
3226,Ultra Mesa 8396,Libros,10525.66,346
3227,Smart Laptop 2562,Deportes,6705.96,447
3228,Pro Reloj 2777,Ropa,3766.46,242
3229,Super Cámara 3278,Ferretería,2640.55,470
3230,Ultra Silla 5232,Belleza,1254.53,372
3231,Smart Zapatos 3366,Hogar,4204.73,45
3232,Max Mochila 8207,Juguetes,5431.89,146
3233,Ultra TV 6703,Juguetes,6878.32,447
3234,Eco Mochila 400,Ferretería,8389.12,255
3235,Eco Silla 6579,Ropa,10858.03,74
3236,Smart Cámara 2553,Belleza,3714.92,293
3237,Mega Camiseta 4887,Ferretería,13972.26,315
3238,Lite Zapatos 4706,Hogar,10930.83,119
3239,Lite Mochila 3902,Belleza,1292.99,181
3240,Ultra Reloj 7927,Electrónica,227.0,108
3241,Max TV 9688,Juguetes,3035.27,231
3242,Ultra Cámara 4492,Belleza,3030.81,54
3243,Ultra Mesa 262,Electrónica,14478.02,135
3244,Eco Zapatos 9433,Libros,4418.84,385
3245,Lite Zapatos 8421,Alimentos,10400.89,223
3246,Eco Mochila 8869,Deportes,4753.69,257
3247,Super Reloj 2039,Juguetes,629.83,391
3248,Mega TV 6174,Deportes,9598.17,322
3249,Lite Zapatos 7692,Libros,7627.73,3
3250,Lite Zapatos 368,Alimentos,1154.29,397
3251,Smart Monitor 6830,Electrónica,5454.73,211
3252,Max Laptop 7816,Ferretería,13099.13,406
3253,Smart Zapatos 8362,Juguetes,545.45,326
3254,Smart Laptop 7047,Hogar,12078.78,7
3255,Ultra Zapatos 7765,Electrónica,5208.84,333
3256,Pro Mochila 6975,Alimentos,5752.76,18
3257,Max Zapatos 951,Belleza,12142.61,190
3258,Smart Monitor 9728,Juguetes,8284.57,114
3259,Smart Mochila 1936,Libros,4417.84,233
3260,Pro Laptop 6840,Ropa,10236.03,326
3261,Lite TV 2507,Electrónica,9921.48,120
3262,Max Zapatos 9158,Ropa,6902.83,238
3263,Max Laptop 3887,Juguetes,7348.41,167
3264,Pro TV 4010,Hogar,8199.27,409
3265,Smart Mesa 9096,Electrónica,6193.33,498
3266,Ultra Silla 1942,Belleza,5786.15,97
3267,Max Monitor 4957,Ropa,1179.53,176
3268,Max Monitor 2840,Ropa,4880.8,83
3269,Max Mochila 3352,Juguetes,1513.46,417
3270,Super Reloj 7741,Juguetes,1957.18,15
3271,Pro Zapatos 7874,Deportes,1844.04,112
3272,Pro Monitor 3465,Ferretería,5029.86,267
3273,Mega Zapatos 3531,Belleza,868.28,427
3274,Eco Mochila 7406,Juguetes,13647.17,180
3275,Mega Mochila 9173,Deportes,5760.35,385
3276,Smart Mochila 9594,Ferretería,11039.48,226
3277,Pro Silla 4387,Belleza,3807.83,71
3278,Lite Mochila 254,Hogar,9959.88,28
3279,Max Mesa 131,Ropa,10141.75,157
3280,Pro TV 8644,Libros,14053.32,37
3281,Pro Mochila 7876,Belleza,8000.8,378
3282,Pro TV 5756,Electrónica,6236.0,434
3283,Mega Laptop 7186,Ferretería,1448.96,347
3284,Mega Zapatos 2047,Libros,9376.49,491
3285,Mega Monitor 7586,Alimentos,6653.76,324
3286,Pro Silla 477,Deportes,7092.19,470
3287,Ultra Mesa 1555,Deportes,6740.61,301
3288,Pro Mochila 2463,Belleza,6465.69,348
3289,Eco Laptop 9318,Ropa,2339.17,396
3290,Ultra Laptop 5732,Ropa,1874.94,307
3291,Pro Silla 9663,Ropa,7383.61,193
3292,Ultra TV 860,Ropa,2545.25,182
3293,Super Cámara 480,Ferretería,4786.87,258
3294,Eco Cámara 271,Juguetes,1498.2,379
3295,Eco Reloj 6584,Libros,13497.55,138
3296,Pro Reloj 1109,Libros,13502.6,327
3297,Ultra Mesa 6046,Belleza,8289.72,442
3298,Smart Reloj 1950,Ferretería,8523.69,92
3299,Lite Camiseta 6892,Juguetes,14241.86,465
3300,Mega TV 6927,Juguetes,970.04,421
3301,Ultra Camiseta 4638,Deportes,10686.68,450
3302,Super Reloj 1257,Juguetes,5280.24,89
3303,Pro Reloj 152,Libros,14468.59,43
3304,Smart Mesa 2921,Electrónica,7372.08,272
3305,Super Reloj 2357,Electrónica,12286.78,320
3306,Ultra Zapatos 8764,Alimentos,13328.07,365
3307,Eco Cámara 1758,Ferretería,6420.8,424
3308,Smart Silla 1610,Electrónica,11815.33,375
3309,Ultra Laptop 6725,Libros,9056.77,130
3310,Pro Silla 3662,Electrónica,2740.49,199
3311,Lite Silla 5784,Libros,2865.9,79
3312,Pro Mesa 359,Juguetes,6759.17,52
3313,Max TV 5096,Ropa,14494.33,445
3314,Lite Camiseta 8059,Electrónica,7864.64,64
3315,Ultra Mesa 8678,Hogar,2264.5,202
3316,Max Mochila 3847,Belleza,12637.92,272
3317,Super TV 6967,Libros,4270.06,376
3318,Lite TV 9197,Deportes,12666.75,23
3319,Mega Silla 9155,Hogar,730.76,157
3320,Ultra Zapatos 6361,Juguetes,13321.33,67
3321,Lite Cámara 7331,Hogar,4522.68,23
3322,Pro Cámara 3979,Belleza,850.55,56
3323,Pro Silla 563,Ropa,4040.61,188
3324,Max Zapatos 8982,Belleza,5181.46,123
3325,Mega Laptop 281,Ropa,12927.0,42
3326,Max Cámara 6826,Hogar,9872.41,9
3327,Eco Zapatos 7008,Hogar,6136.1,234
3328,Pro Monitor 1862,Alimentos,2997.61,201
3329,Super Silla 7746,Hogar,6848.94,42
3330,Max Mochila 460,Ropa,13653.92,124
3331,Lite Camiseta 5759,Libros,12641.91,58
3332,Lite Monitor 4502,Ferretería,2499.42,383
3333,Lite Camiseta 6700,Ferretería,12143.35,92
3334,Super Laptop 6768,Ferretería,14341.18,192
3335,Smart Monitor 7265,Libros,83.18,260
3336,Eco Silla 6967,Ropa,8607.06,221
3337,Lite Reloj 6147,Alimentos,9846.96,413
3338,Smart Monitor 8290,Alimentos,14736.4,340
3339,Lite Cámara 4029,Ropa,11110.13,432
3340,Super Mochila 2657,Alimentos,13583.31,341
3341,Super Mochila 5762,Ropa,7709.24,282
3342,Lite Reloj 3795,Ferretería,12829.14,392
3343,Ultra Zapatos 3431,Ropa,4736.82,268
3344,Ultra Zapatos 1696,Ropa,463.71,89
3345,Ultra Laptop 3608,Juguetes,4936.51,497
3346,Ultra Reloj 848,Juguetes,6704.87,134
3347,Max Mesa 9765,Hogar,5548.76,479
3348,Smart Silla 6802,Juguetes,2391.04,44
3349,Pro Cámara 8053,Ferretería,8651.52,177
3350,Pro Reloj 2698,Hogar,7535.06,15
3351,Lite Reloj 8510,Libros,4807.46,84
3352,Super Laptop 8378,Ropa,8962.32,375
3353,Super Mochila 5748,Deportes,4222.11,320
3354,Mega Monitor 5801,Alimentos,2531.4,424
3355,Mega TV 5160,Deportes,318.05,456
3356,Smart Camiseta 9797,Alimentos,5153.63,344
3357,Eco Cámara 1464,Libros,4553.43,204
3358,Mega Reloj 942,Libros,7578.07,149
3359,Pro Camiseta 925,Alimentos,305.12,237
3360,Max Silla 4733,Ferretería,5523.28,410
3361,Max Zapatos 7642,Alimentos,6841.67,497
3362,Eco Camiseta 6818,Belleza,2347.3,484
3363,Max Monitor 7693,Electrónica,7017.6,293
3364,Max Zapatos 906,Electrónica,6272.76,203
3365,Max Mochila 6387,Electrónica,7183.48,335
3366,Mega Monitor 9328,Deportes,7480.14,170
3367,Mega Silla 5219,Ferretería,6083.15,314
3368,Lite TV 3244,Ropa,1107.8,357
3369,Ultra TV 5469,Juguetes,1427.76,164
3370,Lite Mesa 4939,Juguetes,10228.53,67
3371,Eco Cámara 3008,Ferretería,10084.24,447
3372,Pro TV 6516,Hogar,5215.95,120
3373,Max Silla 5273,Ferretería,10040.16,358
3374,Max Silla 3683,Juguetes,3967.65,163
3375,Lite Silla 5987,Ferretería,1136.31,368
3376,Ultra TV 9182,Juguetes,5888.42,187
3377,Eco Camiseta 9851,Ferretería,12758.69,479
3378,Mega Mochila 1952,Juguetes,5120.12,483
3379,Eco Camiseta 6977,Libros,13820.27,370
3380,Lite Silla 3383,Deportes,3991.44,42
3381,Lite Mochila 9311,Hogar,9049.39,165
3382,Smart Reloj 7416,Belleza,1335.99,10
3383,Smart Laptop 8024,Belleza,6388.7,396
3384,Smart Reloj 5420,Electrónica,3896.51,477
3385,Lite Monitor 4291,Ferretería,2559.64,228
3386,Lite Monitor 4092,Hogar,10267.19,186
3387,Ultra Cámara 9158,Hogar,7495.33,33
3388,Mega Reloj 5394,Ropa,254.33,470
3389,Super TV 810,Ropa,7705.74,239
3390,Super Mesa 4884,Deportes,11815.96,366
3391,Smart Camiseta 3863,Belleza,13626.22,464
3392,Pro TV 5575,Libros,601.43,281
3393,Super Mesa 3725,Deportes,4697.18,219
3394,Ultra Cámara 6020,Ferretería,13325.61,424
3395,Super Laptop 2308,Electrónica,10776.28,296
3396,Ultra TV 4789,Electrónica,6050.66,86
3397,Eco TV 643,Ferretería,3562.75,88
3398,Mega Camiseta 2202,Libros,2660.94,145
3399,Eco Mochila 5461,Ferretería,1684.77,218
3400,Max Mochila 9178,Juguetes,8617.7,256
3401,Eco Zapatos 4554,Electrónica,14165.67,447
3402,Lite Camiseta 4729,Belleza,3942.4,169
3403,Super Camiseta 4351,Alimentos,8608.98,362
3404,Pro Mesa 6647,Alimentos,12511.94,171
3405,Pro Camiseta 1371,Juguetes,10387.35,164
3406,Smart Mesa 6026,Ropa,2247.11,360
3407,Eco Monitor 8627,Ropa,10780.45,444
3408,Mega Camiseta 9209,Electrónica,11727.84,217
3409,Pro TV 2247,Deportes,518.74,234
3410,Smart Mesa 5547,Ferretería,2300.15,366
3411,Smart Monitor 4094,Hogar,8524.23,74
3412,Max Silla 8526,Ferretería,3530.32,14
3413,Mega Reloj 8615,Belleza,8430.81,117
3414,Eco TV 1782,Ferretería,3662.31,141
3415,Smart Laptop 5265,Juguetes,13192.43,333
3416,Eco Reloj 8219,Alimentos,3719.07,284
3417,Ultra Mochila 2676,Ropa,7717.61,398
3418,Smart TV 4685,Alimentos,5377.86,217
3419,Max TV 6033,Belleza,10366.34,130
3420,Super Mochila 753,Electrónica,7459.64,277
3421,Max Laptop 2020,Libros,8004.9,471
3422,Pro Camiseta 525,Juguetes,13847.57,434
3423,Mega Laptop 2309,Deportes,5091.93,80
3424,Mega Zapatos 3659,Hogar,11998.4,5
3425,Ultra Monitor 677,Ropa,2166.25,141
3426,Mega Monitor 8680,Deportes,4842.84,278
3427,Pro TV 9873,Belleza,12368.6,371
3428,Smart Camiseta 5168,Juguetes,13961.52,207
3429,Mega Reloj 9675,Deportes,228.85,364
3430,Max Camiseta 4175,Ferretería,10471.84,308
3431,Mega Laptop 9008,Hogar,14111.43,72
3432,Smart Cámara 9638,Deportes,1192.84,289
3433,Lite Camiseta 8547,Belleza,3644.84,160
3434,Smart Monitor 4655,Ropa,13442.58,66
3435,Mega Cámara 521,Deportes,8487.85,69
3436,Super Mochila 2949,Belleza,7968.52,93
3437,Mega Cámara 1070,Juguetes,12526.21,36
3438,Max Cámara 9998,Libros,6582.0,426
3439,Max Monitor 6123,Deportes,2954.7,160
3440,Max Monitor 281,Libros,13079.23,334
3441,Pro Monitor 7107,Ropa,10556.26,443
3442,Ultra Mesa 7085,Electrónica,428.58,400
3443,Mega Cámara 9887,Deportes,4568.21,332
3444,Lite Zapatos 5117,Ropa,1394.24,137
3445,Ultra Silla 2355,Ferretería,13696.97,469
3446,Eco Monitor 2788,Libros,8445.66,491
3447,Pro Cámara 4867,Deportes,1521.81,300
3448,Smart Laptop 9215,Electrónica,832.06,418
3449,Lite Reloj 4460,Ferretería,14240.33,177
3450,Pro Monitor 814,Hogar,10816.79,405
3451,Pro Monitor 1278,Juguetes,409.63,116
3452,Eco TV 3496,Deportes,5360.39,85
3453,Lite Reloj 895,Electrónica,8059.44,53
3454,Ultra Zapatos 3875,Juguetes,4744.33,74
3455,Pro Cámara 8561,Hogar,13228.3,382
3456,Mega Mochila 1231,Juguetes,14728.38,349
3457,Super TV 3818,Deportes,251.96,345
3458,Smart Mesa 8276,Electrónica,3060.61,239
3459,Mega Zapatos 2553,Belleza,8112.03,164
3460,Ultra Camiseta 7550,Ferretería,7047.64,7
3461,Eco Cámara 2863,Libros,4317.97,39
3462,Ultra Monitor 8252,Ferretería,7575.03,380
3463,Max Cámara 5413,Libros,10304.1,420
3464,Super Camiseta 8212,Juguetes,5827.72,87
3465,Smart TV 9306,Libros,10459.3,405
3466,Mega TV 4653,Alimentos,13238.06,82
3467,Max Silla 2632,Juguetes,5349.49,160
3468,Eco Cámara 7798,Ferretería,9350.71,335
3469,Eco Cámara 7274,Electrónica,12181.84,463
3470,Pro Mochila 7321,Alimentos,6267.49,4
3471,Lite Mesa 5574,Ferretería,13540.58,391
3472,Ultra Silla 3593,Libros,14581.19,191
3473,Eco Mesa 1170,Electrónica,5151.79,361
3474,Eco Monitor 5682,Electrónica,13925.04,302
3475,Eco Zapatos 7345,Libros,11607.45,37
3476,Smart Reloj 1178,Alimentos,11239.5,419
3477,Lite Mesa 7973,Hogar,1014.43,450
3478,Lite Laptop 2288,Juguetes,13589.45,128
3479,Pro TV 8573,Ropa,14872.98,240
3480,Mega Zapatos 6353,Electrónica,14946.91,345
3481,Eco Mochila 4422,Hogar,9858.18,217
3482,Lite Laptop 5369,Ferretería,11520.63,126
3483,Max Mochila 7500,Hogar,1349.16,156
3484,Lite Silla 1902,Ferretería,5178.37,24
3485,Super Monitor 6431,Ferretería,6963.48,124
3486,Mega Zapatos 6694,Belleza,11512.88,96
3487,Lite Cámara 6456,Ropa,3758.5,124
3488,Pro Camiseta 5380,Libros,13473.07,90
3489,Pro Cámara 8560,Libros,9848.09,440
3490,Mega Mesa 346,Deportes,8666.19,453
3491,Mega TV 495,Alimentos,12074.77,274
3492,Super Monitor 2848,Belleza,11153.82,373
3493,Smart Reloj 2032,Deportes,8135.38,162
3494,Eco Cámara 6770,Deportes,1251.27,406
3495,Eco TV 5172,Alimentos,7427.38,340
3496,Lite Laptop 7342,Belleza,5728.9,220
3497,Eco Silla 6081,Juguetes,2075.21,389
3498,Max Camiseta 7523,Libros,4883.89,269
3499,Ultra Zapatos 7509,Belleza,4227.77,95
3500,Mega Silla 1476,Libros,11495.29,96
3501,Eco Zapatos 8522,Libros,10461.95,164
3502,Max Mesa 5619,Ferretería,842.99,35
3503,Ultra Reloj 1831,Deportes,9496.15,36
3504,Lite Mesa 1497,Electrónica,5772.65,391
3505,Lite Cámara 2242,Electrónica,12010.55,66
3506,Super Mochila 3403,Electrónica,9030.8,39
3507,Smart Camiseta 2764,Juguetes,1284.1,374
3508,Max Reloj 6446,Belleza,2567.16,420
3509,Smart Cámara 4118,Juguetes,956.29,13
3510,Lite Reloj 6770,Ferretería,11347.7,8
3511,Ultra Mochila 9312,Ropa,5279.74,178
3512,Ultra Mochila 9806,Deportes,3788.25,173
3513,Lite TV 6689,Ferretería,3555.24,397
3514,Mega Monitor 1880,Juguetes,6061.36,16
3515,Super Silla 6178,Alimentos,1017.97,461
3516,Super Mesa 8972,Belleza,10215.83,264
3517,Ultra Camiseta 2240,Ropa,405.69,308
3518,Smart TV 836,Belleza,11030.64,21
3519,Ultra Camiseta 3225,Juguetes,12872.41,21
3520,Super Cámara 9059,Hogar,2751.4,416
3521,Smart Mesa 6077,Alimentos,1351.12,43
3522,Max Cámara 6487,Ropa,7522.2,48
3523,Lite Zapatos 5098,Deportes,8140.49,274
3524,Max TV 5863,Libros,5484.02,229
3525,Super Laptop 8631,Hogar,8363.84,428
3526,Max Mesa 5636,Juguetes,6745.81,330
3527,Max Mochila 8203,Electrónica,2358.87,69
3528,Ultra Cámara 7247,Ferretería,6536.41,27
3529,Lite Mesa 5675,Hogar,4891.37,359
3530,Ultra Monitor 6669,Alimentos,12348.08,310
3531,Pro Camiseta 8511,Electrónica,7259.41,475
3532,Ultra Laptop 3183,Ropa,6632.03,402
3533,Eco Laptop 8621,Libros,10836.53,400
3534,Lite Zapatos 9954,Belleza,14067.05,337
3535,Mega Zapatos 6968,Ferretería,7061.24,417
3536,Eco Monitor 3245,Juguetes,1837.49,143
3537,Ultra Cámara 4047,Hogar,4357.16,9
3538,Smart Camiseta 9173,Ferretería,3074.46,303
3539,Mega Zapatos 5404,Ropa,7541.02,369
3540,Ultra Mesa 7271,Hogar,14357.39,430
3541,Eco Laptop 2746,Juguetes,645.32,209
3542,Smart Zapatos 3132,Alimentos,1921.64,58
3543,Eco Laptop 680,Belleza,4502.65,410
3544,Mega Cámara 4623,Ropa,2037.5,404
3545,Ultra Monitor 3525,Belleza,14590.39,2
3546,Ultra Mochila 2722,Libros,6365.64,175
3547,Mega Monitor 8143,Alimentos,5332.29,80
3548,Smart Monitor 9755,Electrónica,13279.1,370
3549,Smart Monitor 1633,Deportes,10689.49,428
3550,Max Mochila 2769,Hogar,6221.55,444
3551,Ultra Reloj 6342,Juguetes,8581.46,359
3552,Lite Reloj 6828,Ferretería,9126.66,43
3553,Max Reloj 7365,Hogar,12467.3,93
3554,Pro Laptop 6369,Ferretería,1171.34,244
3555,Smart Cámara 8191,Belleza,11096.23,401
3556,Lite Mochila 1790,Juguetes,7906.62,255
3557,Pro Mesa 1497,Ferretería,865.45,406
3558,Super Laptop 2503,Libros,8789.91,474
3559,Eco Monitor 198,Alimentos,13144.64,462
3560,Lite Monitor 8004,Deportes,5135.28,57
3561,Pro TV 6795,Ropa,3021.62,261
3562,Super Laptop 9024,Electrónica,12143.13,143
3563,Smart Mesa 1956,Ropa,12592.21,306
3564,Lite Laptop 8092,Deportes,9818.25,138
3565,Mega Zapatos 4933,Deportes,5698.35,118
3566,Pro Zapatos 4743,Ferretería,10272.41,469
3567,Super Cámara 4403,Alimentos,8027.91,0
3568,Smart Mesa 6508,Ferretería,7132.98,384
3569,Lite Zapatos 7978,Alimentos,6517.67,188
3570,Lite Mochila 8305,Alimentos,7315.17,289
3571,Ultra Mesa 292,Electrónica,835.48,27
3572,Ultra Cámara 6345,Alimentos,827.43,99
3573,Eco Mesa 6465,Juguetes,1428.58,19
3574,Smart Silla 6689,Electrónica,14690.45,148
3575,Max Laptop 7254,Ropa,4229.18,147
3576,Eco Cámara 1716,Deportes,9491.79,241
3577,Eco Zapatos 1272,Hogar,3619.59,381
3578,Smart Camiseta 5439,Alimentos,13831.29,60
3579,Mega Camiseta 8532,Juguetes,2979.68,43
3580,Mega Reloj 9950,Belleza,6580.28,424
3581,Smart Silla 660,Electrónica,14536.12,256
3582,Eco Silla 7442,Juguetes,995.8,234
3583,Eco Mesa 9615,Hogar,1102.87,343
3584,Smart Mochila 3206,Deportes,13660.77,403
3585,Lite Zapatos 7606,Alimentos,9912.6,369
3586,Pro Mochila 1290,Alimentos,14670.21,205
3587,Eco Laptop 5988,Juguetes,4893.17,103
3588,Mega Silla 6465,Belleza,7592.85,23
3589,Pro Mesa 9784,Hogar,12267.5,66
3590,Eco Mochila 2107,Belleza,9560.32,277
3591,Max Silla 814,Electrónica,6342.77,144
3592,Ultra TV 9907,Electrónica,10979.86,282
3593,Pro Mesa 9717,Ropa,13821.65,383
3594,Eco Laptop 3163,Electrónica,6539.26,358
3595,Ultra Laptop 4993,Belleza,5075.81,103
3596,Eco Mesa 4650,Ferretería,7886.06,49
3597,Eco Reloj 8835,Libros,5061.82,317
3598,Super Monitor 729,Ferretería,5182.14,436
3599,Pro Reloj 1895,Ferretería,7584.51,365
3600,Super TV 4946,Ropa,186.08,106
3601,Mega Zapatos 5524,Electrónica,14631.4,217
3602,Super Silla 754,Libros,14734.04,238
3603,Lite Laptop 3229,Juguetes,8780.79,55
3604,Ultra Laptop 7967,Deportes,3455.95,176
3605,Mega TV 8880,Ropa,2988.14,407
3606,Mega Mesa 3528,Alimentos,9665.52,316
3607,Smart Monitor 2634,Electrónica,9806.96,263
3608,Eco Laptop 558,Libros,12254.77,452
3609,Smart Monitor 7441,Ferretería,10377.6,448
3610,Super Monitor 1307,Hogar,13811.88,437
3611,Super Zapatos 4638,Hogar,9560.94,282
3612,Mega Monitor 5271,Libros,3923.13,491
3613,Lite Monitor 2652,Belleza,2830.46,438
3614,Ultra Monitor 6486,Libros,14435.04,120
3615,Ultra Camiseta 346,Libros,5705.06,160
3616,Super Silla 7447,Alimentos,843.05,17
3617,Mega Monitor 1422,Deportes,6856.08,275
3618,Super Silla 7909,Alimentos,3031.06,474
3619,Mega Monitor 7722,Juguetes,10789.54,283
3620,Smart Cámara 9938,Alimentos,4738.96,239
3621,Mega Mochila 7802,Belleza,6522.23,30
3622,Eco Zapatos 4745,Ropa,192.87,424
3623,Smart Camiseta 8792,Ferretería,12077.83,254
3624,Mega Mesa 278,Belleza,973.15,39
3625,Eco Reloj 6021,Hogar,9021.31,285
3626,Mega Camiseta 6095,Ferretería,313.39,350
3627,Eco Mochila 2433,Juguetes,4196.74,127
3628,Mega Zapatos 7467,Alimentos,4025.9,443
3629,Super Camiseta 8112,Libros,12358.04,370
3630,Eco Camiseta 408,Electrónica,5265.39,444
3631,Mega Reloj 1172,Belleza,10845.57,496
3632,Lite TV 7814,Alimentos,131.98,180
3633,Super Camiseta 3402,Alimentos,618.58,264
3634,Super Monitor 7978,Libros,9486.3,118
3635,Max Laptop 2229,Deportes,6117.8,60
3636,Max Zapatos 809,Ropa,12729.35,95
3637,Eco Mesa 416,Libros,14439.08,403
3638,Eco Laptop 7580,Ropa,9813.87,414
3639,Lite Zapatos 6821,Libros,2649.38,97
3640,Ultra Camiseta 5176,Alimentos,4794.17,442
3641,Pro Camiseta 3213,Deportes,1670.54,92
3642,Max Cámara 5872,Libros,12864.97,304
3643,Mega Silla 6934,Libros,6998.98,76
3644,Super Zapatos 7210,Electrónica,8192.03,106
3645,Mega TV 4500,Libros,12521.52,277
3646,Eco Silla 2620,Juguetes,10277.33,206
3647,Max Zapatos 7843,Deportes,9962.46,129
3648,Pro Zapatos 7592,Ferretería,8332.64,54
3649,Ultra Zapatos 9283,Alimentos,14184.33,460
3650,Lite Monitor 9949,Ropa,105.67,253
3651,Smart Mochila 2415,Hogar,10890.1,67
3652,Pro Mesa 1871,Ropa,12100.89,365
3653,Smart Mesa 599,Electrónica,13023.64,86
3654,Ultra Laptop 2252,Juguetes,5495.84,219
3655,Super Reloj 2063,Ferretería,11497.98,204
3656,Eco Cámara 5621,Ferretería,13431.57,17
3657,Pro Zapatos 6277,Libros,13255.55,395
3658,Lite Mesa 585,Belleza,3195.1,233
3659,Max Mesa 2719,Ropa,11352.58,247
3660,Smart Silla 1685,Juguetes,10138.66,335
3661,Ultra Zapatos 8341,Belleza,8314.94,3
3662,Max Reloj 2124,Belleza,1126.84,315
3663,Ultra Zapatos 117,Belleza,12913.76,134
3664,Lite Monitor 5455,Belleza,10975.07,14
3665,Ultra Reloj 2406,Deportes,1193.22,97
3666,Ultra Reloj 5342,Belleza,10043.51,118
3667,Max Silla 7015,Deportes,6438.57,44
3668,Smart Zapatos 4319,Electrónica,9099.17,92
3669,Super Mesa 4648,Hogar,6796.22,107
3670,Super Monitor 430,Deportes,11683.5,374
3671,Mega Camiseta 5383,Ropa,12630.23,276
3672,Mega Mesa 6470,Belleza,8398.3,281
3673,Pro Reloj 9740,Alimentos,5830.28,423
3674,Eco Reloj 8307,Hogar,1348.85,346
3675,Smart Mesa 5866,Ropa,14377.49,372
3676,Mega Zapatos 3352,Belleza,4942.3,229
3677,Super Mochila 615,Deportes,14413.66,445
3678,Ultra Silla 7441,Deportes,7797.72,109
3679,Super Reloj 356,Ropa,8956.45,285
3680,Super Mochila 1141,Hogar,13417.56,237
3681,Super Reloj 6259,Belleza,1754.45,156
3682,Eco Mesa 6577,Libros,1803.54,27
3683,Mega Laptop 9765,Juguetes,11490.34,66
3684,Max Laptop 7587,Electrónica,13956.72,231
3685,Ultra Monitor 4262,Ferretería,11100.77,352
3686,Pro Mesa 7109,Deportes,10499.54,180
3687,Super Cámara 5613,Ropa,9221.03,178
3688,Lite Mesa 4759,Ropa,9936.07,62
3689,Max TV 2841,Hogar,13400.93,289
3690,Mega Silla 1871,Hogar,9955.71,338
3691,Pro Monitor 2834,Belleza,712.41,380
3692,Eco Reloj 1981,Ropa,5088.54,151
3693,Mega Laptop 4643,Ferretería,1730.09,13
3694,Ultra Monitor 2811,Hogar,12718.5,270
3695,Mega Zapatos 1979,Deportes,6255.74,9
3696,Mega Mochila 8229,Juguetes,5442.93,393
3697,Eco Monitor 5059,Deportes,14942.4,89
3698,Lite Mesa 1910,Belleza,11344.77,200
3699,Mega Silla 4010,Juguetes,4362.71,448
3700,Lite Mochila 3723,Hogar,2189.88,256
3701,Lite TV 991,Electrónica,14705.9,246
3702,Mega TV 5630,Libros,12506.62,439
3703,Mega Laptop 358,Electrónica,8148.26,153
3704,Ultra Mesa 8648,Belleza,10282.83,129
3705,Super Reloj 5094,Alimentos,8458.75,194
3706,Super Mochila 662,Juguetes,8480.0,181
3707,Lite Monitor 9937,Ferretería,13508.96,271
3708,Eco Reloj 1572,Alimentos,5523.81,427
3709,Ultra Mochila 4593,Libros,11046.9,347
3710,Mega Reloj 2012,Ropa,2731.77,392
3711,Smart Monitor 873,Juguetes,4861.9,10
3712,Max Cámara 7954,Libros,10909.77,85
3713,Pro Monitor 6838,Ropa,10165.87,440
3714,Lite Reloj 9971,Hogar,11721.32,51
3715,Pro Cámara 7911,Hogar,13942.94,261
3716,Max TV 7629,Electrónica,3679.68,20
3717,Smart Mesa 7746,Belleza,2120.96,289
3718,Pro Mesa 568,Ferretería,11375.87,249
3719,Super Laptop 7655,Libros,14483.4,343
3720,Mega Camiseta 790,Alimentos,11871.13,456
3721,Ultra Mesa 9461,Belleza,1655.07,187
3722,Max TV 5902,Electrónica,680.27,488
3723,Eco TV 1712,Ropa,9140.3,304
3724,Mega Cámara 7126,Libros,1238.42,385
3725,Pro Camiseta 1614,Electrónica,8934.7,343
3726,Lite Cámara 2082,Libros,13901.95,16
3727,Mega Silla 3013,Ferretería,7419.02,134
3728,Ultra Silla 5000,Ropa,13994.19,248
3729,Ultra TV 1454,Ferretería,2992.08,257
3730,Smart Laptop 8664,Juguetes,8892.93,415
3731,Super Monitor 2577,Ferretería,4706.27,241
3732,Smart Monitor 6090,Alimentos,8065.23,37
3733,Pro TV 3630,Ropa,6632.11,54
3734,Pro Cámara 7392,Hogar,5468.12,487
3735,Smart Camiseta 8113,Libros,6616.4,289
3736,Ultra Silla 9048,Libros,10611.78,143
3737,Super Mochila 9524,Belleza,3401.18,161
3738,Mega Mesa 559,Libros,8864.1,179
3739,Super Camiseta 3765,Deportes,11073.68,344
3740,Lite Mesa 337,Ropa,1866.13,300
3741,Super Cámara 488,Ferretería,3248.89,397
3742,Max Monitor 3348,Belleza,8850.66,222
3743,Eco Camiseta 8692,Ropa,7898.75,338
3744,Pro Silla 8994,Ropa,1736.84,301
3745,Eco TV 7703,Belleza,14686.66,113
3746,Smart Cámara 5934,Belleza,6977.09,185
3747,Ultra Mochila 4899,Hogar,11736.43,419
3748,Pro Reloj 584,Alimentos,4244.42,126
3749,Lite Reloj 3587,Juguetes,11128.14,62
3750,Ultra TV 4849,Hogar,405.15,44
3751,Mega Mochila 2643,Alimentos,5032.8,237
3752,Super Silla 3828,Belleza,1039.37,303
3753,Mega Mochila 2645,Deportes,8244.92,409
3754,Lite Camiseta 1651,Juguetes,8336.89,232
3755,Eco TV 809,Ropa,8150.28,227
3756,Lite Monitor 1007,Libros,9210.22,34
3757,Lite Mochila 1292,Belleza,6521.44,236
3758,Smart Silla 1822,Alimentos,3536.07,61
3759,Lite Mesa 2011,Juguetes,3518.53,127
3760,Mega Reloj 2543,Belleza,4852.2,352
3761,Ultra Mochila 2067,Belleza,221.72,3
3762,Super Silla 6926,Ropa,13429.76,323
3763,Mega Camiseta 2132,Ferretería,10065.27,76
3764,Pro Zapatos 1022,Ferretería,10796.71,242
3765,Ultra Laptop 3592,Libros,5402.55,231
3766,Eco Reloj 7864,Ropa,5035.99,97
3767,Ultra TV 2259,Alimentos,4904.95,247
3768,Eco Silla 3068,Belleza,8398.6,309
3769,Max Laptop 4296,Hogar,13662.28,59
3770,Lite Monitor 7166,Ferretería,8058.73,364
3771,Super TV 3061,Alimentos,12771.36,324
3772,Pro Silla 8160,Belleza,7316.69,137
3773,Mega Silla 2505,Ferretería,8754.38,48
3774,Smart Mesa 988,Libros,6475.82,12
3775,Super TV 888,Ropa,5363.31,378
3776,Smart Reloj 5193,Alimentos,6470.65,101
3777,Super TV 7429,Belleza,51.12,264
3778,Lite TV 9054,Hogar,5987.07,148
3779,Lite Camiseta 3447,Juguetes,8732.87,132
3780,Super Cámara 6492,Juguetes,13711.44,301
3781,Super Cámara 4158,Juguetes,9328.09,59
3782,Super Mesa 6370,Hogar,3554.26,24
3783,Smart Mesa 8138,Ropa,12631.4,111
3784,Max Monitor 3415,Hogar,5623.44,441
3785,Lite Monitor 2263,Hogar,2567.67,355
3786,Super Reloj 3745,Electrónica,9571.08,449
3787,Super Monitor 4967,Libros,7597.44,233
3788,Max Reloj 1401,Ferretería,6779.87,365
3789,Smart TV 6545,Libros,7215.58,288
3790,Ultra Laptop 6263,Ferretería,14464.9,385
3791,Eco Monitor 9262,Hogar,4777.5,79
3792,Max Camiseta 6467,Belleza,2930.16,112
3793,Smart Mesa 2354,Electrónica,108.45,141
3794,Max Silla 2436,Deportes,8092.98,233
3795,Max Silla 7841,Ferretería,12828.16,148
3796,Smart Zapatos 7525,Juguetes,3143.92,160
3797,Ultra Cámara 1478,Ropa,8479.18,360
3798,Ultra Monitor 343,Deportes,9345.36,413
3799,Pro Laptop 5287,Electrónica,278.1,235
3800,Max Zapatos 5282,Electrónica,7840.18,177
3801,Ultra Zapatos 7407,Alimentos,581.83,231
3802,Pro Silla 8108,Alimentos,8783.28,54
3803,Eco Reloj 9452,Juguetes,7932.75,416
3804,Pro Laptop 6826,Electrónica,5535.88,275
3805,Lite Mesa 4105,Juguetes,8372.48,64
3806,Mega Monitor 9388,Hogar,14442.33,71
3807,Max Monitor 7265,Ropa,2826.72,35
3808,Lite Mesa 4200,Hogar,13686.2,25
3809,Super Mochila 9948,Libros,14460.8,61
3810,Max Camiseta 9528,Deportes,4555.56,470
3811,Pro Reloj 706,Hogar,4926.88,7
3812,Ultra Monitor 1545,Electrónica,10307.34,360
3813,Lite Mesa 7356,Electrónica,8928.27,442
3814,Eco Silla 6618,Ropa,2077.54,268
3815,Smart Zapatos 7493,Hogar,8176.13,217
3816,Ultra Reloj 2555,Deportes,9139.54,111
3817,Eco Laptop 2700,Hogar,10684.09,184
3818,Smart Camiseta 2509,Hogar,13706.53,347
3819,Mega Zapatos 3288,Belleza,3608.93,381
3820,Eco Laptop 335,Belleza,10403.35,108
3821,Eco Laptop 5804,Alimentos,8540.77,66
3822,Max TV 9055,Deportes,9896.91,3
3823,Super TV 7075,Deportes,12219.1,366
3824,Max Reloj 5290,Libros,5871.12,85
3825,Max Silla 9122,Juguetes,7344.58,14
3826,Eco Zapatos 9369,Ferretería,7066.33,238
3827,Smart Silla 2180,Juguetes,11973.12,109
3828,Mega Mochila 7308,Belleza,10763.49,348
3829,Super Cámara 6956,Electrónica,11909.76,219
3830,Smart Cámara 2659,Ferretería,5620.39,365
3831,Eco Monitor 1012,Deportes,8317.27,399
3832,Pro Silla 9078,Deportes,1014.51,454
3833,Max Monitor 4440,Deportes,6087.73,4
3834,Ultra Mochila 7050,Juguetes,4958.74,64
3835,Max Silla 7016,Juguetes,115.72,408
3836,Ultra Camiseta 2010,Hogar,8103.27,439
3837,Super Silla 2752,Ropa,1929.01,302
3838,Max Camiseta 5340,Deportes,7435.01,490
3839,Pro TV 8218,Hogar,11454.43,312
3840,Super Zapatos 1289,Belleza,4836.42,152
3841,Smart Mochila 2749,Ropa,4151.36,320
3842,Max Zapatos 9969,Belleza,11276.32,165
3843,Max Laptop 1695,Deportes,1241.21,346
3844,Mega Zapatos 3830,Belleza,10437.34,322
3845,Lite Laptop 5051,Hogar,12994.24,434
3846,Lite Cámara 5775,Belleza,8513.87,495
3847,Lite Monitor 8649,Ferretería,8119.23,152
3848,Pro Mochila 2314,Ropa,12159.41,50
3849,Ultra Monitor 528,Ferretería,13909.15,488
3850,Pro Mochila 4538,Electrónica,13964.06,165
3851,Max Zapatos 2518,Ferretería,4326.47,465
3852,Mega Zapatos 3550,Ferretería,5792.54,78
3853,Eco Camiseta 4599,Hogar,8085.92,468
3854,Smart Camiseta 1775,Ropa,2014.91,16
3855,Pro Monitor 5928,Juguetes,14231.16,482
3856,Ultra Monitor 6618,Deportes,3578.51,171
3857,Max Laptop 8503,Electrónica,8691.14,228
3858,Lite Mochila 371,Hogar,5787.62,21
3859,Mega Cámara 357,Libros,5762.29,146
3860,Pro Mesa 2678,Belleza,5850.29,373
3861,Max Laptop 7196,Electrónica,11491.76,492
3862,Smart TV 2930,Ferretería,13886.79,94
3863,Lite Monitor 5963,Juguetes,14795.0,388
3864,Smart Silla 1651,Libros,8935.71,265
3865,Super Laptop 4672,Deportes,5737.33,90
3866,Eco Zapatos 8164,Alimentos,10239.85,30
3867,Lite TV 821,Libros,492.44,112
3868,Mega Reloj 3526,Ferretería,310.42,248
3869,Super Monitor 2226,Libros,4058.93,83
3870,Smart Mochila 3732,Libros,1788.93,491
3871,Pro Zapatos 7722,Belleza,11062.16,461
3872,Smart Mochila 1322,Electrónica,4008.27,353
3873,Super Mochila 7340,Ferretería,3280.29,139
3874,Mega Camiseta 196,Libros,11033.67,87
3875,Max Silla 7381,Libros,10330.69,20
3876,Super Silla 4193,Hogar,13055.35,126
3877,Max Zapatos 8556,Juguetes,14783.06,465
3878,Super Monitor 7009,Hogar,8450.87,436
3879,Ultra Cámara 1183,Ropa,9575.14,106
3880,Max Mesa 9390,Hogar,11297.65,280
3881,Mega Zapatos 1510,Alimentos,11704.49,251
3882,Max Mesa 7040,Juguetes,3457.57,226
3883,Max TV 4311,Deportes,1252.97,333
3884,Ultra Silla 1069,Electrónica,11617.39,407
3885,Pro Silla 2104,Hogar,11164.32,161
3886,Pro Camiseta 5786,Belleza,14795.75,232
3887,Ultra Laptop 6827,Hogar,10826.68,311
3888,Lite Laptop 4247,Hogar,6530.74,161
3889,Lite Mesa 9070,Ferretería,10702.06,125
3890,Ultra Cámara 2246,Belleza,9764.01,440
3891,Lite Reloj 7635,Ropa,3197.22,23
3892,Eco Silla 4530,Belleza,9959.06,105
3893,Ultra Zapatos 7045,Juguetes,7064.19,402
3894,Super Mesa 8540,Belleza,4201.78,423
3895,Max Mesa 7791,Libros,5075.66,422
3896,Pro Zapatos 8721,Libros,7514.98,294
3897,Mega Reloj 8634,Electrónica,4428.99,491
3898,Max Mesa 9049,Juguetes,14010.58,137
3899,Max Zapatos 3544,Juguetes,11871.75,379
3900,Eco Monitor 6752,Juguetes,14651.84,155
3901,Eco Mochila 1970,Electrónica,13737.05,394
3902,Ultra Reloj 5989,Ropa,12194.88,169
3903,Smart Camiseta 2065,Deportes,2889.23,222
3904,Lite Mochila 3146,Hogar,7221.75,40
3905,Super Monitor 4436,Electrónica,346.98,482
3906,Max Reloj 7353,Hogar,9495.54,257
3907,Pro Silla 6263,Juguetes,7804.86,157
3908,Super Monitor 5113,Deportes,10469.7,482
3909,Mega TV 8668,Belleza,12976.73,331
3910,Eco Monitor 8619,Ropa,14554.84,489
3911,Smart Camiseta 723,Alimentos,1478.07,255
3912,Smart Mochila 3718,Libros,14901.03,442
3913,Smart Silla 5203,Belleza,3471.21,196
3914,Smart Camiseta 3250,Ropa,4921.97,67
3915,Max Mochila 3025,Hogar,14142.06,252
3916,Lite Mesa 9807,Deportes,13281.31,3
3917,Smart Cámara 8267,Deportes,1168.98,457
3918,Lite Camiseta 2315,Libros,6004.41,497
3919,Mega Mochila 7013,Deportes,940.74,478
3920,Pro Zapatos 248,Juguetes,6617.64,351
3921,Ultra Monitor 3806,Belleza,5416.77,486
3922,Super TV 5624,Belleza,14212.23,306
3923,Smart Cámara 1756,Deportes,7022.48,67
3924,Pro Monitor 5786,Belleza,798.59,192
3925,Ultra Zapatos 8290,Ferretería,12411.75,274
3926,Mega TV 9045,Ferretería,6499.0,426
3927,Smart Reloj 7794,Hogar,13789.79,239
3928,Smart Laptop 9511,Ferretería,12482.85,93
3929,Ultra Monitor 6884,Alimentos,10627.23,119
3930,Max Zapatos 920,Ropa,3095.95,65
3931,Smart Silla 439,Ropa,3501.1,55
3932,Mega Cámara 9725,Electrónica,580.17,302
3933,Mega Camiseta 3191,Libros,6339.93,71
3934,Smart Silla 7264,Libros,11549.86,41
3935,Max Zapatos 8753,Ferretería,13536.88,267
3936,Mega Silla 4335,Libros,10599.83,439
3937,Smart Silla 9077,Ropa,6196.47,224
3938,Ultra Reloj 1057,Alimentos,13681.19,324
3939,Mega Cámara 2401,Deportes,14057.31,155
3940,Smart Zapatos 2687,Ferretería,2464.78,470
3941,Smart Mesa 6322,Juguetes,1782.28,137
3942,Smart TV 9803,Belleza,6625.02,107
3943,Eco Reloj 1162,Hogar,10127.92,247
3944,Ultra Mochila 8237,Ferretería,5835.29,423
3945,Mega Camiseta 224,Ferretería,12847.33,120
3946,Eco Monitor 2077,Ropa,4456.66,374
3947,Lite Zapatos 5443,Alimentos,5945.69,308
3948,Lite Cámara 3981,Electrónica,13960.31,488
3949,Super Camiseta 9023,Ferretería,11843.77,238
3950,Super Cámara 1349,Hogar,10879.87,133
3951,Lite Mesa 694,Ropa,7885.43,278
3952,Smart Laptop 5787,Juguetes,1291.21,306
3953,Pro Camiseta 9799,Alimentos,10649.1,140
3954,Max Mochila 5845,Ferretería,10834.29,103
3955,Max Mochila 5467,Juguetes,9040.58,367
3956,Smart Monitor 2572,Libros,5087.09,470
3957,Ultra Zapatos 3770,Ferretería,12200.57,76
3958,Mega Laptop 7164,Ferretería,13586.33,329
3959,Mega Cámara 6241,Electrónica,2634.2,336
3960,Super TV 2729,Electrónica,7833.78,189
3961,Lite Mesa 7426,Belleza,9312.31,284
3962,Pro Cámara 7081,Deportes,2625.1,12
3963,Smart Zapatos 2007,Ferretería,7963.07,175
3964,Pro Monitor 4323,Electrónica,8639.67,81
3965,Ultra Monitor 7105,Belleza,13609.39,324
3966,Smart Reloj 7969,Electrónica,12820.6,415
3967,Ultra TV 7892,Electrónica,9026.38,12
3968,Eco Laptop 2369,Libros,11180.6,431
3969,Mega Camiseta 6580,Electrónica,14880.32,74
3970,Lite Reloj 8382,Alimentos,4043.54,58
3971,Mega TV 7563,Juguetes,2977.42,142
3972,Eco Silla 9505,Hogar,1019.13,299
3973,Smart Camiseta 3159,Ferretería,7433.74,393
3974,Pro Zapatos 6039,Alimentos,2573.73,76
3975,Ultra Cámara 4921,Ferretería,1898.0,339
3976,Ultra Monitor 9253,Electrónica,7754.18,55
3977,Pro Zapatos 6400,Deportes,8116.18,124
3978,Smart Zapatos 2027,Deportes,9096.84,32
3979,Smart Cámara 3655,Ropa,3725.05,207
3980,Pro Cámara 857,Electrónica,12677.93,40
3981,Smart Monitor 109,Ropa,10016.56,134
3982,Ultra Cámara 7408,Ferretería,3306.9,429
3983,Smart Camiseta 5868,Hogar,10983.72,77
3984,Mega Zapatos 9083,Juguetes,13710.7,300
3985,Ultra Laptop 9014,Libros,12701.72,247
3986,Pro Mesa 808,Juguetes,7503.06,389
3987,Smart Monitor 9388,Electrónica,2632.12,295
3988,Pro Mesa 481,Hogar,3904.52,293
3989,Mega Laptop 1230,Deportes,11086.3,226
3990,Mega Laptop 3478,Alimentos,9116.91,346
3991,Ultra Reloj 4925,Electrónica,464.11,105
3992,Lite Reloj 5900,Ferretería,8751.26,429
3993,Eco Cámara 760,Alimentos,12723.32,178
3994,Eco Cámara 1597,Hogar,188.7,143
3995,Super Cámara 7191,Belleza,14118.66,139
3996,Mega TV 7774,Deportes,6353.22,285
3997,Super Laptop 7319,Deportes,14401.09,307
3998,Max Camiseta 7916,Juguetes,3088.86,177
3999,Smart Camiseta 4738,Deportes,5216.15,422
4000,Mega Silla 6703,Libros,9217.26,69
4001,Eco Laptop 2330,Ropa,13001.03,234
4002,Super Cámara 6171,Ropa,12868.49,103
4003,Super TV 992,Ferretería,10871.98,462
4004,Ultra Laptop 3261,Ropa,4783.45,152
4005,Lite Silla 7960,Hogar,14911.1,189
4006,Max Camiseta 8284,Ferretería,11551.04,247
4007,Pro Mochila 4667,Ferretería,8786.87,50
4008,Eco Cámara 3049,Juguetes,6621.26,375
4009,Eco Mochila 4983,Deportes,8968.73,480
4010,Mega Monitor 9201,Juguetes,10040.91,79
4011,Mega Monitor 4489,Belleza,6024.04,200
4012,Pro Mesa 7336,Belleza,9460.59,235
4013,Smart Mochila 4662,Belleza,2309.05,226
4014,Smart Monitor 5544,Belleza,14998.4,412
4015,Mega Laptop 5759,Ropa,8426.47,168
4016,Smart Reloj 9290,Alimentos,6877.86,457
4017,Smart Monitor 3096,Ropa,8826.24,477
4018,Mega Laptop 7510,Electrónica,11189.29,375
4019,Lite TV 4456,Deportes,5796.33,304
4020,Super Monitor 847,Belleza,443.05,24
4021,Super Cámara 3379,Belleza,1047.93,197
4022,Ultra Mochila 2996,Hogar,3805.79,254
4023,Pro Silla 9666,Ropa,5570.07,230
4024,Ultra Monitor 116,Alimentos,7106.13,437
4025,Lite Reloj 6511,Libros,3976.73,478
4026,Super Camiseta 596,Ferretería,1808.87,335
4027,Pro TV 8768,Electrónica,10724.58,76
4028,Pro Silla 8512,Belleza,2702.15,87
4029,Eco Monitor 368,Juguetes,3549.25,410
4030,Lite Cámara 1703,Hogar,13815.52,259
4031,Super Camiseta 1693,Hogar,6266.17,105
4032,Smart Reloj 2788,Libros,1613.31,85
4033,Eco Laptop 9839,Juguetes,14507.26,198
4034,Pro TV 9288,Hogar,8865.6,136
4035,Ultra Camiseta 3557,Ropa,14067.93,167
4036,Super Cámara 1354,Ropa,2139.87,220
4037,Max Laptop 3832,Deportes,11519.71,490
4038,Smart Reloj 3142,Electrónica,12964.16,462
4039,Pro Silla 4822,Deportes,13677.11,255
4040,Smart Monitor 7693,Hogar,13980.4,207
4041,Mega Silla 5382,Libros,10206.03,317
4042,Super Zapatos 6247,Juguetes,7526.12,53
4043,Pro Reloj 4959,Libros,12751.07,495
4044,Smart Laptop 3642,Ferretería,4679.67,191
4045,Super Zapatos 9983,Juguetes,8873.93,384
4046,Mega TV 6656,Ropa,3633.91,449
4047,Smart Mesa 8759,Belleza,10128.4,431
4048,Mega Silla 5111,Electrónica,7539.31,295
4049,Ultra Mochila 6509,Electrónica,6463.08,249
4050,Eco Mesa 9771,Hogar,11115.49,126
4051,Ultra Monitor 3471,Belleza,1259.06,13
4052,Smart Cámara 363,Ropa,801.91,458
4053,Eco Mesa 8510,Hogar,2089.35,110
4054,Lite Mochila 5033,Belleza,13625.49,368
4055,Eco Mesa 3519,Belleza,13110.91,44
4056,Max Cámara 9400,Juguetes,14312.42,373
4057,Max Mesa 8620,Belleza,12844.73,188
4058,Ultra Laptop 1481,Electrónica,2442.53,131
4059,Mega Mesa 5168,Libros,3950.61,372
4060,Max Cámara 7937,Libros,13786.5,104
4061,Smart Camiseta 2517,Juguetes,11170.78,340
4062,Lite Mesa 9108,Libros,266.68,307
4063,Smart Camiseta 765,Juguetes,3425.07,302
4064,Mega Mochila 1800,Alimentos,12009.79,67
4065,Pro Mesa 167,Electrónica,14909.22,244
4066,Pro TV 3870,Ropa,9186.23,177
4067,Eco Reloj 6396,Libros,2340.22,369
4068,Super Zapatos 2079,Ropa,349.91,12
4069,Lite Laptop 1643,Hogar,826.81,136
4070,Max Monitor 5656,Ropa,11299.22,408
4071,Pro Cámara 1317,Alimentos,10110.9,219
4072,Ultra Silla 9313,Ferretería,14925.19,90
4073,Pro Monitor 3490,Electrónica,1195.8,297
4074,Pro Camiseta 5971,Libros,9567.45,433
4075,Eco Silla 6930,Alimentos,5730.6,452
4076,Lite Zapatos 2290,Libros,6587.1,122
4077,Eco Laptop 2552,Libros,14629.72,52
4078,Max Cámara 3484,Ferretería,13458.44,304
4079,Mega Zapatos 1249,Juguetes,11518.47,464
4080,Pro Monitor 9730,Hogar,8193.33,356
4081,Pro Camiseta 4494,Libros,4495.86,43
4082,Super Reloj 4404,Deportes,1475.63,37
4083,Super TV 7338,Ropa,9753.89,227
4084,Pro Laptop 5458,Deportes,6960.86,433
4085,Ultra Mochila 8668,Belleza,7786.0,134
4086,Lite Laptop 8236,Deportes,2192.19,67
4087,Eco Laptop 2047,Electrónica,11510.7,340
4088,Max TV 2305,Hogar,13208.52,205
4089,Mega Cámara 7496,Juguetes,8924.24,260
4090,Ultra TV 1162,Alimentos,14546.63,365
4091,Ultra Reloj 9626,Alimentos,8228.82,354
4092,Eco Laptop 8033,Electrónica,3313.56,380
4093,Eco Monitor 2662,Ropa,4294.7,278
4094,Pro Mochila 847,Electrónica,4016.02,226
4095,Max Monitor 346,Ferretería,4588.45,484
4096,Max Monitor 4076,Electrónica,14020.76,430
4097,Ultra Camiseta 5852,Ferretería,1344.64,276
4098,Ultra Reloj 5182,Libros,2397.91,461
4099,Eco Monitor 7304,Juguetes,12253.16,328
4100,Super Laptop 8644,Ferretería,9898.54,122
4101,Super Zapatos 7551,Ferretería,273.78,216
4102,Smart Monitor 5989,Libros,10481.07,20
4103,Eco TV 3402,Ferretería,619.77,60
4104,Super Camiseta 2599,Ropa,396.68,279
4105,Pro Cámara 8746,Juguetes,3772.08,39
4106,Pro Mochila 4682,Ferretería,743.77,5
4107,Mega Mochila 2591,Deportes,11653.38,33
4108,Lite Camiseta 6305,Juguetes,2733.51,127
4109,Super Laptop 563,Electrónica,4234.84,480
4110,Pro TV 3621,Juguetes,3545.7,350
4111,Ultra Reloj 7798,Libros,8483.76,112
4112,Smart Mochila 9066,Ropa,2025.92,258
4113,Mega TV 403,Ropa,12014.97,473
4114,Eco Reloj 7420,Electrónica,5400.76,370
4115,Super Camiseta 3993,Ropa,6770.69,364
4116,Eco Camiseta 9450,Libros,8363.59,78
4117,Super Monitor 7577,Belleza,10204.77,375
4118,Lite TV 4025,Ropa,14327.28,275
4119,Mega Monitor 3148,Belleza,8861.59,104
4120,Mega Zapatos 6421,Hogar,781.92,330
4121,Eco Mochila 2102,Belleza,151.63,20
4122,Smart TV 8650,Electrónica,14423.84,428
4123,Pro Mesa 7604,Electrónica,4965.74,194
4124,Super Mochila 4511,Juguetes,14473.58,343
4125,Lite TV 8845,Electrónica,4389.01,353
4126,Eco Mochila 8243,Libros,11374.2,311
4127,Mega TV 8425,Deportes,10836.37,204
4128,Lite Zapatos 5217,Libros,9245.92,15
4129,Mega TV 3373,Juguetes,1394.27,344
4130,Ultra Mesa 5083,Deportes,7609.94,243
4131,Smart Mesa 162,Ropa,1667.75,238
4132,Lite TV 9587,Alimentos,7073.33,168
4133,Lite Mesa 740,Juguetes,12405.14,295
4134,Lite Cámara 4064,Ferretería,7673.27,494
4135,Ultra Zapatos 8796,Juguetes,6377.35,396
4136,Lite Reloj 8257,Alimentos,9351.21,474
4137,Ultra Cámara 2962,Ferretería,3250.8,233
4138,Smart Zapatos 9312,Juguetes,5244.25,138
4139,Pro Silla 9190,Belleza,1396.35,181
4140,Max Zapatos 4687,Alimentos,4565.3,154
4141,Super Camiseta 3239,Deportes,6070.52,425
4142,Max TV 3825,Electrónica,5941.84,182
4143,Ultra Monitor 5689,Electrónica,4660.67,210
4144,Lite Mesa 3748,Juguetes,2639.64,453
4145,Smart Mesa 1679,Ferretería,3110.62,26
4146,Eco Zapatos 7859,Ferretería,4120.61,463
4147,Max Laptop 4723,Deportes,7749.39,258
4148,Smart Silla 4491,Libros,1273.62,489
4149,Mega Mochila 1725,Electrónica,3171.92,30
4150,Pro Laptop 341,Alimentos,5984.43,394
4151,Lite Mochila 3108,Electrónica,7154.88,163
4152,Lite Laptop 9078,Ferretería,5568.47,161
4153,Ultra TV 2143,Hogar,9507.83,1
4154,Lite Monitor 492,Alimentos,14560.34,411
4155,Super Monitor 4942,Alimentos,7366.05,352
4156,Lite Silla 9661,Libros,14011.51,175
4157,Lite Reloj 6633,Electrónica,8094.75,345
4158,Lite Laptop 4286,Belleza,13290.53,451
4159,Smart Silla 4660,Ferretería,14962.43,127
4160,Mega Mesa 3336,Ropa,5561.07,65
4161,Max Zapatos 1595,Libros,14383.22,477
4162,Smart Mesa 8907,Deportes,10494.47,140
4163,Pro Camiseta 9205,Juguetes,14371.24,242
4164,Ultra Silla 3962,Belleza,13002.42,357
4165,Ultra Camiseta 8718,Ropa,8442.41,273
4166,Lite Monitor 1232,Deportes,7527.48,6
4167,Pro Monitor 8468,Alimentos,5468.03,250
4168,Eco Camiseta 4329,Electrónica,6753.91,37
4169,Mega Camiseta 686,Juguetes,3846.7,438
4170,Eco Zapatos 743,Deportes,1950.32,444
4171,Smart Laptop 3084,Belleza,5878.04,307
4172,Eco Reloj 8920,Libros,3152.95,235
4173,Smart Cámara 831,Hogar,4757.12,330
4174,Ultra Laptop 859,Alimentos,8748.74,125
4175,Super TV 8531,Juguetes,3631.35,91
4176,Smart Mesa 4563,Belleza,7092.01,180
4177,Lite Mesa 387,Alimentos,7637.42,186
4178,Super Mesa 859,Electrónica,2930.28,425
4179,Mega Laptop 3104,Deportes,3786.5,403
4180,Pro Cámara 791,Libros,10419.92,64
4181,Eco Cámara 6849,Juguetes,13399.37,88
4182,Lite Mochila 5758,Juguetes,2907.88,184
4183,Super Zapatos 1832,Ferretería,4738.63,253
4184,Pro TV 6090,Ropa,9013.38,248
4185,Lite TV 6730,Ferretería,3893.07,53
4186,Mega Silla 7217,Alimentos,14369.86,310
4187,Smart Silla 3616,Alimentos,12176.85,142
4188,Smart Laptop 9457,Electrónica,11573.44,24
4189,Max Zapatos 3899,Belleza,8213.06,354
4190,Ultra Zapatos 248,Ropa,12214.48,159
4191,Ultra Laptop 2178,Libros,2675.21,152
4192,Mega Zapatos 7475,Libros,1981.02,266
4193,Ultra Camiseta 1631,Deportes,131.62,310
4194,Eco Mesa 377,Hogar,8571.78,274
4195,Smart Monitor 9035,Libros,5817.49,430
4196,Eco TV 3470,Belleza,6995.03,412
4197,Max Zapatos 4966,Hogar,10847.62,16
4198,Eco Reloj 5432,Juguetes,5552.59,294
4199,Super Silla 2173,Alimentos,7281.36,111
4200,Pro Camiseta 7310,Deportes,204.16,78
4201,Ultra Mesa 4963,Hogar,13142.51,406
4202,Super Reloj 6815,Ropa,13772.38,234
4203,Eco Camiseta 4794,Libros,7126.56,267
4204,Mega TV 2123,Alimentos,3866.27,341
4205,Lite Reloj 6980,Ferretería,1449.93,405
4206,Lite Monitor 550,Libros,4232.02,492
4207,Pro TV 1388,Juguetes,6321.1,299
4208,Eco Zapatos 8877,Libros,11593.13,216
4209,Super TV 2933,Ferretería,13900.48,386
4210,Pro Mesa 6191,Belleza,6853.75,234
4211,Eco Monitor 6600,Hogar,6032.25,409
4212,Super Mesa 9619,Libros,4115.38,362
4213,Pro Mochila 3077,Deportes,5330.45,286
4214,Max Zapatos 2023,Ropa,5623.05,12
4215,Eco Mochila 7194,Ferretería,6526.37,305
4216,Pro Laptop 3180,Ferretería,1832.15,478
4217,Super Silla 799,Libros,9207.85,91
4218,Lite Cámara 3298,Belleza,12332.52,153
4219,Pro TV 3423,Alimentos,7206.5,468
4220,Super Silla 3110,Ropa,9900.35,35
4221,Super Mesa 1525,Hogar,1201.04,7
4222,Mega Cámara 620,Juguetes,5707.49,422
4223,Lite Silla 9695,Deportes,2761.4,82
4224,Pro Mochila 1927,Juguetes,1330.41,285
4225,Eco Silla 451,Libros,14247.44,66
4226,Ultra Cámara 6720,Electrónica,12272.19,267
4227,Lite Silla 4950,Hogar,14789.03,205
4228,Ultra Mochila 1377,Alimentos,10674.26,411
4229,Mega Cámara 4758,Belleza,10150.92,324
4230,Eco Zapatos 3733,Libros,14517.61,197
4231,Max Camiseta 436,Deportes,4065.24,292
4232,Ultra Cámara 2931,Belleza,766.54,468
4233,Ultra Monitor 7112,Hogar,5305.82,399
4234,Ultra Camiseta 1378,Deportes,10598.75,83
4235,Mega Silla 5864,Electrónica,9888.85,180
4236,Pro Mesa 1422,Deportes,8364.76,69
4237,Lite Mochila 7863,Juguetes,7263.41,114
4238,Eco Reloj 9367,Libros,9205.55,184
4239,Super Monitor 785,Ferretería,10606.0,112
4240,Smart Laptop 9252,Libros,1781.67,150
4241,Eco Silla 9396,Hogar,4026.14,92
4242,Pro Laptop 548,Deportes,7078.1,419
4243,Smart Mochila 9693,Electrónica,316.33,417
4244,Lite Mochila 8194,Deportes,12102.03,303
4245,Smart Silla 6838,Belleza,11379.43,126
4246,Eco Zapatos 9480,Hogar,7051.84,175
4247,Ultra Mesa 2024,Ferretería,10733.85,356
4248,Lite Camiseta 2160,Libros,405.36,413
4249,Max Zapatos 6354,Juguetes,7033.65,204
4250,Max Cámara 1528,Ferretería,10265.72,32
4251,Pro Laptop 3034,Alimentos,725.71,412
4252,Mega Monitor 5092,Ropa,12501.52,83
4253,Smart Mesa 6055,Juguetes,7122.3,53
4254,Lite Monitor 2567,Ropa,1598.56,333
4255,Ultra Monitor 711,Deportes,11775.04,399
4256,Lite Zapatos 9817,Alimentos,2773.42,358
4257,Smart Monitor 8349,Ferretería,173.6,284
4258,Mega Zapatos 8669,Belleza,298.06,20
4259,Super Cámara 6040,Ferretería,14435.11,238
4260,Smart Laptop 3739,Deportes,9948.87,28
4261,Pro Mesa 9208,Belleza,14536.66,51
4262,Smart TV 2430,Juguetes,9000.11,311
4263,Ultra Laptop 1332,Ferretería,11049.17,204
4264,Mega Laptop 4369,Deportes,2257.59,66
4265,Smart Cámara 5849,Electrónica,8337.08,287
4266,Super TV 4449,Deportes,13694.46,51
4267,Eco Mochila 6276,Libros,8640.14,25
4268,Ultra Zapatos 6514,Deportes,7567.39,217
4269,Smart Cámara 9498,Electrónica,2396.86,430
4270,Smart Laptop 348,Electrónica,5453.06,96
4271,Super TV 3503,Hogar,14240.6,202
4272,Lite Silla 5305,Deportes,14587.62,260
4273,Ultra Monitor 2198,Hogar,11896.35,435
4274,Pro Zapatos 1410,Alimentos,8197.98,499
4275,Mega Reloj 1826,Alimentos,10676.1,26
4276,Lite TV 3136,Ropa,11570.06,196
4277,Eco TV 5275,Ropa,9644.62,488
4278,Ultra Mesa 4879,Deportes,4634.91,53
4279,Super Camiseta 2007,Ropa,13177.0,218
4280,Super Laptop 9530,Electrónica,5669.19,465
4281,Smart Zapatos 9724,Juguetes,1390.24,214
4282,Pro Camiseta 9949,Alimentos,5742.96,484
4283,Super Zapatos 4214,Alimentos,7450.4,441
4284,Ultra TV 8647,Libros,6849.56,233
4285,Mega Monitor 3151,Hogar,1199.03,17
4286,Max Reloj 2836,Libros,82.32,347
4287,Mega Mochila 8155,Deportes,13383.9,467
4288,Eco TV 4160,Juguetes,10168.51,147
4289,Smart Camiseta 9726,Hogar,10329.08,319
4290,Lite Monitor 4392,Belleza,2876.44,305
4291,Eco Mochila 7770,Belleza,7192.03,224
4292,Max Monitor 8841,Electrónica,9750.31,333
4293,Lite TV 6074,Hogar,5457.52,425
4294,Smart Laptop 2351,Libros,12730.85,211
4295,Mega TV 1711,Hogar,13483.52,153
4296,Lite Cámara 8691,Belleza,10526.38,379
4297,Ultra Mesa 6267,Ferretería,14938.19,329
4298,Pro TV 2142,Ferretería,4059.05,173
4299,Eco Camiseta 7810,Ferretería,10072.53,93
4300,Ultra TV 2041,Belleza,7958.94,45
4301,Super Reloj 1737,Ferretería,13466.13,179
4302,Pro Camiseta 3999,Deportes,5761.23,213
4303,Pro Camiseta 8463,Ropa,14211.1,456
4304,Max Zapatos 5393,Libros,13710.72,57
4305,Max Zapatos 4357,Hogar,6071.21,152
4306,Max Reloj 7244,Ferretería,13468.8,345
4307,Mega Monitor 6855,Belleza,11781.59,421
4308,Lite Cámara 3582,Deportes,12346.36,420
4309,Smart Camiseta 258,Juguetes,1661.34,315
4310,Smart TV 1424,Libros,7871.64,393
4311,Super Silla 566,Juguetes,13191.3,463
4312,Ultra Reloj 4791,Juguetes,11680.57,466
4313,Ultra Mesa 6778,Electrónica,2886.06,436
4314,Lite Mesa 9399,Deportes,13402.75,413
4315,Eco Mesa 9683,Ferretería,2525.55,148
4316,Super Laptop 7054,Ferretería,9205.08,433
4317,Mega Camiseta 6399,Ferretería,8637.7,228
4318,Ultra Reloj 9898,Alimentos,10858.94,363
4319,Lite Silla 9856,Electrónica,11285.25,35
4320,Max Monitor 6707,Electrónica,8585.52,311
4321,Super Silla 4897,Ropa,13625.31,425
4322,Lite Laptop 8330,Electrónica,9128.57,190
4323,Mega Mesa 3973,Libros,11864.44,310
4324,Super Camiseta 5587,Alimentos,2825.4,403
4325,Lite Mochila 3988,Ferretería,2869.18,174
4326,Eco Zapatos 5495,Ferretería,14548.13,346
4327,Super Camiseta 4209,Libros,14068.6,499
4328,Smart Camiseta 1925,Deportes,14630.46,29
4329,Max Reloj 2754,Ropa,9627.16,220
4330,Max Silla 4724,Electrónica,10390.11,109
4331,Super Laptop 1628,Hogar,14211.64,442
4332,Max Mochila 1177,Ropa,3968.77,79
4333,Super Monitor 4473,Ferretería,13358.27,478
4334,Max Mesa 3831,Electrónica,8015.22,193
4335,Max Mochila 4254,Electrónica,3401.07,140
4336,Lite Cámara 5651,Belleza,2144.47,473
4337,Max Monitor 3787,Alimentos,4877.88,16
4338,Pro Cámara 324,Libros,3282.28,449
4339,Pro Mesa 8850,Alimentos,8149.18,341
4340,Super Silla 7665,Juguetes,6275.07,235
4341,Super Cámara 1684,Ferretería,10008.59,297
4342,Max Mesa 8012,Deportes,14575.12,342
4343,Lite Silla 8577,Belleza,6163.74,424
4344,Smart Zapatos 370,Deportes,4422.6,305
4345,Pro Laptop 4039,Juguetes,2752.54,195
4346,Lite Monitor 1628,Electrónica,5246.3,228
4347,Lite Laptop 5360,Ferretería,6719.05,77
4348,Lite TV 3830,Libros,9365.13,311
4349,Lite TV 4937,Ropa,2864.78,497
4350,Max Cámara 5696,Alimentos,426.08,162
4351,Smart Silla 6550,Deportes,3632.16,356
4352,Pro Cámara 5468,Ferretería,7116.04,207
4353,Ultra Silla 4786,Ropa,9196.38,102
4354,Eco Mochila 5183,Alimentos,6024.15,144
4355,Smart Zapatos 2337,Belleza,3965.84,177
4356,Lite Camiseta 1234,Electrónica,920.72,379
4357,Max Camiseta 8689,Hogar,11160.37,114
4358,Ultra Silla 3557,Electrónica,4694.8,300
4359,Max Laptop 3705,Deportes,10571.11,304
4360,Ultra Cámara 7471,Deportes,14543.85,103
4361,Mega Reloj 3990,Libros,2964.41,130
4362,Lite Silla 7137,Belleza,3761.63,87
4363,Mega Mesa 3429,Ferretería,6821.29,326
4364,Mega Camiseta 1338,Juguetes,11620.08,403
4365,Lite Silla 6334,Juguetes,9952.55,233
4366,Smart Cámara 3400,Ferretería,6935.69,494
4367,Max Mesa 2653,Ropa,11285.8,68
4368,Smart Cámara 5281,Juguetes,10244.8,1
4369,Max Camiseta 3989,Alimentos,3483.35,207
4370,Mega Monitor 4660,Deportes,3601.88,8
4371,Smart Zapatos 138,Hogar,13433.5,64
4372,Smart Mochila 7919,Deportes,9242.34,27
4373,Ultra Reloj 486,Deportes,4335.92,178
4374,Ultra Zapatos 479,Belleza,13781.42,446
4375,Max Monitor 5402,Ferretería,2795.22,44
4376,Smart Cámara 5240,Hogar,5055.71,233
4377,Eco Monitor 9321,Libros,8771.07,167
4378,Smart Zapatos 1681,Deportes,5887.96,437
4379,Max Cámara 5745,Alimentos,9703.49,379
4380,Eco Laptop 8055,Juguetes,10419.14,2
4381,Pro Laptop 8268,Hogar,4672.66,248
4382,Ultra Zapatos 9348,Hogar,8933.39,280
4383,Max Silla 9741,Ropa,932.46,47
4384,Mega Silla 6461,Deportes,5815.5,24
4385,Mega Silla 3870,Juguetes,12198.61,93
4386,Pro Monitor 3479,Juguetes,10017.54,383
4387,Lite Monitor 6586,Ferretería,6857.76,292
4388,Pro Silla 5607,Hogar,10434.96,431
4389,Pro Mesa 1244,Juguetes,6452.61,88
4390,Max Laptop 2525,Libros,3415.25,280
4391,Lite Mochila 4841,Ropa,13515.24,46
4392,Max Laptop 4387,Belleza,9226.73,79
4393,Ultra Silla 3938,Hogar,12765.77,191
4394,Super Laptop 6601,Libros,14093.08,350
4395,Lite Silla 8084,Hogar,13846.75,182
4396,Smart Reloj 9430,Electrónica,14683.62,195
4397,Eco Mochila 1444,Deportes,11602.45,193
4398,Smart TV 374,Belleza,2956.39,177
4399,Ultra Laptop 1404,Libros,9828.71,195
4400,Pro Monitor 1961,Ropa,2732.34,296
4401,Lite Mochila 4817,Ferretería,82.63,51
4402,Mega Laptop 2244,Ferretería,6652.16,138
4403,Super Cámara 8287,Belleza,6931.49,354
4404,Pro Mochila 4670,Hogar,3162.78,477
4405,Pro Camiseta 5373,Ropa,3689.94,363
4406,Smart Zapatos 1856,Ferretería,14748.47,486
4407,Eco Monitor 7585,Electrónica,14868.69,174
4408,Max Camiseta 6592,Juguetes,8275.61,470
4409,Pro Zapatos 3760,Deportes,10312.78,131
4410,Ultra Laptop 3803,Deportes,6478.01,242
4411,Smart Mochila 5738,Hogar,14058.82,191
4412,Max TV 1730,Ropa,8545.27,252
4413,Max Cámara 1920,Deportes,2234.65,150
4414,Eco Reloj 4481,Electrónica,4505.54,474
4415,Pro Mochila 5447,Belleza,9295.42,306
4416,Mega TV 8996,Ferretería,8284.63,199
4417,Smart Mesa 778,Ropa,10725.29,314
4418,Smart Cámara 673,Hogar,10123.73,37
4419,Smart Cámara 8732,Hogar,13541.57,241
4420,Lite Laptop 4800,Belleza,270.12,164
4421,Lite Reloj 7928,Juguetes,10715.47,444
4422,Max Monitor 6700,Hogar,895.9,186
4423,Mega Laptop 4651,Deportes,8203.56,286
4424,Mega Mesa 8480,Belleza,6069.09,419
4425,Super Zapatos 2133,Ferretería,14859.61,194
4426,Lite Monitor 5014,Ferretería,2226.87,467
4427,Super TV 5351,Deportes,3699.18,306
4428,Ultra Camiseta 1881,Juguetes,13334.04,46
4429,Smart Laptop 1159,Libros,7893.66,48
4430,Smart Mochila 588,Alimentos,12859.85,194
4431,Mega Zapatos 7760,Juguetes,4211.33,414
4432,Super Reloj 7597,Juguetes,2733.42,269
4433,Smart Mochila 3596,Electrónica,13733.08,46
4434,Mega Laptop 4532,Alimentos,10957.65,204
4435,Max Mochila 3234,Deportes,4564.87,104
4436,Max Camiseta 7249,Juguetes,6989.75,346
4437,Ultra Camiseta 996,Deportes,3260.94,210
4438,Eco Monitor 7580,Ropa,5437.62,254
4439,Max Mochila 6179,Libros,4209.74,461
4440,Super Reloj 2308,Juguetes,4037.94,210
4441,Super Monitor 7664,Alimentos,11572.57,323
4442,Mega Monitor 4870,Juguetes,12206.03,147
4443,Ultra Zapatos 6877,Alimentos,6885.88,145
4444,Eco Reloj 5906,Ropa,7753.86,199
4445,Super Silla 3941,Hogar,8458.67,31
4446,Pro Reloj 7822,Alimentos,11281.87,348
4447,Smart Laptop 1649,Juguetes,13764.14,236
4448,Smart Laptop 642,Electrónica,12947.02,147
4449,Pro Mesa 5237,Juguetes,7888.86,454
4450,Eco Silla 7637,Ropa,6984.06,380
4451,Ultra TV 9255,Ferretería,11080.65,203
4452,Lite Camiseta 9438,Alimentos,6389.06,54
4453,Smart Silla 1472,Hogar,6761.19,384
4454,Ultra Mesa 6055,Juguetes,3651.79,475
4455,Lite Cámara 6738,Belleza,432.61,386
4456,Pro Mochila 6184,Juguetes,13927.72,348
4457,Mega Laptop 7213,Electrónica,6382.39,159
4458,Eco Laptop 8707,Ropa,5302.96,51
4459,Eco Cámara 2445,Belleza,294.75,410
4460,Ultra Cámara 423,Ropa,4541.13,404
4461,Smart Silla 3813,Electrónica,10074.45,316
4462,Eco Mochila 8834,Hogar,7913.14,292
4463,Max Silla 6851,Juguetes,4215.47,94
4464,Max Reloj 101,Deportes,656.87,236
4465,Pro Laptop 1051,Juguetes,2309.87,95
4466,Mega Camiseta 4236,Ropa,2763.43,350
4467,Smart Cámara 4959,Libros,6037.59,158
4468,Lite TV 2139,Juguetes,3259.67,106
4469,Smart Laptop 7370,Alimentos,2528.51,61
4470,Pro Reloj 1052,Deportes,822.01,423
4471,Super Mesa 9568,Belleza,4158.4,257
4472,Max Cámara 9829,Alimentos,3799.81,307
4473,Ultra Monitor 2504,Libros,4396.17,265
4474,Smart Camiseta 4484,Electrónica,10648.57,315
4475,Super Zapatos 8191,Ferretería,10722.92,125
4476,Pro Mochila 7880,Hogar,6410.8,377
4477,Super Cámara 6854,Ropa,685.08,150
4478,Super TV 2493,Belleza,1834.8,472
4479,Super Mochila 5171,Juguetes,8680.38,336
4480,Max Reloj 8525,Hogar,7320.45,385
4481,Mega Reloj 2510,Juguetes,2374.17,153
4482,Lite Laptop 6766,Ferretería,842.09,374
4483,Lite Camiseta 368,Alimentos,1852.64,135
4484,Pro Zapatos 2673,Juguetes,251.37,353
4485,Lite Reloj 1464,Hogar,2449.22,377
4486,Lite Camiseta 2823,Deportes,2300.42,32
4487,Pro Mesa 2865,Juguetes,7293.65,195
4488,Lite Camiseta 9115,Ropa,10937.43,92
4489,Super Camiseta 2870,Hogar,12499.53,50
4490,Pro Reloj 4593,Ferretería,8348.88,359
4491,Mega Reloj 9615,Ropa,9395.2,381
4492,Ultra Mochila 2936,Juguetes,10825.26,144
4493,Mega Reloj 6240,Ropa,3665.04,154
4494,Smart Monitor 5452,Ferretería,10702.13,71
4495,Ultra Reloj 6309,Electrónica,6132.87,220
4496,Pro Mesa 423,Juguetes,11711.06,399
4497,Max Monitor 7644,Alimentos,1528.89,436
4498,Ultra Monitor 4379,Hogar,7064.23,192
4499,Pro Reloj 986,Electrónica,6259.79,281
4500,Eco TV 3281,Libros,12385.22,331
4501,Super Laptop 3936,Alimentos,10566.79,212
4502,Lite Monitor 128,Juguetes,489.21,404
4503,Super Zapatos 3722,Hogar,3384.25,331
4504,Smart TV 5328,Hogar,1849.45,112
4505,Eco Mesa 8196,Ropa,13084.39,162
4506,Super Monitor 7143,Hogar,11613.43,141
4507,Smart TV 5122,Juguetes,13628.65,428
4508,Mega Camiseta 6073,Hogar,11756.07,363
4509,Max Reloj 7962,Juguetes,10657.16,174
4510,Super Reloj 6968,Juguetes,12988.38,388
4511,Pro Cámara 1409,Ferretería,10726.86,200
4512,Pro TV 6843,Belleza,11126.77,105
4513,Lite TV 7234,Juguetes,8010.16,215
4514,Max Monitor 442,Electrónica,11307.01,484
4515,Mega Zapatos 2860,Libros,2808.46,26
4516,Eco Reloj 4077,Hogar,10517.37,19
4517,Max Mesa 3713,Libros,4080.85,348
4518,Lite TV 690,Alimentos,375.39,178
4519,Pro Mochila 9451,Alimentos,8474.1,11
4520,Lite Silla 7966,Electrónica,1418.67,89
4521,Ultra Reloj 2483,Ferretería,7780.76,227
4522,Lite Mochila 8914,Hogar,8945.03,196
4523,Smart TV 1346,Electrónica,9008.51,64
4524,Mega Camiseta 9015,Juguetes,5649.94,285
4525,Lite Zapatos 9514,Libros,8244.74,130
4526,Pro Laptop 7573,Alimentos,13095.79,240
4527,Eco Camiseta 9327,Deportes,4446.89,409
4528,Max Monitor 2145,Deportes,2846.98,149
4529,Max Mochila 4571,Alimentos,12384.41,351
4530,Pro Zapatos 2193,Hogar,12412.46,220
4531,Mega Cámara 6300,Alimentos,1307.38,236
4532,Lite Reloj 2641,Libros,8742.87,206
4533,Pro Mochila 9752,Libros,6004.69,266
4534,Smart TV 8075,Ferretería,2012.15,459
4535,Mega TV 1634,Deportes,4777.91,286
4536,Mega Zapatos 9072,Deportes,92.45,147
4537,Smart Monitor 9799,Ropa,9035.91,408
4538,Max Reloj 9630,Alimentos,995.5,360
4539,Mega Silla 8903,Ferretería,11363.05,250
4540,Eco Camiseta 4807,Alimentos,11965.69,463
4541,Pro Reloj 1403,Juguetes,9021.74,302
4542,Lite Laptop 5779,Belleza,7911.15,490
4543,Max Mesa 5919,Juguetes,5433.79,470
4544,Ultra Mochila 9295,Hogar,2117.96,66
4545,Eco Laptop 6357,Alimentos,8568.48,328
4546,Eco Laptop 3832,Alimentos,9008.79,99
4547,Ultra Silla 5125,Libros,5326.49,257
4548,Mega Cámara 3687,Deportes,2343.91,240
4549,Mega Mesa 1311,Libros,6548.99,105
4550,Super Laptop 4038,Belleza,14018.94,467
4551,Lite Laptop 8076,Belleza,5966.74,292
4552,Smart Cámara 3225,Juguetes,10134.61,245
4553,Super Laptop 8371,Ropa,2428.78,164
4554,Eco Monitor 9880,Hogar,5218.86,427
4555,Ultra Zapatos 181,Electrónica,5607.07,270
4556,Lite Monitor 7661,Ferretería,1958.39,54
4557,Lite Laptop 1192,Ferretería,1021.1,478
4558,Super Mochila 9615,Deportes,1469.75,290
4559,Lite Reloj 5241,Hogar,12167.32,100
4560,Max Zapatos 3288,Deportes,8426.34,421
4561,Eco Cámara 9848,Hogar,9841.95,386
4562,Lite Zapatos 7054,Electrónica,1479.79,422
4563,Smart Cámara 8623,Libros,11013.22,489
4564,Super Mochila 2774,Libros,5625.26,335
4565,Eco Silla 9277,Hogar,4927.04,21
4566,Ultra Laptop 466,Libros,1301.93,362
4567,Smart Camiseta 5723,Alimentos,12530.48,448
4568,Super Camiseta 9409,Alimentos,14514.57,458
4569,Super Monitor 8526,Libros,10628.55,480
4570,Mega Camiseta 598,Hogar,1802.13,476
4571,Mega Cámara 567,Juguetes,12483.11,360
4572,Super Laptop 9551,Libros,14037.15,190
4573,Max Camiseta 380,Deportes,3360.13,300
4574,Eco Mochila 8955,Deportes,229.96,234
4575,Super Cámara 7210,Electrónica,9751.28,192
4576,Max TV 4179,Alimentos,6591.15,252
4577,Smart Camiseta 4188,Libros,5912.18,302
4578,Pro Mesa 3432,Ferretería,14382.45,409
4579,Ultra Silla 6757,Juguetes,9680.06,42
4580,Max Mesa 8300,Deportes,9894.94,288
4581,Eco Monitor 5497,Deportes,9017.38,127
4582,Max Cámara 4301,Ropa,10849.01,477
4583,Smart TV 7400,Libros,1333.35,249
4584,Lite Zapatos 7893,Libros,12347.88,279
4585,Ultra Laptop 9217,Ropa,7349.19,277
4586,Lite Mesa 2867,Alimentos,8948.32,196
4587,Eco Laptop 4219,Deportes,4015.27,343
4588,Pro Cámara 7667,Ferretería,2666.19,2
4589,Max Cámara 9966,Electrónica,1709.58,190
4590,Max Zapatos 4108,Hogar,8821.28,488
4591,Eco Camiseta 6922,Deportes,12292.49,212
4592,Max Cámara 4496,Alimentos,10039.22,450
4593,Super Reloj 8499,Ropa,4921.06,43
4594,Ultra Laptop 2911,Alimentos,2823.96,142
4595,Mega Mochila 5366,Libros,2097.2,346
4596,Smart Cámara 8878,Libros,8232.72,55
4597,Smart Silla 1715,Belleza,8205.0,221
4598,Super Reloj 7192,Deportes,3892.05,58
4599,Eco Silla 5179,Libros,6527.05,137
4600,Mega Mesa 8592,Ropa,9816.23,375
4601,Eco Camiseta 2995,Hogar,3505.0,144
4602,Pro Zapatos 3759,Hogar,12734.4,237
4603,Super Mochila 1365,Ferretería,13238.69,292
4604,Max Zapatos 2750,Libros,7252.94,356
4605,Super Mesa 5853,Hogar,10621.36,226
4606,Smart Mochila 407,Libros,8394.13,274
4607,Smart Cámara 8972,Alimentos,1251.39,456
4608,Smart Camiseta 9394,Libros,920.54,320
4609,Eco Mesa 1196,Alimentos,553.95,473
4610,Super Reloj 663,Deportes,10675.86,113
4611,Eco Reloj 1837,Libros,12796.77,418
4612,Max Mochila 7203,Hogar,8822.65,6
4613,Mega Camiseta 7900,Electrónica,14696.76,433
4614,Smart Silla 7632,Ropa,10810.31,134
4615,Eco Mochila 5583,Juguetes,1810.34,458
4616,Smart Silla 9704,Electrónica,6121.29,245
4617,Max Zapatos 8674,Electrónica,4042.54,213
4618,Pro Reloj 6707,Ferretería,13279.76,106
4619,Mega Zapatos 9923,Juguetes,7443.88,189
4620,Eco TV 8874,Juguetes,10942.32,365
4621,Ultra Mesa 9439,Hogar,10298.37,9
4622,Ultra Laptop 3255,Ferretería,10531.26,370
4623,Max Mesa 3963,Deportes,3914.37,301
4624,Max Monitor 3971,Electrónica,13973.84,252
4625,Ultra Reloj 3909,Ropa,1423.21,7
4626,Smart TV 909,Ferretería,6993.11,150
4627,Max Mesa 8531,Electrónica,7909.92,435
4628,Smart Laptop 5069,Belleza,13620.72,166
4629,Ultra Zapatos 7804,Alimentos,647.42,10
4630,Lite Laptop 5688,Juguetes,5068.62,152
4631,Super Zapatos 3611,Ropa,14280.99,49
4632,Pro Cámara 4032,Ropa,7009.45,200
4633,Lite Laptop 2382,Ropa,4395.09,124
4634,Smart Mochila 1339,Ferretería,5992.8,37
4635,Eco Monitor 3152,Ferretería,2346.99,29
4636,Eco TV 6881,Electrónica,56.48,305
4637,Mega Monitor 7262,Juguetes,1382.7,32
4638,Ultra Silla 3347,Electrónica,2563.17,390
4639,Smart Laptop 2285,Deportes,8166.09,78
4640,Max Mochila 6598,Belleza,11666.55,256
4641,Pro Zapatos 9344,Juguetes,9754.82,272
4642,Super Zapatos 3330,Deportes,723.03,449
4643,Smart Zapatos 9321,Alimentos,6930.42,306
4644,Eco TV 3515,Ropa,3227.25,375
4645,Eco Camiseta 4506,Juguetes,3082.29,322
4646,Max Monitor 6755,Libros,5603.81,97
4647,Smart Mesa 1531,Deportes,11646.06,210
4648,Super Silla 1946,Ferretería,1542.91,29
4649,Max Laptop 3591,Alimentos,5258.52,262
4650,Max Monitor 9233,Juguetes,14072.51,195
4651,Super Silla 8012,Belleza,12616.12,101
4652,Pro Camiseta 3377,Electrónica,3171.88,244
4653,Mega Monitor 5534,Belleza,8455.21,57
4654,Lite Laptop 9177,Alimentos,5644.99,113
4655,Super Mesa 8801,Juguetes,14135.25,133
4656,Smart Reloj 1158,Libros,11394.96,450
4657,Smart TV 1935,Ropa,14492.2,173
4658,Max Reloj 9188,Belleza,4763.55,224
4659,Smart Reloj 2237,Deportes,9058.91,92
4660,Max Mesa 6960,Libros,13421.56,13
4661,Max TV 1271,Juguetes,13673.8,349
4662,Smart Camiseta 7264,Ferretería,2006.76,316
4663,Super Mochila 8229,Hogar,10090.9,466
4664,Lite Laptop 1035,Juguetes,1792.84,161
4665,Lite Laptop 1153,Deportes,13317.59,146
4666,Pro Reloj 8387,Deportes,11754.79,248
4667,Super Cámara 5329,Ferretería,11410.44,298
4668,Super Monitor 5556,Hogar,8468.7,379
4669,Eco Monitor 5602,Juguetes,4960.24,145
4670,Super Zapatos 5470,Ferretería,2666.48,237
4671,Smart TV 5054,Libros,6275.69,88
4672,Smart Zapatos 2590,Libros,13413.34,118
4673,Smart Zapatos 2569,Belleza,12954.07,414
4674,Lite Mochila 6180,Hogar,7746.04,15
4675,Lite Mesa 7748,Ropa,14065.71,183
4676,Super Mesa 7594,Ferretería,9688.85,302
4677,Lite Camiseta 2992,Belleza,13999.05,499
4678,Super Mochila 1311,Ferretería,2746.96,181
4679,Mega Reloj 3360,Juguetes,616.83,151
4680,Super Mesa 4102,Belleza,10223.61,457
4681,Ultra Camiseta 3596,Deportes,7339.51,120
4682,Smart Laptop 9469,Belleza,2435.5,320
4683,Eco Laptop 729,Ropa,2933.67,69
4684,Max Reloj 118,Juguetes,9143.04,339
4685,Ultra Mesa 6887,Juguetes,5914.8,360
4686,Pro Camiseta 752,Ropa,993.48,286
4687,Smart Mesa 9005,Hogar,9494.29,373
4688,Smart Cámara 4194,Ropa,12426.0,400
4689,Super Camiseta 2646,Hogar,11858.98,316
4690,Max Mesa 6331,Electrónica,2067.48,297
4691,Super Camiseta 1811,Belleza,8539.23,237
4692,Super Camiseta 405,Electrónica,4800.54,50
4693,Max Laptop 5485,Juguetes,7001.28,377
4694,Super Laptop 179,Hogar,14442.24,248
4695,Lite Laptop 9234,Juguetes,12489.85,238
4696,Smart Camiseta 4344,Ferretería,6303.58,171
4697,Eco Reloj 950,Juguetes,12596.03,196
4698,Pro Cámara 8558,Alimentos,14468.75,270
4699,Eco Reloj 6714,Ferretería,6456.35,68
4700,Super Mochila 8849,Belleza,7062.44,93
4701,Super Reloj 6962,Ropa,14706.44,203
4702,Smart Zapatos 6519,Alimentos,13631.68,319
4703,Pro TV 8133,Deportes,9459.16,60
4704,Eco Camiseta 9591,Alimentos,1950.51,374
4705,Lite Monitor 469,Alimentos,12532.6,362
4706,Mega Zapatos 2224,Deportes,8009.61,99
4707,Pro Mochila 2462,Libros,11407.69,146
4708,Mega Mesa 7668,Deportes,6259.38,292
4709,Eco Mochila 5344,Belleza,4301.6,205
4710,Mega Cámara 5726,Belleza,10821.23,411
4711,Max Reloj 4771,Alimentos,10072.04,54
4712,Lite Laptop 9639,Libros,6587.46,268
4713,Eco Zapatos 5654,Ropa,11575.08,135
4714,Ultra Reloj 2374,Alimentos,11324.58,302
4715,Pro Laptop 2656,Ropa,10396.01,242
4716,Pro Camiseta 3573,Deportes,3213.01,269
4717,Max Reloj 6479,Alimentos,12682.84,49
4718,Mega Mesa 7426,Belleza,2660.06,410
4719,Max Monitor 7365,Alimentos,11057.66,444
4720,Smart Mochila 3518,Hogar,10443.79,462
4721,Eco TV 4083,Belleza,4656.57,181
4722,Pro TV 9547,Alimentos,1298.13,129
4723,Lite Zapatos 7842,Juguetes,5837.78,79
4724,Smart Laptop 7657,Alimentos,7599.75,247
4725,Mega Reloj 5311,Alimentos,12898.07,408
4726,Lite Silla 8934,Alimentos,3602.06,488
4727,Ultra Cámara 8797,Ropa,4563.83,149
4728,Smart Zapatos 9726,Ferretería,14018.69,285
4729,Super Zapatos 3266,Alimentos,10484.26,113
4730,Smart Monitor 3483,Juguetes,14930.77,39
4731,Super Monitor 5706,Deportes,1847.09,119
4732,Mega TV 8449,Ferretería,9627.77,35
4733,Mega Cámara 6709,Juguetes,4703.14,330
4734,Eco Cámara 7747,Ferretería,918.95,205
4735,Mega Zapatos 4120,Electrónica,8816.27,357
4736,Ultra Monitor 9458,Juguetes,12007.08,17
4737,Smart Laptop 462,Ropa,4807.88,323
4738,Ultra Zapatos 8505,Libros,11874.47,193
4739,Ultra Silla 908,Libros,9978.54,73
4740,Pro Camiseta 3073,Ferretería,3219.97,97
4741,Max Zapatos 2320,Ropa,1599.6,52
4742,Smart Laptop 2332,Belleza,3638.19,138
4743,Mega TV 5381,Juguetes,4750.41,47
4744,Max TV 5169,Alimentos,12814.89,320
4745,Eco TV 2650,Electrónica,9196.05,476
4746,Pro Mochila 4662,Electrónica,3662.87,364
4747,Smart Monitor 3478,Ferretería,8924.77,29
4748,Ultra Camiseta 7363,Belleza,6635.03,311
4749,Lite Camiseta 3145,Ropa,7078.63,59
4750,Mega Zapatos 9834,Libros,10099.03,367
4751,Smart Monitor 6641,Deportes,963.02,167
4752,Pro Mesa 396,Libros,9490.05,333
4753,Ultra TV 8567,Ropa,13905.71,416
4754,Eco Silla 3798,Ropa,3024.78,126
4755,Super Mochila 3454,Alimentos,8540.16,432
4756,Super Laptop 326,Deportes,11147.79,148
4757,Ultra Silla 8662,Deportes,1340.54,157
4758,Eco Cámara 7481,Belleza,8756.52,106
4759,Mega Reloj 957,Ferretería,13000.53,65
4760,Super TV 7661,Ferretería,11491.25,354
4761,Smart Monitor 9379,Alimentos,13335.45,46
4762,Lite Zapatos 8244,Alimentos,6902.7,115
4763,Eco Mesa 861,Ropa,2787.63,289
4764,Smart Zapatos 3945,Alimentos,1412.76,306
4765,Super Cámara 403,Ferretería,8952.8,440
4766,Smart Zapatos 585,Ropa,6916.8,375
4767,Smart Reloj 9309,Belleza,6119.73,326
4768,Ultra Camiseta 7665,Libros,2139.62,455
4769,Super Mesa 187,Ferretería,9222.05,296
4770,Ultra Camiseta 9905,Deportes,11918.82,30
4771,Max Reloj 573,Juguetes,2552.62,306
4772,Smart Laptop 2537,Alimentos,14624.67,23
4773,Smart Monitor 1944,Alimentos,10960.36,262
4774,Lite Laptop 2776,Ferretería,13861.74,216
4775,Ultra Zapatos 920,Ferretería,12395.1,337
4776,Lite Mesa 2615,Ferretería,13757.84,113
4777,Max Zapatos 7708,Ropa,349.02,369
4778,Smart Laptop 662,Belleza,3132.65,122
4779,Ultra Mochila 6370,Hogar,9812.49,344
4780,Smart Monitor 2362,Juguetes,7671.02,333
4781,Mega Silla 7592,Deportes,3770.06,284
4782,Smart Mochila 303,Hogar,6839.71,25
4783,Super Monitor 2856,Alimentos,10629.83,186
4784,Eco Reloj 8372,Electrónica,4809.13,151
4785,Lite Mesa 5022,Ferretería,3720.64,43
4786,Ultra Cámara 3310,Ferretería,1643.74,379
4787,Lite Laptop 4450,Ropa,3039.85,12
4788,Pro Camiseta 7428,Hogar,7950.2,115
4789,Eco TV 9047,Alimentos,12077.51,303
4790,Smart Laptop 4982,Libros,5362.03,124
4791,Ultra Mesa 9191,Electrónica,702.14,305
4792,Eco Reloj 6564,Belleza,6057.78,246
4793,Pro Cámara 8149,Libros,10430.6,467
4794,Super Monitor 6439,Alimentos,8906.83,309
4795,Smart Laptop 2130,Juguetes,14389.34,212
4796,Pro Mesa 2287,Ferretería,11910.8,490
4797,Max Mochila 5134,Hogar,4359.42,152
4798,Lite Laptop 7400,Alimentos,3836.86,375
4799,Max Camiseta 3978,Juguetes,13359.5,40
4800,Ultra Zapatos 2335,Ropa,14861.61,257
4801,Eco Silla 6303,Libros,3846.18,39
4802,Ultra TV 5983,Electrónica,8461.09,221
4803,Lite Reloj 2069,Ferretería,9227.95,23
4804,Lite Silla 4524,Juguetes,14038.49,2
4805,Ultra Reloj 4342,Deportes,3845.3,424
4806,Max Mochila 9039,Electrónica,9393.42,369
4807,Pro Cámara 3111,Juguetes,13691.72,51
4808,Super Monitor 793,Ropa,9697.29,341
4809,Lite Cámara 6022,Alimentos,12984.12,64
4810,Lite Silla 7509,Alimentos,6183.21,323
4811,Pro TV 1414,Deportes,10029.6,457
4812,Eco Camiseta 9303,Hogar,12308.52,421
4813,Pro Cámara 7233,Ropa,14168.79,54
4814,Lite Camiseta 500,Electrónica,3497.94,429
4815,Super Cámara 2160,Juguetes,2067.86,3
4816,Ultra TV 8660,Ferretería,136.68,129
4817,Pro Camiseta 7905,Electrónica,14238.55,19
4818,Super Zapatos 604,Belleza,10405.41,413
4819,Pro Reloj 5730,Ropa,14025.73,54
4820,Eco Camiseta 1725,Alimentos,8463.65,141
4821,Super TV 143,Ferretería,13466.81,408
4822,Super Reloj 3691,Ferretería,2369.45,119
4823,Super Reloj 844,Electrónica,7311.18,216
4824,Max Mochila 9820,Ropa,1410.24,408
4825,Mega Monitor 9822,Electrónica,7154.75,389
4826,Lite TV 1896,Alimentos,6181.74,483
4827,Max Laptop 6019,Alimentos,8357.59,271
4828,Pro Monitor 4854,Ferretería,14701.17,478
4829,Mega Camiseta 8780,Ropa,1334.9,137
4830,Smart Monitor 8544,Juguetes,2667.78,400
4831,Lite TV 3103,Alimentos,4046.46,200
4832,Lite TV 6756,Ropa,8185.22,164
4833,Smart TV 3362,Juguetes,4609.02,473
4834,Pro Reloj 2832,Ropa,7766.61,133
4835,Mega Silla 7339,Juguetes,9507.49,35
4836,Max Camiseta 7718,Juguetes,3084.4,204
4837,Max Silla 8552,Deportes,4003.41,364
4838,Ultra Reloj 8839,Juguetes,5141.61,260
4839,Mega Laptop 2873,Hogar,14356.64,99
4840,Eco Mochila 7738,Belleza,4306.25,310
4841,Super Mesa 8517,Hogar,9778.88,497
4842,Max Laptop 1177,Juguetes,5393.39,64
4843,Super Silla 1084,Belleza,4304.56,138
4844,Max Reloj 1142,Hogar,5438.43,1
4845,Smart Silla 3586,Electrónica,7331.28,266
4846,Lite Mesa 8145,Ferretería,3483.25,211
4847,Super Zapatos 9692,Ferretería,4192.74,227
4848,Pro Monitor 9266,Belleza,13254.46,155
4849,Ultra Reloj 8656,Alimentos,871.07,61
4850,Max TV 9446,Juguetes,5321.23,296
4851,Smart Camiseta 1504,Libros,2641.15,67
4852,Ultra Mochila 893,Electrónica,2627.32,165
4853,Smart TV 6052,Deportes,2202.89,246
4854,Super Mesa 1751,Belleza,4976.46,149
4855,Lite Mesa 5279,Libros,10536.66,45
4856,Lite Mochila 7036,Libros,4146.41,358
4857,Ultra Mesa 1162,Electrónica,9288.84,92
4858,Super TV 6080,Belleza,5985.87,29
4859,Lite Silla 9786,Libros,5353.99,399
4860,Super Zapatos 838,Belleza,2862.8,27
4861,Super Monitor 8146,Alimentos,8600.69,62
4862,Max Camiseta 8293,Hogar,3696.95,88
4863,Eco Cámara 6390,Electrónica,14942.25,115
4864,Super Mochila 4948,Libros,2114.63,144
4865,Smart TV 7368,Libros,5601.92,177
4866,Ultra Monitor 1479,Libros,6849.45,327
4867,Smart Mesa 4688,Hogar,9940.36,140
4868,Ultra Reloj 8108,Ferretería,7420.94,367
4869,Eco Reloj 895,Alimentos,11702.72,191
4870,Super Laptop 1786,Hogar,9746.9,346
4871,Super Monitor 3888,Deportes,14147.08,69
4872,Pro Mesa 8044,Ferretería,12208.44,255
4873,Pro Mochila 4002,Deportes,517.03,302
4874,Eco Silla 4518,Belleza,5590.56,281
4875,Eco Zapatos 2867,Hogar,12460.89,433
4876,Lite Cámara 4565,Hogar,2945.19,187
4877,Smart Silla 7351,Belleza,12442.77,272
4878,Pro Cámara 1510,Electrónica,12108.3,224
4879,Eco Mochila 8555,Ropa,8208.13,217
4880,Eco Monitor 3823,Alimentos,5896.79,69
4881,Lite Cámara 6802,Electrónica,9014.69,389
4882,Lite Mochila 572,Juguetes,7413.33,376
4883,Ultra Cámara 2819,Electrónica,4070.37,134
4884,Max Cámara 7366,Alimentos,5467.46,378
4885,Ultra Camiseta 7995,Deportes,8343.28,480
4886,Max TV 8387,Belleza,4731.33,236
4887,Smart Mochila 244,Libros,5303.84,387
4888,Lite Camiseta 1687,Ferretería,7462.84,5
4889,Lite Cámara 6809,Electrónica,4983.12,366
4890,Mega Monitor 5474,Belleza,1616.81,235
4891,Eco Laptop 1366,Deportes,12344.18,55
4892,Smart Camiseta 5639,Hogar,9157.16,77
4893,Mega TV 6336,Belleza,9502.07,281
4894,Smart Mochila 5019,Alimentos,4600.62,338
4895,Mega Laptop 6583,Deportes,9552.57,82
4896,Eco TV 7866,Alimentos,4321.64,215
4897,Smart Mochila 3603,Alimentos,12901.18,275
4898,Super Laptop 1658,Juguetes,11383.63,298
4899,Super Reloj 3040,Alimentos,615.44,411
4900,Lite Monitor 2210,Electrónica,9631.44,173
4901,Ultra Reloj 3940,Electrónica,10433.87,433
4902,Smart Laptop 2382,Juguetes,1885.7,401
4903,Lite Mesa 5344,Electrónica,14116.39,407
4904,Super Reloj 7627,Libros,9628.68,490
4905,Super Zapatos 5962,Ropa,895.7,18
4906,Smart Mochila 7700,Libros,9573.75,315
4907,Eco Silla 7283,Libros,13740.62,181
4908,Lite Monitor 8393,Ferretería,8645.08,22
4909,Pro Reloj 3037,Electrónica,87.98,425
4910,Smart Silla 8945,Electrónica,13486.57,115
4911,Pro Mochila 6956,Deportes,1568.95,426
4912,Lite Mesa 4538,Ropa,2290.34,34
4913,Mega Cámara 1654,Belleza,4387.67,205
4914,Super Mesa 3923,Electrónica,11380.6,306
4915,Smart Silla 557,Libros,3940.13,214
4916,Super Monitor 6248,Deportes,10317.97,171
4917,Eco Reloj 7084,Ropa,7400.8,80
4918,Max Cámara 3474,Deportes,12390.05,261
4919,Pro Mesa 3817,Ferretería,3994.65,413
4920,Pro Silla 4385,Alimentos,1107.89,171
4921,Ultra Camiseta 2211,Electrónica,12767.9,493
4922,Super Zapatos 2367,Libros,5519.55,284
4923,Smart Silla 8878,Electrónica,1837.65,311
4924,Smart Mesa 7168,Ferretería,6383.09,120
4925,Eco Reloj 1090,Belleza,12346.79,228
4926,Lite Silla 2876,Juguetes,1188.06,271
4927,Mega Mesa 2902,Electrónica,13841.66,173
4928,Lite Camiseta 6574,Hogar,11305.03,364
4929,Smart Mochila 9037,Belleza,10362.58,198
4930,Lite Mochila 825,Ferretería,3976.54,404
4931,Pro Monitor 9211,Hogar,1667.57,441
4932,Super Camiseta 9064,Belleza,9712.56,220
4933,Mega Reloj 8152,Deportes,14101.28,19
4934,Pro Laptop 9102,Juguetes,3846.25,39
4935,Super Laptop 3945,Ferretería,13584.4,285
4936,Eco Camiseta 1542,Electrónica,3140.19,461
4937,Super Mesa 247,Deportes,6306.36,397
4938,Smart Reloj 9498,Hogar,11509.87,2
4939,Eco Mochila 7783,Libros,10447.96,163
4940,Super Laptop 3051,Ferretería,6190.98,491
4941,Mega Silla 5454,Libros,12482.09,270
4942,Super Silla 4404,Ferretería,7680.68,47
4943,Mega Laptop 1414,Libros,704.62,418
4944,Super Mochila 3561,Belleza,253.44,206
4945,Ultra Mesa 9727,Juguetes,1380.22,49
4946,Max Cámara 1347,Hogar,8458.06,448
4947,Lite TV 1398,Juguetes,5694.97,185
4948,Smart Mochila 5053,Ropa,14418.58,47
4949,Ultra Monitor 2641,Juguetes,12352.4,96
4950,Eco Cámara 1811,Alimentos,2464.14,247
4951,Ultra Cámara 6645,Hogar,2018.04,92
4952,Smart Laptop 4866,Juguetes,2837.26,394
4953,Pro Laptop 6244,Hogar,2071.05,319
4954,Pro Zapatos 7262,Alimentos,741.8,112
4955,Max Zapatos 6084,Belleza,8259.97,256
4956,Smart Zapatos 7413,Hogar,100.77,372
4957,Ultra Mesa 9654,Belleza,4979.79,286
4958,Eco Reloj 9926,Libros,8281.04,145
4959,Eco Laptop 4091,Juguetes,2034.67,96
4960,Ultra Zapatos 386,Juguetes,7155.75,96
4961,Pro Cámara 3173,Hogar,13481.77,88
4962,Lite TV 6565,Juguetes,12451.88,303
4963,Mega Silla 1296,Libros,1946.16,408
4964,Mega Cámara 6310,Juguetes,9783.35,8
4965,Ultra Monitor 7450,Electrónica,1996.33,226
4966,Max TV 851,Hogar,6658.45,339
4967,Max Silla 4785,Belleza,5979.25,85
4968,Lite Mesa 4637,Electrónica,262.88,167
4969,Eco Zapatos 5031,Hogar,14670.34,47
4970,Lite Zapatos 8298,Ropa,365.63,145
4971,Mega Silla 7275,Deportes,13961.4,88
4972,Lite Monitor 4631,Hogar,2290.34,287
4973,Lite Laptop 9773,Ferretería,6813.16,378
4974,Ultra Laptop 4191,Juguetes,13146.8,251
4975,Smart Zapatos 7872,Juguetes,1318.91,245
4976,Super Reloj 2613,Ropa,9955.59,163
4977,Eco Mochila 2225,Juguetes,9422.51,310
4978,Eco Zapatos 6396,Alimentos,2316.9,85
4979,Ultra TV 4553,Ferretería,11576.46,226
4980,Smart Mesa 5007,Ropa,3016.34,451
4981,Lite Camiseta 3701,Ferretería,9950.14,182
4982,Super Zapatos 9441,Belleza,7537.01,101
4983,Pro Cámara 8199,Libros,5252.9,275
4984,Ultra Reloj 5431,Libros,7570.8,241
4985,Eco Camiseta 8325,Ropa,6803.98,418
4986,Super Zapatos 8301,Electrónica,5104.57,274
4987,Eco Laptop 3297,Libros,8159.67,42
4988,Lite Camiseta 4662,Ferretería,5847.41,215
4989,Eco Zapatos 6496,Juguetes,7614.72,428
4990,Ultra Zapatos 7786,Juguetes,3532.1,390
4991,Lite Monitor 9640,Hogar,4111.34,387
4992,Eco Cámara 9092,Hogar,4598.83,337
4993,Super Cámara 4940,Juguetes,13070.8,237
4994,Smart Mesa 5014,Electrónica,8956.56,134
4995,Max Mochila 638,Libros,6782.51,111
4996,Ultra Zapatos 9438,Deportes,7468.35,207
4997,Ultra Cámara 1175,Libros,3781.31,256
4998,Smart Laptop 5061,Belleza,2254.31,17
4999,Lite Mesa 8155,Juguetes,6572.9,134
5000,Lite Reloj 2445,Libros,1132.47,11
