ID_Producto,Nombre,Categoría,Subcategoría,Marca,Precio_MXN,Stock,Calificación
PROD-00001,Ciencia BrandA Modelo 70,Libros,Ciencia,BrandA,823.93,159,4.8
PROD-00002,Decoración BrandD Modelo 84,Hogar y Cocina,Decoración,BrandD,163.66,168,3.2
PROD-00003,Biografías PremiumCorp Modelo 90,Libros,Biografías,PremiumCorp,1064.3,45,4.2
PROD-00004,Muebles BrandC Modelo 69,Hogar y Cocina,Muebles,BrandC,1349.11,6,3.5
PROD-00005,Decoración BrandE Modelo 67,Hogar y Cocina,Decoración,BrandE,909.76,126,3.0
PROD-00006,Accesorios Auto BrandA Modelo 18,Automotriz,Accesorios Auto,BrandA,1218.55,237,3.2
PROD-00007,Running BrandF Modelo 39,Deportes,Running,BrandF,304.87,321,4.5
PROD-00008,Utensilios BrandF Modelo 67,Hogar y Cocina,Utensilios,BrandF,355.49,33,3.6
PROD-00009,Ciclismo BrandB Modelo 26,Deportes,Ciclismo,BrandB,840.63,218,3.6
PROD-00010,Perfumes BrandF Modelo 81,Belleza y Cuidado Personal,Perfumes,BrandF,488.32,277,4.2
PROD-00011,Decoración BrandE Modelo 81,Hogar y Cocina,Decoración,BrandE,483.74,256,4.9
PROD-00012,Ficción EcoLine Modelo 19,Libros,Ficción,EcoLine,1147.24,75,3.6
PROD-00013,Electrodomésticos EcoLine Modelo 87,Hogar y Cocina,Electrodomésticos,EcoLine,421.7,294,3.6
PROD-00014,Camping BrandD Modelo 92,Deportes,Camping,BrandD,828.7,123,4.6
PROD-00015,Skincare BrandE Modelo 96,Belleza y Cuidado Personal,Skincare,BrandE,1099.66,219,3.9
PROD-00016,No Ficción BrandA Modelo 51,Libros,No Ficción,BrandA,1085.92,87,4.0
PROD-00017,Bloques Essentials Modelo 85,Juguetes,Bloques,Essentials,265.99,115,3.1
PROD-00018,Audio Essentials Modelo 66,Electrónica,Audio,Essentials,1295.35,122,4.3
PROD-00019,Camping BrandC Modelo 93,Deportes,Camping,BrandC,845.69,328,5.0
PROD-00020,Juegos de Mesa BrandC Modelo 41,Juguetes,Juegos de Mesa,BrandC,464.93,124,3.3
PROD-00021,Muñecas PremiumCorp Modelo 84,Juguetes,Muñecas,PremiumCorp,222.02,19,4.2
PROD-00022,Accesorios BrandF Modelo 81,Electrónica,Accesorios,BrandF,1165.35,256,5.0
PROD-00023,Chaqueta BrandD Modelo 85,Ropa y Calzado,Chaqueta,BrandD,345.81,246,4.2
PROD-00024,Gimnasio BrandE Modelo 71,Deportes,Gimnasio,BrandE,1388.0,334,4.0
PROD-00025,Maquillaje Essentials Modelo 25,Belleza y Cuidado Personal,Maquillaje,Essentials,1241.2,326,4.2
PROD-00026,Bloques BrandF Modelo 92,Juguetes,Bloques,BrandF,981.92,327,3.0
PROD-00027,Running BrandE Modelo 73,Deportes,Running,BrandE,1179.6,28,3.5
PROD-00028,Limpieza BrandE Modelo 77,Automotriz,Limpieza,BrandE,1264.04,103,3.9
PROD-00029,Biografías BrandD Modelo 10,Libros,Biografías,BrandD,362.13,287,3.1
PROD-00030,Juegos de Mesa BrandF Modelo 93,Juguetes,Juegos de Mesa,BrandF,45.35,305,3.9
PROD-00031,Limpieza Essentials Modelo 18,Automotriz,Limpieza,Essentials,1287.39,201,4.6
PROD-00032,Gimnasio BrandC Modelo 40,Deportes,Gimnasio,BrandC,235.42,191,3.7
PROD-00033,Accesorios Auto BrandB Modelo 87,Automotriz,Accesorios Auto,BrandB,583.92,46,3.8
PROD-00034,Bloques BrandA Modelo 74,Juguetes,Bloques,BrandA,108.25,182,4.3
PROD-00035,Cabello BrandF Modelo 68,Belleza y Cuidado Personal,Cabello,BrandF,530.68,153,4.2
PROD-00036,Ciencia BrandB Modelo 96,Libros,Ciencia,BrandB,77.04,28,3.7
PROD-00037,Bloques PremiumCorp Modelo 89,Juguetes,Bloques,PremiumCorp,319.08,69,3.5
PROD-00038,Teléfonos BrandE Modelo 27,Electrónica,Teléfonos,BrandE,1356.44,154,3.8
PROD-00039,Running EcoLine Modelo 50,Deportes,Running,EcoLine,165.69,135,4.7
PROD-00040,Bloques BrandA Modelo 10,Juguetes,Bloques,BrandA,156.76,87,4.2
PROD-00041,Bloques BrandE Modelo 63,Juguetes,Bloques,BrandE,477.19,146,3.2
PROD-00042,Camisas BrandC Modelo 34,Ropa y Calzado,Camisas,BrandC,973.88,169,3.5
PROD-00043,Zapatos BrandF Modelo 44,Ropa y Calzado,Zapatos,BrandF,716.72,335,4.6
PROD-00044,Electrodomésticos BrandE Modelo 15,Hogar y Cocina,Electrodomésticos,BrandE,582.29,29,4.4
PROD-00045,Teléfonos BrandB Modelo 73,Electrónica,Teléfonos,BrandB,1374.54,326,3.4
PROD-00046,Maquillaje BrandE Modelo 51,Belleza y Cuidado Personal,Maquillaje,BrandE,1004.65,24,4.4
PROD-00047,Decoración PremiumCorp Modelo 96,Hogar y Cocina,Decoración,PremiumCorp,1260.79,85,3.8
PROD-00048,Electrodomésticos EcoLine Modelo 79,Hogar y Cocina,Electrodomésticos,EcoLine,431.92,308,3.4
PROD-00049,Utensilios EcoLine Modelo 11,Hogar y Cocina,Utensilios,EcoLine,412.87,156,3.2
PROD-00050,Camping BrandD Modelo 25,Deportes,Camping,BrandD,455.27,245,5.0
PROD-00051,Camisas BrandA Modelo 77,Ropa y Calzado,Camisas,BrandA,495.96,122,3.5
PROD-00052,Audio BrandF Modelo 43,Electrónica,Audio,BrandF,312.79,311,4.0
PROD-00053,Ciclismo BrandC Modelo 80,Deportes,Ciclismo,BrandC,1252.63,189,3.4
PROD-00054,Pantalones BrandD Modelo 72,Ropa y Calzado,Pantalones,BrandD,1403.32,289,3.8
PROD-00055,Camisas BrandC Modelo 45,Ropa y Calzado,Camisas,BrandC,580.28,75,5.0
PROD-00056,Biografías BrandD Modelo 90,Libros,Biografías,BrandD,1198.32,317,3.1
PROD-00057,Accesorios BrandE Modelo 99,Electrónica,Accesorios,BrandE,1011.46,180,4.4
PROD-00058,Ficción BrandD Modelo 62,Libros,Ficción,BrandD,23.63,82,4.3
PROD-00059,Zapatos PremiumCorp Modelo 84,Ropa y Calzado,Zapatos,PremiumCorp,356.53,219,4.3
PROD-00060,Teléfonos BrandC Modelo 74,Electrónica,Teléfonos,BrandC,36.61,203,4.2
PROD-00061,Herramientas Essentials Modelo 80,Automotriz,Herramientas,Essentials,1308.02,134,4.2
PROD-00062,Perfumes BrandA Modelo 63,Belleza y Cuidado Personal,Perfumes,BrandA,1271.94,18,5.0
PROD-00063,Gimnasio BrandB Modelo 11,Deportes,Gimnasio,BrandB,1030.18,63,3.8
PROD-00064,Pantalones Essentials Modelo 94,Ropa y Calzado,Pantalones,Essentials,819.56,312,3.1
PROD-00065,Decoración BrandD Modelo 57,Hogar y Cocina,Decoración,BrandD,647.32,54,4.4
PROD-00066,Skincare BrandA Modelo 73,Belleza y Cuidado Personal,Skincare,BrandA,224.99,58,4.9
PROD-00067,Bloques BrandB Modelo 50,Juguetes,Bloques,BrandB,597.5,49,3.4
PROD-00068,Bloques BrandB Modelo 39,Juguetes,Bloques,BrandB,605.26,96,4.7
PROD-00069,Teléfonos BrandE Modelo 72,Electrónica,Teléfonos,BrandE,749.92,53,3.7
PROD-00070,Herramientas BrandC Modelo 48,Automotriz,Herramientas,BrandC,751.34,160,4.5
PROD-00071,Biografías BrandF Modelo 69,Libros,Biografías,BrandF,281.88,340,4.3
PROD-00072,Audio BrandE Modelo 35,Electrónica,Audio,BrandE,231.29,99,4.9
PROD-00073,Camping BrandF Modelo 58,Deportes,Camping,BrandF,1390.63,349,3.9
PROD-00074,Camisas EcoLine Modelo 55,Ropa y Calzado,Camisas,EcoLine,1244.52,31,3.7
PROD-00075,Maquillaje BrandE Modelo 19,Belleza y Cuidado Personal,Maquillaje,BrandE,1203.53,267,4.9
PROD-00076,Camping BrandE Modelo 20,Deportes,Camping,BrandE,894.99,327,3.7
PROD-00077,Ciclismo BrandE Modelo 93,Deportes,Ciclismo,BrandE,765.63,73,4.2
PROD-00078,Accesorios Essentials Modelo 12,Electrónica,Accesorios,Essentials,1335.65,141,4.9
PROD-00079,Electrodomésticos BrandB Modelo 99,Hogar y Cocina,Electrodomésticos,BrandB,1133.43,60,4.7
PROD-00080,Laptops Essentials Modelo 27,Electrónica,Laptops,Essentials,1111.0,166,3.7
PROD-00081,Radiocontrol Essentials Modelo 35,Juguetes,Radiocontrol,Essentials,379.07,30,4.7
PROD-00082,Muñecas BrandD Modelo 26,Juguetes,Muñecas,BrandD,497.38,35,3.6
PROD-00083,Teléfonos PremiumCorp Modelo 61,Electrónica,Teléfonos,PremiumCorp,456.59,81,4.3
PROD-00084,Camisas BrandB Modelo 10,Ropa y Calzado,Camisas,BrandB,1172.39,318,4.6
PROD-00085,Camisas BrandC Modelo 29,Ropa y Calzado,Camisas,BrandC,127.77,184,3.1
PROD-00086,Zapatos BrandB Modelo 80,Ropa y Calzado,Zapatos,BrandB,1320.38,290,4.6
PROD-00087,Audio BrandB Modelo 35,Electrónica,Audio,BrandB,60.89,95,3.5
PROD-00088,Accesorios BrandD Modelo 52,Electrónica,Accesorios,BrandD,1102.98,114,4.7
PROD-00089,Pantalones BrandE Modelo 17,Ropa y Calzado,Pantalones,BrandE,1405.12,288,4.0
PROD-00090,Accesorios Auto BrandF Modelo 64,Automotriz,Accesorios Auto,BrandF,428.77,146,3.3
PROD-00091,Maquillaje EcoLine Modelo 99,Belleza y Cuidado Personal,Maquillaje,EcoLine,1275.6,310,4.2
PROD-00092,Muñecas BrandF Modelo 43,Juguetes,Muñecas,BrandF,174.62,53,4.8
PROD-00093,Zapatos BrandC Modelo 43,Ropa y Calzado,Zapatos,BrandC,1360.63,100,4.4
PROD-00094,Running BrandD Modelo 32,Deportes,Running,BrandD,1221.36,336,4.2
PROD-00095,Camping BrandB Modelo 79,Deportes,Camping,BrandB,898.85,259,3.4
PROD-00096,Running BrandE Modelo 78,Deportes,Running,BrandE,115.61,184,3.0
PROD-00097,Ciclismo BrandD Modelo 87,Deportes,Ciclismo,BrandD,1000.97,204,4.6
PROD-00098,Ficción EcoLine Modelo 82,Libros,Ficción,EcoLine,113.0,307,4.2
PROD-00099,Radiocontrol Essentials Modelo 58,Juguetes,Radiocontrol,Essentials,328.39,107,4.7
PROD-00100,Ciencia PremiumCorp Modelo 71,Libros,Ciencia,PremiumCorp,1494.21,269,4.6
PROD-00101,Juegos de Mesa PremiumCorp Modelo 28,Juguetes,Juegos de Mesa,PremiumCorp,418.57,324,3.7
PROD-00102,Radiocontrol BrandB Modelo 64,Juguetes,Radiocontrol,BrandB,1311.13,260,3.7
PROD-00103,Radiocontrol BrandC Modelo 90,Juguetes,Radiocontrol,BrandC,759.09,137,3.1
PROD-00104,Camisas EcoLine Modelo 85,Ropa y Calzado,Camisas,EcoLine,189.76,164,3.8
PROD-00105,Electrodomésticos Essentials Modelo 88,Hogar y Cocina,Electrodomésticos,Essentials,389.5,172,3.9
PROD-00106,Skincare BrandE Modelo 84,Belleza y Cuidado Personal,Skincare,BrandE,1242.99,106,3.4
PROD-00107,Radiocontrol BrandC Modelo 80,Juguetes,Radiocontrol,BrandC,553.58,28,4.8
PROD-00108,Audio BrandE Modelo 42,Electrónica,Audio,BrandE,915.29,18,3.9
PROD-00109,Herramientas EcoLine Modelo 66,Automotriz,Herramientas,EcoLine,657.9,322,3.8
PROD-00110,Cabello BrandC Modelo 33,Belleza y Cuidado Personal,Cabello,BrandC,842.95,112,4.6
PROD-00111,Herramientas BrandF Modelo 56,Automotriz,Herramientas,BrandF,689.57,127,3.2
PROD-00112,Ciencia Essentials Modelo 27,Libros,Ciencia,Essentials,449.97,199,3.5
PROD-00113,Zapatos BrandA Modelo 97,Ropa y Calzado,Zapatos,BrandA,1171.94,264,3.1
PROD-00114,Pantalones BrandB Modelo 19,Ropa y Calzado,Pantalones,BrandB,1041.15,315,4.7
PROD-00115,Chaqueta PremiumCorp Modelo 23,Ropa y Calzado,Chaqueta,PremiumCorp,1315.08,66,4.9
PROD-00116,Pantalones BrandF Modelo 17,Ropa y Calzado,Pantalones,BrandF,19.5,118,3.4
PROD-00117,Decoración BrandF Modelo 83,Hogar y Cocina,Decoración,BrandF,1268.95,200,4.7
PROD-00118,Radiocontrol EcoLine Modelo 86,Juguetes,Radiocontrol,EcoLine,217.32,27,4.0
PROD-00119,Radiocontrol BrandF Modelo 15,Juguetes,Radiocontrol,BrandF,1478.14,294,4.9
PROD-00120,Accesorios BrandE Modelo 66,Electrónica,Accesorios,BrandE,1170.21,140,4.8
PROD-00121,Ficción BrandD Modelo 70,Libros,Ficción,BrandD,337.07,197,4.1
PROD-00122,Muebles BrandA Modelo 34,Hogar y Cocina,Muebles,BrandA,885.58,145,4.5
PROD-00123,Pantalones BrandB Modelo 21,Ropa y Calzado,Pantalones,BrandB,712.81,273,3.7
PROD-00124,Pantalones BrandC Modelo 88,Ropa y Calzado,Pantalones,BrandC,427.71,146,3.7
PROD-00125,No Ficción PremiumCorp Modelo 62,Libros,No Ficción,PremiumCorp,681.43,212,3.3
PROD-00126,Juegos de Mesa BrandF Modelo 34,Juguetes,Juegos de Mesa,BrandF,696.5,248,4.3
PROD-00127,Running BrandC Modelo 95,Deportes,Running,BrandC,1084.37,306,3.6
PROD-00128,Limpieza BrandB Modelo 71,Automotriz,Limpieza,BrandB,51.04,81,4.2
PROD-00129,Teléfonos BrandC Modelo 73,Electrónica,Teléfonos,BrandC,764.86,40,4.2
PROD-00130,Teléfonos BrandD Modelo 54,Electrónica,Teléfonos,BrandD,120.52,335,4.0
PROD-00131,Limpieza EcoLine Modelo 90,Automotriz,Limpieza,EcoLine,414.66,231,3.8
PROD-00132,Chaqueta BrandA Modelo 13,Ropa y Calzado,Chaqueta,BrandA,1457.51,92,4.8
PROD-00133,Accesorios Auto BrandE Modelo 27,Automotriz,Accesorios Auto,BrandE,911.18,112,4.2
PROD-00134,Limpieza Essentials Modelo 41,Automotriz,Limpieza,Essentials,455.47,175,4.7
PROD-00135,Chaqueta BrandC Modelo 50,Ropa y Calzado,Chaqueta,BrandC,312.3,62,3.7
PROD-00136,Chaqueta BrandD Modelo 52,Ropa y Calzado,Chaqueta,BrandD,1302.23,124,4.0
PROD-00137,Camping BrandC Modelo 11,Deportes,Camping,BrandC,543.57,46,4.3
PROD-00138,Muñecas EcoLine Modelo 21,Juguetes,Muñecas,EcoLine,128.68,134,3.8
PROD-00139,Ciclismo Essentials Modelo 81,Deportes,Ciclismo,Essentials,229.25,13,3.3
PROD-00140,Ficción BrandB Modelo 25,Libros,Ficción,BrandB,917.87,333,4.0
PROD-00141,Skincare EcoLine Modelo 82,Belleza y Cuidado Personal,Skincare,EcoLine,457.14,302,4.9
PROD-00142,Muñecas BrandB Modelo 60,Juguetes,Muñecas,BrandB,1133.58,174,4.4
PROD-00143,Laptops Essentials Modelo 25,Electrónica,Laptops,Essentials,930.73,174,4.8
PROD-00144,Teléfonos EcoLine Modelo 17,Electrónica,Teléfonos,EcoLine,22.16,231,3.2
PROD-00145,Accesorios BrandD Modelo 17,Electrónica,Accesorios,BrandD,1309.72,99,3.9
PROD-00146,Perfumes BrandE Modelo 37,Belleza y Cuidado Personal,Perfumes,BrandE,759.6,108,3.1
PROD-00147,Accesorios BrandD Modelo 48,Electrónica,Accesorios,BrandD,1471.6,199,3.0
PROD-00148,Accesorios BrandB Modelo 22,Electrónica,Accesorios,BrandB,560.13,124,3.5
PROD-00149,Herramientas EcoLine Modelo 10,Automotriz,Herramientas,EcoLine,287.56,14,4.2
PROD-00150,Radiocontrol BrandD Modelo 57,Juguetes,Radiocontrol,BrandD,1301.82,166,4.1
PROD-00151,Laptops BrandE Modelo 31,Electrónica,Laptops,BrandE,465.6,194,3.1
PROD-00152,Ciencia PremiumCorp Modelo 48,Libros,Ciencia,PremiumCorp,1289.69,159,3.2
PROD-00153,Chaqueta PremiumCorp Modelo 50,Ropa y Calzado,Chaqueta,PremiumCorp,478.29,203,4.8
PROD-00154,Juegos de Mesa BrandD Modelo 60,Juguetes,Juegos de Mesa,BrandD,1449.92,333,4.1
PROD-00155,Bloques BrandD Modelo 55,Juguetes,Bloques,BrandD,690.74,28,3.0
PROD-00156,Electrodomésticos BrandE Modelo 29,Hogar y Cocina,Electrodomésticos,BrandE,303.96,50,3.8
PROD-00157,Skincare BrandE Modelo 85,Belleza y Cuidado Personal,Skincare,BrandE,661.81,260,3.2
PROD-00158,Perfumes BrandF Modelo 52,Belleza y Cuidado Personal,Perfumes,BrandF,1088.59,212,3.1
PROD-00159,Cabello PremiumCorp Modelo 68,Belleza y Cuidado Personal,Cabello,PremiumCorp,504.98,159,4.1
PROD-00160,Decoración BrandD Modelo 51,Hogar y Cocina,Decoración,BrandD,1057.8,269,4.4
PROD-00161,Limpieza BrandC Modelo 30,Automotriz,Limpieza,BrandC,1142.1,200,4.1
PROD-00162,Radiocontrol PremiumCorp Modelo 48,Juguetes,Radiocontrol,PremiumCorp,1123.56,230,4.4
PROD-00163,Running EcoLine Modelo 68,Deportes,Running,EcoLine,978.19,139,3.2
PROD-00164,Juegos de Mesa PremiumCorp Modelo 94,Juguetes,Juegos de Mesa,PremiumCorp,841.41,67,3.1
PROD-00165,Bloques BrandA Modelo 95,Juguetes,Bloques,BrandA,1425.55,97,3.8
PROD-00166,Accesorios EcoLine Modelo 52,Electrónica,Accesorios,EcoLine,511.25,43,4.2
PROD-00167,Running Essentials Modelo 89,Deportes,Running,Essentials,1005.35,264,4.9
PROD-00168,Decoración BrandB Modelo 73,Hogar y Cocina,Decoración,BrandB,1060.7,4,3.6
PROD-00169,Utensilios EcoLine Modelo 26,Hogar y Cocina,Utensilios,EcoLine,333.17,343,4.1
PROD-00170,Gimnasio BrandE Modelo 39,Deportes,Gimnasio,BrandE,234.06,346,4.4
PROD-00171,Cabello BrandD Modelo 43,Belleza y Cuidado Personal,Cabello,BrandD,621.81,221,4.6
PROD-00172,Camisas PremiumCorp Modelo 66,Ropa y Calzado,Camisas,PremiumCorp,949.4,251,3.5
PROD-00173,Juegos de Mesa BrandA Modelo 65,Juguetes,Juegos de Mesa,BrandA,1092.72,115,4.9
PROD-00174,Muñecas BrandA Modelo 32,Juguetes,Muñecas,BrandA,902.63,193,3.3
PROD-00175,Ciclismo Essentials Modelo 60,Deportes,Ciclismo,Essentials,708.39,76,4.1
PROD-00176,Accesorios Auto PremiumCorp Modelo 19,Automotriz,Accesorios Auto,PremiumCorp,646.77,237,3.5
PROD-00177,Audio BrandD Modelo 82,Electrónica,Audio,BrandD,410.68,233,4.7
PROD-00178,Radiocontrol BrandD Modelo 83,Juguetes,Radiocontrol,BrandD,477.69,289,4.7
PROD-00179,Zapatos EcoLine Modelo 27,Ropa y Calzado,Zapatos,EcoLine,315.37,135,4.7
PROD-00180,Biografías Essentials Modelo 17,Libros,Biografías,Essentials,87.71,210,3.7
PROD-00181,Camping BrandD Modelo 11,Deportes,Camping,BrandD,1472.72,117,3.8
PROD-00182,Ficción BrandE Modelo 14,Libros,Ficción,BrandE,336.86,53,3.5
PROD-00183,Skincare BrandD Modelo 11,Belleza y Cuidado Personal,Skincare,BrandD,1059.21,279,4.2
PROD-00184,Utensilios BrandB Modelo 16,Hogar y Cocina,Utensilios,BrandB,1108.57,270,3.1
PROD-00185,Zapatos BrandB Modelo 67,Ropa y Calzado,Zapatos,BrandB,1124.57,294,4.7
PROD-00186,Limpieza BrandB Modelo 15,Automotriz,Limpieza,BrandB,306.9,286,4.3
PROD-00187,Pantalones BrandE Modelo 68,Ropa y Calzado,Pantalones,BrandE,808.18,340,4.7
PROD-00188,Zapatos BrandD Modelo 91,Ropa y Calzado,Zapatos,BrandD,1081.13,128,4.5
PROD-00189,Limpieza BrandA Modelo 43,Automotriz,Limpieza,BrandA,108.42,113,4.3
PROD-00190,Muñecas PremiumCorp Modelo 75,Juguetes,Muñecas,PremiumCorp,290.77,114,3.1
PROD-00191,Skincare BrandE Modelo 79,Belleza y Cuidado Personal,Skincare,BrandE,1119.79,308,4.6
PROD-00192,Decoración BrandD Modelo 56,Hogar y Cocina,Decoración,BrandD,742.23,260,4.2
PROD-00193,Ciencia Essentials Modelo 85,Libros,Ciencia,Essentials,265.42,267,4.8
PROD-00194,Audio BrandF Modelo 90,Electrónica,Audio,BrandF,117.61,206,4.2
PROD-00195,Herramientas EcoLine Modelo 68,Automotriz,Herramientas,EcoLine,558.88,186,4.9
PROD-00196,Accesorios BrandD Modelo 53,Electrónica,Accesorios,BrandD,1255.92,149,3.4
PROD-00197,Biografías BrandB Modelo 22,Libros,Biografías,BrandB,1344.16,277,3.0
PROD-00198,Camisas BrandA Modelo 77,Ropa y Calzado,Camisas,BrandA,1129.87,261,3.9
PROD-00199,Ficción BrandA Modelo 90,Libros,Ficción,BrandA,659.6,62,4.3
PROD-00200,Electrodomésticos BrandD Modelo 50,Hogar y Cocina,Electrodomésticos,BrandD,625.77,49,4.0
PROD-00201,Cabello BrandF Modelo 97,Belleza y Cuidado Personal,Cabello,BrandF,1011.86,118,3.4
PROD-00202,Maquillaje BrandA Modelo 85,Belleza y Cuidado Personal,Maquillaje,BrandA,302.08,321,3.1
PROD-00203,Bloques BrandF Modelo 24,Juguetes,Bloques,BrandF,759.59,162,4.6
PROD-00204,Chaqueta BrandD Modelo 88,Ropa y Calzado,Chaqueta,BrandD,1098.52,52,3.9
PROD-00205,Ciencia BrandB Modelo 64,Libros,Ciencia,BrandB,727.34,252,3.7
PROD-00206,Skincare BrandC Modelo 37,Belleza y Cuidado Personal,Skincare,BrandC,650.16,50,4.6
PROD-00207,Electrodomésticos BrandE Modelo 55,Hogar y Cocina,Electrodomésticos,BrandE,1222.5,30,3.8
PROD-00208,No Ficción BrandE Modelo 52,Libros,No Ficción,BrandE,79.79,318,4.2
PROD-00209,No Ficción BrandD Modelo 56,Libros,No Ficción,BrandD,430.57,157,3.2
PROD-00210,Ciclismo BrandF Modelo 83,Deportes,Ciclismo,BrandF,572.49,11,3.8
PROD-00211,Pantalones BrandA Modelo 12,Ropa y Calzado,Pantalones,BrandA,650.14,90,3.3
PROD-00212,Muebles BrandD Modelo 25,Hogar y Cocina,Muebles,BrandD,944.44,189,4.0
PROD-00213,Decoración BrandA Modelo 22,Hogar y Cocina,Decoración,BrandA,284.44,124,3.4
PROD-00214,Laptops EcoLine Modelo 38,Electrónica,Laptops,EcoLine,1441.83,42,4.4
PROD-00215,Muñecas PremiumCorp Modelo 19,Juguetes,Muñecas,PremiumCorp,299.47,125,4.7
PROD-00216,Accesorios Auto EcoLine Modelo 76,Automotriz,Accesorios Auto,EcoLine,686.81,1,3.3
PROD-00217,Audio BrandD Modelo 67,Electrónica,Audio,BrandD,1357.99,180,3.9
PROD-00218,Accesorios Auto PremiumCorp Modelo 74,Automotriz,Accesorios Auto,PremiumCorp,1099.71,182,4.4
PROD-00219,Laptops BrandE Modelo 42,Electrónica,Laptops,BrandE,1185.27,58,4.6
PROD-00220,Herramientas BrandB Modelo 91,Automotriz,Herramientas,BrandB,378.76,9,4.0
PROD-00221,Running BrandD Modelo 99,Deportes,Running,BrandD,1183.99,335,3.6
PROD-00222,Running Essentials Modelo 45,Deportes,Running,Essentials,702.17,225,3.5
PROD-00223,Cabello PremiumCorp Modelo 80,Belleza y Cuidado Personal,Cabello,PremiumCorp,1400.45,3,3.2
PROD-00224,Running BrandB Modelo 63,Deportes,Running,BrandB,799.86,193,3.2
PROD-00225,Herramientas BrandA Modelo 45,Automotriz,Herramientas,BrandA,965.2,282,4.0
PROD-00226,Audio BrandE Modelo 64,Electrónica,Audio,BrandE,806.65,131,4.5
PROD-00227,Zapatos BrandD Modelo 67,Ropa y Calzado,Zapatos,BrandD,1038.95,72,4.1
PROD-00228,Perfumes PremiumCorp Modelo 85,Belleza y Cuidado Personal,Perfumes,PremiumCorp,862.6,169,4.3
PROD-00229,Juegos de Mesa EcoLine Modelo 12,Juguetes,Juegos de Mesa,EcoLine,1343.88,269,3.7
PROD-00230,Limpieza BrandA Modelo 80,Automotriz,Limpieza,BrandA,1006.0,243,4.7
PROD-00231,Muñecas BrandC Modelo 19,Juguetes,Muñecas,BrandC,1071.64,336,3.2
PROD-00232,Accesorios Auto EcoLine Modelo 30,Automotriz,Accesorios Auto,EcoLine,1365.57,138,5.0
PROD-00233,Biografías BrandC Modelo 42,Libros,Biografías,BrandC,404.07,42,3.3
PROD-00234,Herramientas BrandF Modelo 65,Automotriz,Herramientas,BrandF,851.26,237,3.9
PROD-00235,Electrodomésticos BrandC Modelo 46,Hogar y Cocina,Electrodomésticos,BrandC,1083.97,84,3.3
PROD-00236,Camisas BrandF Modelo 78,Ropa y Calzado,Camisas,BrandF,138.37,123,4.1
PROD-00237,Camisas BrandD Modelo 96,Ropa y Calzado,Camisas,BrandD,1128.36,324,3.2
PROD-00238,No Ficción BrandB Modelo 63,Libros,No Ficción,BrandB,889.41,222,4.3
PROD-00239,Pantalones BrandC Modelo 44,Ropa y Calzado,Pantalones,BrandC,79.92,261,4.7
PROD-00240,Maquillaje BrandB Modelo 67,Belleza y Cuidado Personal,Maquillaje,BrandB,475.73,280,3.6
PROD-00241,Ciencia PremiumCorp Modelo 97,Libros,Ciencia,PremiumCorp,1269.64,122,4.8
PROD-00242,Maquillaje BrandC Modelo 17,Belleza y Cuidado Personal,Maquillaje,BrandC,358.51,31,4.3
PROD-00243,Maquillaje BrandD Modelo 26,Belleza y Cuidado Personal,Maquillaje,BrandD,785.23,56,3.2
PROD-00244,Teléfonos BrandC Modelo 96,Electrónica,Teléfonos,BrandC,916.25,273,5.0
PROD-00245,Running Essentials Modelo 69,Deportes,Running,Essentials,127.38,280,4.5
PROD-00246,Muñecas BrandE Modelo 88,Juguetes,Muñecas,BrandE,199.56,295,4.0
PROD-00247,Audio BrandC Modelo 95,Electrónica,Audio,BrandC,854.82,310,3.9
PROD-00248,Juegos de Mesa BrandE Modelo 51,Juguetes,Juegos de Mesa,BrandE,511.51,188,3.7
PROD-00249,Accesorios BrandF Modelo 54,Electrónica,Accesorios,BrandF,329.22,21,3.7
PROD-00250,Bloques EcoLine Modelo 67,Juguetes,Bloques,EcoLine,196.77,29,4.1
PROD-00251,Skincare BrandA Modelo 28,Belleza y Cuidado Personal,Skincare,BrandA,525.0,46,4.9
PROD-00252,Ciencia Essentials Modelo 39,Libros,Ciencia,Essentials,787.25,92,4.3
PROD-00253,Biografías BrandB Modelo 76,Libros,Biografías,BrandB,825.75,67,4.8
PROD-00254,Limpieza BrandD Modelo 60,Automotriz,Limpieza,BrandD,238.46,240,4.9
PROD-00255,Accesorios Essentials Modelo 86,Electrónica,Accesorios,Essentials,551.57,222,4.4
PROD-00256,Limpieza EcoLine Modelo 63,Automotriz,Limpieza,EcoLine,1356.85,4,4.9
PROD-00257,Chaqueta Essentials Modelo 44,Ropa y Calzado,Chaqueta,Essentials,356.14,82,4.2
PROD-00258,Bloques BrandC Modelo 94,Juguetes,Bloques,BrandC,508.07,191,3.1
PROD-00259,Skincare Essentials Modelo 38,Belleza y Cuidado Personal,Skincare,Essentials,70.18,326,3.8
PROD-00260,Biografías BrandE Modelo 95,Libros,Biografías,BrandE,706.35,165,4.1
PROD-00261,Muñecas EcoLine Modelo 46,Juguetes,Muñecas,EcoLine,487.79,165,4.8
PROD-00262,Muñecas PremiumCorp Modelo 74,Juguetes,Muñecas,PremiumCorp,215.64,179,3.1
PROD-00263,Pantalones BrandF Modelo 32,Ropa y Calzado,Pantalones,BrandF,715.17,125,4.4
PROD-00264,Muñecas BrandB Modelo 75,Juguetes,Muñecas,BrandB,1240.02,143,4.8
PROD-00265,Bloques BrandF Modelo 43,Juguetes,Bloques,BrandF,470.76,35,3.9
PROD-00266,Juegos de Mesa BrandF Modelo 35,Juguetes,Juegos de Mesa,BrandF,1155.15,64,4.8
PROD-00267,Ciclismo Essentials Modelo 17,Deportes,Ciclismo,Essentials,964.48,220,3.1
PROD-00268,Teléfonos BrandD Modelo 60,Electrónica,Teléfonos,BrandD,1317.95,288,4.4
PROD-00269,Gimnasio BrandC Modelo 34,Deportes,Gimnasio,BrandC,1401.94,20,3.8
PROD-00270,Camisas BrandB Modelo 15,Ropa y Calzado,Camisas,BrandB,241.88,227,3.4
PROD-00271,Ficción Essentials Modelo 73,Libros,Ficción,Essentials,1018.6,87,3.3
PROD-00272,Zapatos BrandF Modelo 41,Ropa y Calzado,Zapatos,BrandF,558.43,2,3.4
PROD-00273,Running BrandF Modelo 10,Deportes,Running,BrandF,963.36,230,3.9
PROD-00274,Accesorios BrandA Modelo 28,Electrónica,Accesorios,BrandA,1422.8,174,3.4
PROD-00275,Chaqueta BrandB Modelo 58,Ropa y Calzado,Chaqueta,BrandB,1113.11,283,3.9
PROD-00276,Zapatos BrandE Modelo 59,Ropa y Calzado,Zapatos,BrandE,1467.95,71,4.9
PROD-00277,Chaqueta BrandA Modelo 56,Ropa y Calzado,Chaqueta,BrandA,463.73,27,3.6
PROD-00278,Limpieza Essentials Modelo 97,Automotriz,Limpieza,Essentials,47.2,119,3.0
PROD-00279,Electrodomésticos BrandF Modelo 66,Hogar y Cocina,Electrodomésticos,BrandF,284.65,142,4.0
PROD-00280,Radiocontrol EcoLine Modelo 49,Juguetes,Radiocontrol,EcoLine,1250.1,87,4.6
PROD-00281,Zapatos BrandF Modelo 19,Ropa y Calzado,Zapatos,BrandF,836.81,56,4.1
PROD-00282,Pantalones BrandD Modelo 99,Ropa y Calzado,Pantalones,BrandD,334.84,144,3.2
PROD-00283,Herramientas Essentials Modelo 94,Automotriz,Herramientas,Essentials,232.45,133,3.1
PROD-00284,No Ficción BrandF Modelo 28,Libros,No Ficción,BrandF,483.29,301,4.3
PROD-00285,Juegos de Mesa BrandA Modelo 87,Juguetes,Juegos de Mesa,BrandA,912.43,245,4.8
PROD-00286,Ficción BrandC Modelo 43,Libros,Ficción,BrandC,392.12,162,3.2
PROD-00287,Audio Essentials Modelo 54,Electrónica,Audio,Essentials,1219.31,227,3.4
PROD-00288,Skincare Essentials Modelo 91,Belleza y Cuidado Personal,Skincare,Essentials,183.73,307,3.8
PROD-00289,Laptops PremiumCorp Modelo 49,Electrónica,Laptops,PremiumCorp,1461.37,144,3.5
PROD-00290,Camisas BrandA Modelo 61,Ropa y Calzado,Camisas,BrandA,1491.25,234,4.0
PROD-00291,Cabello BrandC Modelo 22,Belleza y Cuidado Personal,Cabello,BrandC,1140.39,334,4.6
PROD-00292,Bloques BrandA Modelo 90,Juguetes,Bloques,BrandA,383.02,83,3.4
PROD-00293,Bloques Essentials Modelo 73,Juguetes,Bloques,Essentials,967.36,345,3.5
PROD-00294,Accesorios BrandF Modelo 28,Electrónica,Accesorios,BrandF,624.0,142,4.2
PROD-00295,Muebles BrandF Modelo 47,Hogar y Cocina,Muebles,BrandF,349.2,174,4.2
PROD-00296,Muñecas BrandD Modelo 30,Juguetes,Muñecas,BrandD,939.09,146,4.8
PROD-00297,Maquillaje BrandA Modelo 47,Belleza y Cuidado Personal,Maquillaje,BrandA,1166.35,16,3.7
PROD-00298,Electrodomésticos PremiumCorp Modelo 12,Hogar y Cocina,Electrodomésticos,PremiumCorp,28.38,254,3.8
PROD-00299,Muebles BrandA Modelo 43,Hogar y Cocina,Muebles,BrandA,982.39,28,3.8
PROD-00300,Decoración BrandF Modelo 24,Hogar y Cocina,Decoración,BrandF,190.38,283,3.1
PROD-00301,Camping BrandF Modelo 83,Deportes,Camping,BrandF,834.59,143,4.5
PROD-00302,Utensilios Essentials Modelo 23,Hogar y Cocina,Utensilios,Essentials,1015.84,147,3.7
PROD-00303,Laptops BrandA Modelo 70,Electrónica,Laptops,BrandA,32.21,62,3.7
PROD-00304,Accesorios Auto Essentials Modelo 34,Automotriz,Accesorios Auto,Essentials,823.0,11,4.7
PROD-00305,Audio BrandF Modelo 75,Electrónica,Audio,BrandF,27.63,22,3.2
PROD-00306,Juegos de Mesa BrandB Modelo 58,Juguetes,Juegos de Mesa,BrandB,748.62,48,4.4
PROD-00307,Perfumes BrandF Modelo 48,Belleza y Cuidado Personal,Perfumes,BrandF,590.42,251,4.0
PROD-00308,Decoración BrandB Modelo 26,Hogar y Cocina,Decoración,BrandB,409.88,315,3.9
PROD-00309,Maquillaje PremiumCorp Modelo 75,Belleza y Cuidado Personal,Maquillaje,PremiumCorp,1410.85,40,4.3
PROD-00310,Camisas EcoLine Modelo 35,Ropa y Calzado,Camisas,EcoLine,80.39,50,3.8
PROD-00311,Herramientas PremiumCorp Modelo 57,Automotriz,Herramientas,PremiumCorp,749.73,146,4.5
PROD-00312,Zapatos PremiumCorp Modelo 78,Ropa y Calzado,Zapatos,PremiumCorp,688.86,204,4.3
PROD-00313,Bloques BrandA Modelo 93,Juguetes,Bloques,BrandA,370.88,242,3.3
PROD-00314,Accesorios Auto Essentials Modelo 28,Automotriz,Accesorios Auto,Essentials,705.01,93,4.9
PROD-00315,Ficción BrandF Modelo 42,Libros,Ficción,BrandF,304.68,198,4.6
PROD-00316,Chaqueta BrandE Modelo 32,Ropa y Calzado,Chaqueta,BrandE,1393.03,254,5.0
PROD-00317,Juegos de Mesa BrandC Modelo 63,Juguetes,Juegos de Mesa,BrandC,278.15,283,4.2
PROD-00318,Teléfonos BrandC Modelo 33,Electrónica,Teléfonos,BrandC,1305.9,221,4.8
PROD-00319,No Ficción EcoLine Modelo 59,Libros,No Ficción,EcoLine,1311.69,143,4.9
PROD-00320,Muebles EcoLine Modelo 80,Hogar y Cocina,Muebles,EcoLine,958.28,258,4.3
PROD-00321,Running BrandA Modelo 91,Deportes,Running,BrandA,1396.35,282,4.0
PROD-00322,Laptops BrandC Modelo 68,Electrónica,Laptops,BrandC,1083.45,207,4.0
PROD-00323,Audio Essentials Modelo 82,Electrónica,Audio,Essentials,1058.01,108,4.4
PROD-00324,Muñecas PremiumCorp Modelo 70,Juguetes,Muñecas,PremiumCorp,531.17,232,3.5
PROD-00325,Chaqueta BrandB Modelo 15,Ropa y Calzado,Chaqueta,BrandB,1049.78,20,4.6
PROD-00326,Laptops BrandB Modelo 10,Electrónica,Laptops,BrandB,965.54,168,4.1
PROD-00327,Running BrandF Modelo 74,Deportes,Running,BrandF,643.83,86,3.4
PROD-00328,Bloques BrandE Modelo 75,Juguetes,Bloques,BrandE,1300.48,130,3.8
PROD-00329,Maquillaje BrandD Modelo 94,Belleza y Cuidado Personal,Maquillaje,BrandD,618.59,171,5.0
PROD-00330,Maquillaje PremiumCorp Modelo 32,Belleza y Cuidado Personal,Maquillaje,PremiumCorp,286.62,182,3.5
PROD-00331,Zapatos PremiumCorp Modelo 68,Ropa y Calzado,Zapatos,PremiumCorp,645.23,183,4.8
PROD-00332,Maquillaje BrandC Modelo 47,Belleza y Cuidado Personal,Maquillaje,BrandC,428.32,177,4.8
PROD-00333,Juegos de Mesa BrandF Modelo 56,Juguetes,Juegos de Mesa,BrandF,1269.68,330,3.1
PROD-00334,Chaqueta BrandC Modelo 19,Ropa y Calzado,Chaqueta,BrandC,1015.39,296,3.8
PROD-00335,Zapatos BrandE Modelo 27,Ropa y Calzado,Zapatos,BrandE,1005.85,182,3.8
PROD-00336,No Ficción BrandD Modelo 92,Libros,No Ficción,BrandD,967.96,148,4.9
PROD-00337,Decoración BrandA Modelo 12,Hogar y Cocina,Decoración,BrandA,1111.32,256,3.6
PROD-00338,Skincare BrandE Modelo 26,Belleza y Cuidado Personal,Skincare,BrandE,1225.63,50,4.2
PROD-00339,Pantalones BrandE Modelo 99,Ropa y Calzado,Pantalones,BrandE,1080.26,268,3.2
PROD-00340,Decoración PremiumCorp Modelo 66,Hogar y Cocina,Decoración,PremiumCorp,1210.18,116,3.9
PROD-00341,Biografías BrandD Modelo 64,Libros,Biografías,BrandD,1131.46,64,3.6
PROD-00342,Juegos de Mesa BrandF Modelo 25,Juguetes,Juegos de Mesa,BrandF,708.05,89,3.9
PROD-00343,Utensilios BrandE Modelo 43,Hogar y Cocina,Utensilios,BrandE,681.54,108,4.5
PROD-00344,Camisas Essentials Modelo 13,Ropa y Calzado,Camisas,Essentials,1490.82,151,4.8
PROD-00345,Herramientas BrandB Modelo 11,Automotriz,Herramientas,BrandB,970.63,245,4.3
PROD-00346,Zapatos EcoLine Modelo 84,Ropa y Calzado,Zapatos,EcoLine,188.63,279,3.2
PROD-00347,Perfumes PremiumCorp Modelo 61,Belleza y Cuidado Personal,Perfumes,PremiumCorp,897.53,41,4.9
PROD-00348,Cabello EcoLine Modelo 30,Belleza y Cuidado Personal,Cabello,EcoLine,828.04,239,4.8
PROD-00349,Ficción BrandA Modelo 71,Libros,Ficción,BrandA,1486.88,155,3.5
PROD-00350,Ciclismo BrandE Modelo 88,Deportes,Ciclismo,BrandE,349.81,194,4.5
PROD-00351,Herramientas BrandF Modelo 19,Automotriz,Herramientas,BrandF,1027.14,168,3.1
PROD-00352,Camping BrandE Modelo 24,Deportes,Camping,BrandE,1226.11,149,4.9
PROD-00353,Juegos de Mesa BrandE Modelo 37,Juguetes,Juegos de Mesa,BrandE,427.56,41,3.7
PROD-00354,Maquillaje BrandE Modelo 91,Belleza y Cuidado Personal,Maquillaje,BrandE,717.69,325,4.1
PROD-00355,Teléfonos EcoLine Modelo 60,Electrónica,Teléfonos,EcoLine,73.31,298,3.8
PROD-00356,Electrodomésticos BrandA Modelo 38,Hogar y Cocina,Electrodomésticos,BrandA,1213.76,325,3.1
PROD-00357,Zapatos BrandA Modelo 97,Ropa y Calzado,Zapatos,BrandA,830.21,136,3.9
PROD-00358,Running BrandE Modelo 50,Deportes,Running,BrandE,281.05,86,4.4
PROD-00359,Accesorios BrandE Modelo 46,Electrónica,Accesorios,BrandE,1110.2,139,4.1
PROD-00360,Accesorios Auto BrandC Modelo 14,Automotriz,Accesorios Auto,BrandC,1100.88,300,3.8
PROD-00361,Electrodomésticos BrandA Modelo 83,Hogar y Cocina,Electrodomésticos,BrandA,1051.73,201,3.2
PROD-00362,Audio BrandD Modelo 26,Electrónica,Audio,BrandD,122.14,295,4.3
PROD-00363,Limpieza EcoLine Modelo 42,Automotriz,Limpieza,EcoLine,175.67,319,4.1
PROD-00364,Camisas PremiumCorp Modelo 68,Ropa y Calzado,Camisas,PremiumCorp,1374.86,2,3.8
PROD-00365,Camping BrandB Modelo 86,Deportes,Camping,BrandB,309.06,249,4.1
PROD-00366,Ficción BrandB Modelo 49,Libros,Ficción,BrandB,812.06,257,4.6
PROD-00367,Cabello BrandB Modelo 62,Belleza y Cuidado Personal,Cabello,BrandB,1326.3,299,3.5
PROD-00368,Audio PremiumCorp Modelo 73,Electrónica,Audio,PremiumCorp,859.04,333,4.6
PROD-00369,Chaqueta BrandE Modelo 75,Ropa y Calzado,Chaqueta,BrandE,1131.19,101,4.8
PROD-00370,Muebles BrandA Modelo 98,Hogar y Cocina,Muebles,BrandA,1173.25,100,4.6
PROD-00371,Electrodomésticos Essentials Modelo 13,Hogar y Cocina,Electrodomésticos,Essentials,584.25,211,4.4
PROD-00372,Cabello BrandC Modelo 68,Belleza y Cuidado Personal,Cabello,BrandC,1498.66,215,3.3
PROD-00373,Maquillaje BrandB Modelo 74,Belleza y Cuidado Personal,Maquillaje,BrandB,457.26,46,3.3
PROD-00374,Chaqueta BrandB Modelo 59,Ropa y Calzado,Chaqueta,BrandB,1218.01,26,3.9
PROD-00375,Zapatos PremiumCorp Modelo 65,Ropa y Calzado,Zapatos,PremiumCorp,1384.93,329,4.4
PROD-00376,Laptops Essentials Modelo 42,Electrónica,Laptops,Essentials,448.44,139,3.2
PROD-00377,Ficción BrandE Modelo 85,Libros,Ficción,BrandE,319.72,152,4.4
PROD-00378,Utensilios BrandB Modelo 80,Hogar y Cocina,Utensilios,BrandB,166.75,123,4.8
PROD-00379,Accesorios BrandF Modelo 70,Electrónica,Accesorios,BrandF,1176.7,296,4.7
PROD-00380,Juegos de Mesa BrandC Modelo 22,Juguetes,Juegos de Mesa,BrandC,536.46,222,3.2
PROD-00381,Biografías BrandC Modelo 67,Libros,Biografías,BrandC,959.0,262,3.8
PROD-00382,Radiocontrol PremiumCorp Modelo 44,Juguetes,Radiocontrol,PremiumCorp,319.64,88,3.1
PROD-00383,Skincare PremiumCorp Modelo 72,Belleza y Cuidado Personal,Skincare,PremiumCorp,208.86,279,4.6
PROD-00384,Electrodomésticos BrandA Modelo 79,Hogar y Cocina,Electrodomésticos,BrandA,385.96,305,4.1
PROD-00385,Chaqueta BrandB Modelo 29,Ropa y Calzado,Chaqueta,BrandB,250.83,242,4.8
PROD-00386,Ficción BrandB Modelo 70,Libros,Ficción,BrandB,806.61,106,3.8
PROD-00387,Skincare Essentials Modelo 93,Belleza y Cuidado Personal,Skincare,Essentials,1187.16,177,3.4
PROD-00388,Audio Essentials Modelo 43,Electrónica,Audio,Essentials,1125.42,177,3.5
PROD-00389,Ciclismo BrandA Modelo 37,Deportes,Ciclismo,BrandA,790.05,316,4.9
PROD-00390,Biografías EcoLine Modelo 65,Libros,Biografías,EcoLine,309.67,325,4.7
PROD-00391,Muñecas Essentials Modelo 59,Juguetes,Muñecas,Essentials,591.3,322,3.6
PROD-00392,Muñecas EcoLine Modelo 90,Juguetes,Muñecas,EcoLine,649.69,299,4.5
PROD-00393,Pantalones BrandC Modelo 70,Ropa y Calzado,Pantalones,BrandC,1387.49,195,3.6
PROD-00394,Cabello BrandD Modelo 25,Belleza y Cuidado Personal,Cabello,BrandD,1044.77,348,3.1
PROD-00395,Ciclismo BrandC Modelo 11,Deportes,Ciclismo,BrandC,1423.87,63,3.5
PROD-00396,Biografías BrandB Modelo 58,Libros,Biografías,BrandB,590.98,57,4.5
PROD-00397,Chaqueta EcoLine Modelo 83,Ropa y Calzado,Chaqueta,EcoLine,715.13,141,3.9
PROD-00398,Accesorios Auto Essentials Modelo 72,Automotriz,Accesorios Auto,Essentials,621.55,283,3.9
PROD-00399,Radiocontrol PremiumCorp Modelo 24,Juguetes,Radiocontrol,PremiumCorp,773.99,274,3.3
PROD-00400,No Ficción BrandE Modelo 48,Libros,No Ficción,BrandE,1164.87,254,3.7
PROD-00401,Audio PremiumCorp Modelo 15,Electrónica,Audio,PremiumCorp,722.29,252,3.6
PROD-00402,Limpieza Essentials Modelo 52,Automotriz,Limpieza,Essentials,365.1,252,3.2
PROD-00403,Ficción BrandF Modelo 62,Libros,Ficción,BrandF,347.77,132,3.0
PROD-00404,Maquillaje BrandB Modelo 74,Belleza y Cuidado Personal,Maquillaje,BrandB,228.53,228,4.4
PROD-00405,Decoración PremiumCorp Modelo 66,Hogar y Cocina,Decoración,PremiumCorp,250.79,303,3.2
PROD-00406,Zapatos BrandD Modelo 94,Ropa y Calzado,Zapatos,BrandD,758.35,334,3.0
PROD-00407,Ciencia BrandE Modelo 91,Libros,Ciencia,BrandE,353.77,297,4.1
PROD-00408,Running PremiumCorp Modelo 99,Deportes,Running,PremiumCorp,245.0,224,4.4
PROD-00409,Bloques Essentials Modelo 74,Juguetes,Bloques,Essentials,689.86,254,4.0
PROD-00410,Limpieza BrandD Modelo 56,Automotriz,Limpieza,BrandD,1369.66,152,4.6
PROD-00411,Radiocontrol BrandE Modelo 97,Juguetes,Radiocontrol,BrandE,1032.66,295,3.0
PROD-00412,Juegos de Mesa EcoLine Modelo 78,Juguetes,Juegos de Mesa,EcoLine,640.65,43,4.7
PROD-00413,Bloques BrandD Modelo 56,Juguetes,Bloques,BrandD,116.54,153,4.8
PROD-00414,Ciencia BrandB Modelo 79,Libros,Ciencia,BrandB,1402.12,170,3.4
PROD-00415,Camping EcoLine Modelo 97,Deportes,Camping,EcoLine,649.65,216,4.1
PROD-00416,Skincare BrandF Modelo 75,Belleza y Cuidado Personal,Skincare,BrandF,18.09,227,3.9
PROD-00417,Decoración BrandE Modelo 96,Hogar y Cocina,Decoración,BrandE,190.98,79,4.9
PROD-00418,Ciclismo Essentials Modelo 61,Deportes,Ciclismo,Essentials,1194.17,197,3.8
PROD-00419,Pantalones PremiumCorp Modelo 70,Ropa y Calzado,Pantalones,PremiumCorp,236.97,180,3.9
PROD-00420,Radiocontrol BrandC Modelo 13,Juguetes,Radiocontrol,BrandC,1038.63,141,4.3
PROD-00421,No Ficción EcoLine Modelo 65,Libros,No Ficción,EcoLine,412.82,312,4.0
PROD-00422,Skincare BrandD Modelo 83,Belleza y Cuidado Personal,Skincare,BrandD,325.75,302,3.9
PROD-00423,Accesorios BrandB Modelo 44,Electrónica,Accesorios,BrandB,1472.16,260,4.2
PROD-00424,Radiocontrol BrandB Modelo 96,Juguetes,Radiocontrol,BrandB,394.25,328,3.5
PROD-00425,Accesorios BrandC Modelo 20,Electrónica,Accesorios,BrandC,811.88,177,3.1
PROD-00426,Chaqueta BrandE Modelo 40,Ropa y Calzado,Chaqueta,BrandE,61.36,241,3.4
PROD-00427,Zapatos EcoLine Modelo 12,Ropa y Calzado,Zapatos,EcoLine,1466.52,5,4.8
PROD-00428,Electrodomésticos BrandC Modelo 98,Hogar y Cocina,Electrodomésticos,BrandC,517.87,137,4.8
PROD-00429,Pantalones BrandC Modelo 55,Ropa y Calzado,Pantalones,BrandC,356.71,129,4.5
PROD-00430,Ficción BrandB Modelo 64,Libros,Ficción,BrandB,870.53,329,4.2
PROD-00431,Maquillaje BrandD Modelo 38,Belleza y Cuidado Personal,Maquillaje,BrandD,1299.71,246,4.2
PROD-00432,Radiocontrol Essentials Modelo 60,Juguetes,Radiocontrol,Essentials,368.31,133,4.9
PROD-00433,Teléfonos BrandC Modelo 19,Electrónica,Teléfonos,BrandC,815.66,45,3.5
PROD-00434,Camisas BrandA Modelo 68,Ropa y Calzado,Camisas,BrandA,208.06,66,4.9
PROD-00435,Muñecas BrandA Modelo 76,Juguetes,Muñecas,BrandA,357.88,292,4.8
PROD-00436,Accesorios PremiumCorp Modelo 84,Electrónica,Accesorios,PremiumCorp,43.7,88,4.1
PROD-00437,Perfumes BrandC Modelo 70,Belleza y Cuidado Personal,Perfumes,BrandC,1453.1,187,3.0
PROD-00438,Camisas Essentials Modelo 65,Ropa y Calzado,Camisas,Essentials,770.27,280,3.2
PROD-00439,Accesorios BrandE Modelo 61,Electrónica,Accesorios,BrandE,424.95,169,3.0
PROD-00440,Zapatos BrandC Modelo 10,Ropa y Calzado,Zapatos,BrandC,283.11,247,4.1
PROD-00441,Zapatos BrandA Modelo 29,Ropa y Calzado,Zapatos,BrandA,497.94,297,4.3
PROD-00442,Cabello BrandA Modelo 76,Belleza y Cuidado Personal,Cabello,BrandA,853.94,307,3.5
PROD-00443,Electrodomésticos EcoLine Modelo 58,Hogar y Cocina,Electrodomésticos,EcoLine,1484.81,151,4.6
PROD-00444,Accesorios BrandF Modelo 82,Electrónica,Accesorios,BrandF,583.84,300,4.7
PROD-00445,Bloques PremiumCorp Modelo 61,Juguetes,Bloques,PremiumCorp,1153.0,55,4.0
PROD-00446,Zapatos BrandC Modelo 27,Ropa y Calzado,Zapatos,BrandC,636.53,113,3.9
PROD-00447,Biografías PremiumCorp Modelo 14,Libros,Biografías,PremiumCorp,323.56,296,3.8
PROD-00448,Muñecas Essentials Modelo 78,Juguetes,Muñecas,Essentials,219.3,92,3.6
PROD-00449,Juegos de Mesa BrandB Modelo 22,Juguetes,Juegos de Mesa,BrandB,1320.2,27,3.9
PROD-00450,Utensilios Essentials Modelo 29,Hogar y Cocina,Utensilios,Essentials,555.41,58,3.3
PROD-00451,Juegos de Mesa PremiumCorp Modelo 91,Juguetes,Juegos de Mesa,PremiumCorp,987.9,88,3.1
PROD-00452,Juegos de Mesa Essentials Modelo 51,Juguetes,Juegos de Mesa,Essentials,100.06,168,3.6
PROD-00453,Decoración BrandE Modelo 44,Hogar y Cocina,Decoración,BrandE,487.76,216,4.8
PROD-00454,Chaqueta BrandA Modelo 35,Ropa y Calzado,Chaqueta,BrandA,113.8,174,4.4
PROD-00455,Pantalones PremiumCorp Modelo 65,Ropa y Calzado,Pantalones,PremiumCorp,539.03,18,3.4
PROD-00456,Perfumes BrandA Modelo 66,Belleza y Cuidado Personal,Perfumes,BrandA,850.57,135,4.1
PROD-00457,Zapatos BrandF Modelo 93,Ropa y Calzado,Zapatos,BrandF,1213.69,100,3.6
PROD-00458,Teléfonos BrandA Modelo 88,Electrónica,Teléfonos,BrandA,1223.46,187,3.9
PROD-00459,Accesorios BrandA Modelo 76,Electrónica,Accesorios,BrandA,72.36,259,4.1
PROD-00460,Utensilios BrandE Modelo 38,Hogar y Cocina,Utensilios,BrandE,449.08,185,4.7
PROD-00461,Muñecas BrandF Modelo 62,Juguetes,Muñecas,BrandF,963.11,24,4.1
PROD-00462,Camping BrandE Modelo 24,Deportes,Camping,BrandE,1341.41,186,3.6
PROD-00463,Utensilios PremiumCorp Modelo 24,Hogar y Cocina,Utensilios,PremiumCorp,6.5,122,4.8
PROD-00464,Camisas BrandF Modelo 46,Ropa y Calzado,Camisas,BrandF,1121.43,189,3.2
PROD-00465,Gimnasio PremiumCorp Modelo 34,Deportes,Gimnasio,PremiumCorp,1092.34,178,3.3
PROD-00466,Maquillaje BrandC Modelo 30,Belleza y Cuidado Personal,Maquillaje,BrandC,1308.1,204,4.1
PROD-00467,Juegos de Mesa BrandD Modelo 49,Juguetes,Juegos de Mesa,BrandD,196.51,328,3.0
PROD-00468,Maquillaje BrandB Modelo 23,Belleza y Cuidado Personal,Maquillaje,BrandB,927.59,109,3.6
PROD-00469,Radiocontrol Essentials Modelo 82,Juguetes,Radiocontrol,Essentials,687.43,267,4.6
PROD-00470,Pantalones EcoLine Modelo 84,Ropa y Calzado,Pantalones,EcoLine,221.79,256,3.7
PROD-00471,Pantalones BrandD Modelo 92,Ropa y Calzado,Pantalones,BrandD,952.6,222,4.0
PROD-00472,Camping Essentials Modelo 77,Deportes,Camping,Essentials,1297.3,305,3.2
PROD-00473,Laptops Essentials Modelo 38,Electrónica,Laptops,Essentials,171.52,197,3.5
PROD-00474,Biografías BrandE Modelo 87,Libros,Biografías,BrandE,702.85,245,3.1
PROD-00475,Decoración EcoLine Modelo 31,Hogar y Cocina,Decoración,EcoLine,329.56,271,3.9
PROD-00476,Perfumes EcoLine Modelo 80,Belleza y Cuidado Personal,Perfumes,EcoLine,847.37,275,3.9
PROD-00477,Skincare Essentials Modelo 86,Belleza y Cuidado Personal,Skincare,Essentials,1310.2,167,4.2
PROD-00478,Laptops BrandE Modelo 43,Electrónica,Laptops,BrandE,556.82,222,4.2
PROD-00479,Biografías BrandB Modelo 88,Libros,Biografías,BrandB,950.82,43,4.3
PROD-00480,Accesorios Auto BrandF Modelo 13,Automotriz,Accesorios Auto,BrandF,35.44,171,3.2
PROD-00481,Teléfonos BrandB Modelo 49,Electrónica,Teléfonos,BrandB,886.65,271,4.5
PROD-00482,Muñecas BrandF Modelo 96,Juguetes,Muñecas,BrandF,831.79,195,3.7
PROD-00483,Decoración BrandF Modelo 14,Hogar y Cocina,Decoración,BrandF,1218.7,67,4.1
PROD-00484,Pantalones BrandA Modelo 42,Ropa y Calzado,Pantalones,BrandA,448.12,347,3.5
PROD-00485,Utensilios BrandC Modelo 43,Hogar y Cocina,Utensilios,BrandC,174.67,231,4.3
PROD-00486,Chaqueta Essentials Modelo 25,Ropa y Calzado,Chaqueta,Essentials,861.71,197,4.5
PROD-00487,Limpieza BrandB Modelo 10,Automotriz,Limpieza,BrandB,87.41,213,5.0
PROD-00488,Camisas PremiumCorp Modelo 95,Ropa y Calzado,Camisas,PremiumCorp,92.89,228,3.1
PROD-00489,No Ficción BrandC Modelo 63,Libros,No Ficción,BrandC,468.85,142,3.1
PROD-00490,Gimnasio Essentials Modelo 56,Deportes,Gimnasio,Essentials,16.79,191,3.3
PROD-00491,Accesorios BrandD Modelo 98,Electrónica,Accesorios,BrandD,809.88,66,3.6
PROD-00492,Gimnasio Essentials Modelo 95,Deportes,Gimnasio,Essentials,186.79,158,3.9
PROD-00493,Camping BrandC Modelo 16,Deportes,Camping,BrandC,691.69,198,3.1
PROD-00494,Gimnasio PremiumCorp Modelo 31,Deportes,Gimnasio,PremiumCorp,1315.59,93,4.5
PROD-00495,Maquillaje EcoLine Modelo 78,Belleza y Cuidado Personal,Maquillaje,EcoLine,123.61,91,3.7
PROD-00496,Utensilios BrandD Modelo 96,Hogar y Cocina,Utensilios,BrandD,183.76,143,4.6
PROD-00497,Teléfonos PremiumCorp Modelo 60,Electrónica,Teléfonos,PremiumCorp,1123.04,150,4.5
PROD-00498,Pantalones Essentials Modelo 14,Ropa y Calzado,Pantalones,Essentials,760.41,173,4.7
PROD-00499,Decoración PremiumCorp Modelo 91,Hogar y Cocina,Decoración,PremiumCorp,324.98,255,4.6
PROD-00500,Chaqueta EcoLine Modelo 72,Ropa y Calzado,Chaqueta,EcoLine,5.26,38,4.9
PROD-00501,Chaqueta PremiumCorp Modelo 64,Ropa y Calzado,Chaqueta,PremiumCorp,1109.4,172,3.1
PROD-00502,Limpieza Essentials Modelo 68,Automotriz,Limpieza,Essentials,1255.53,35,4.6
PROD-00503,Running BrandA Modelo 13,Deportes,Running,BrandA,758.67,91,4.9
PROD-00504,Radiocontrol BrandC Modelo 63,Juguetes,Radiocontrol,BrandC,797.64,332,4.6
PROD-00505,Limpieza BrandD Modelo 56,Automotriz,Limpieza,BrandD,427.14,36,3.7
PROD-00506,Herramientas PremiumCorp Modelo 44,Automotriz,Herramientas,PremiumCorp,807.14,136,5.0
PROD-00507,Chaqueta BrandC Modelo 21,Ropa y Calzado,Chaqueta,BrandC,1247.67,350,4.6
PROD-00508,Muñecas PremiumCorp Modelo 53,Juguetes,Muñecas,PremiumCorp,181.28,322,3.9
PROD-00509,Accesorios Auto Essentials Modelo 22,Automotriz,Accesorios Auto,Essentials,400.84,180,3.2
PROD-00510,Biografías Essentials Modelo 97,Libros,Biografías,Essentials,504.18,223,4.6
PROD-00511,Utensilios EcoLine Modelo 40,Hogar y Cocina,Utensilios,EcoLine,761.17,142,3.5
PROD-00512,Ciencia BrandC Modelo 67,Libros,Ciencia,BrandC,1143.22,64,4.4
PROD-00513,Chaqueta BrandF Modelo 25,Ropa y Calzado,Chaqueta,BrandF,151.27,165,4.7
PROD-00514,Teléfonos BrandC Modelo 39,Electrónica,Teléfonos,BrandC,190.73,203,4.3
PROD-00515,Ciencia BrandB Modelo 66,Libros,Ciencia,BrandB,686.11,79,4.7
PROD-00516,Ciclismo Essentials Modelo 83,Deportes,Ciclismo,Essentials,988.18,86,3.8
PROD-00517,Chaqueta BrandC Modelo 72,Ropa y Calzado,Chaqueta,BrandC,630.87,156,4.8
PROD-00518,Herramientas BrandA Modelo 62,Automotriz,Herramientas,BrandA,1177.73,261,3.7
PROD-00519,Accesorios BrandA Modelo 11,Electrónica,Accesorios,BrandA,1018.25,63,4.7
PROD-00520,Muebles BrandD Modelo 26,Hogar y Cocina,Muebles,BrandD,385.99,296,4.8
PROD-00521,Camisas BrandF Modelo 37,Ropa y Calzado,Camisas,BrandF,164.67,260,3.8
PROD-00522,Decoración BrandE Modelo 15,Hogar y Cocina,Decoración,BrandE,514.29,119,4.9
PROD-00523,No Ficción BrandE Modelo 17,Libros,No Ficción,BrandE,351.27,349,3.9
PROD-00524,Biografías BrandD Modelo 76,Libros,Biografías,BrandD,1248.17,311,3.6
PROD-00525,Accesorios Auto BrandA Modelo 61,Automotriz,Accesorios Auto,BrandA,815.63,189,5.0
PROD-00526,Accesorios Auto BrandA Modelo 18,Automotriz,Accesorios Auto,BrandA,1477.28,306,4.1
PROD-00527,Pantalones BrandB Modelo 84,Ropa y Calzado,Pantalones,BrandB,1226.01,149,5.0
PROD-00528,Bloques Essentials Modelo 14,Juguetes,Bloques,Essentials,658.07,273,3.3
PROD-00529,Biografías BrandA Modelo 48,Libros,Biografías,BrandA,15.67,145,3.9
PROD-00530,Audio BrandB Modelo 96,Electrónica,Audio,BrandB,540.41,342,3.7
PROD-00531,Ficción PremiumCorp Modelo 62,Libros,Ficción,PremiumCorp,76.77,45,4.9
PROD-00532,Decoración BrandD Modelo 80,Hogar y Cocina,Decoración,BrandD,518.14,88,3.8
PROD-00533,Perfumes PremiumCorp Modelo 32,Belleza y Cuidado Personal,Perfumes,PremiumCorp,845.68,196,3.3
PROD-00534,Zapatos Essentials Modelo 28,Ropa y Calzado,Zapatos,Essentials,1298.41,210,3.4
PROD-00535,Audio BrandF Modelo 38,Electrónica,Audio,BrandF,1100.97,334,4.9
PROD-00536,Laptops BrandE Modelo 55,Electrónica,Laptops,BrandE,316.63,250,4.7
PROD-00537,Muebles BrandD Modelo 24,Hogar y Cocina,Muebles,BrandD,1113.58,317,3.0
PROD-00538,Herramientas BrandC Modelo 65,Automotriz,Herramientas,BrandC,1415.58,71,3.1
PROD-00539,Limpieza PremiumCorp Modelo 78,Automotriz,Limpieza,PremiumCorp,566.56,239,4.2
PROD-00540,Muebles BrandA Modelo 35,Hogar y Cocina,Muebles,BrandA,1117.66,230,4.8
PROD-00541,Camping BrandF Modelo 38,Deportes,Camping,BrandF,911.72,40,3.9
PROD-00542,Limpieza Essentials Modelo 32,Automotriz,Limpieza,Essentials,1305.88,62,4.6
PROD-00543,No Ficción BrandC Modelo 88,Libros,No Ficción,BrandC,569.01,223,3.9
PROD-00544,Muebles BrandB Modelo 78,Hogar y Cocina,Muebles,BrandB,1292.41,234,4.1
PROD-00545,Zapatos BrandB Modelo 47,Ropa y Calzado,Zapatos,BrandB,370.57,255,3.7
PROD-00546,Laptops BrandB Modelo 11,Electrónica,Laptops,BrandB,344.84,160,5.0
PROD-00547,Limpieza PremiumCorp Modelo 91,Automotriz,Limpieza,PremiumCorp,814.33,216,4.2
PROD-00548,Camisas EcoLine Modelo 89,Ropa y Calzado,Camisas,EcoLine,1195.91,53,3.9
PROD-00549,Zapatos BrandC Modelo 71,Ropa y Calzado,Zapatos,BrandC,1193.62,335,4.6
PROD-00550,Biografías BrandD Modelo 35,Libros,Biografías,BrandD,1354.03,211,3.1
PROD-00551,Ciencia BrandF Modelo 87,Libros,Ciencia,BrandF,1111.06,52,4.7
PROD-00552,Perfumes BrandA Modelo 14,Belleza y Cuidado Personal,Perfumes,BrandA,99.66,115,3.8
PROD-00553,No Ficción BrandF Modelo 36,Libros,No Ficción,BrandF,656.42,10,4.5
PROD-00554,Zapatos BrandC Modelo 38,Ropa y Calzado,Zapatos,BrandC,820.22,6,4.2
PROD-00555,Biografías Essentials Modelo 81,Libros,Biografías,Essentials,271.56,228,4.5
PROD-00556,Maquillaje EcoLine Modelo 98,Belleza y Cuidado Personal,Maquillaje,EcoLine,153.44,253,4.4
PROD-00557,Maquillaje BrandE Modelo 95,Belleza y Cuidado Personal,Maquillaje,BrandE,299.79,19,3.9
PROD-00558,Herramientas BrandC Modelo 68,Automotriz,Herramientas,BrandC,460.58,147,3.2
PROD-00559,Maquillaje PremiumCorp Modelo 83,Belleza y Cuidado Personal,Maquillaje,PremiumCorp,884.2,304,4.7
PROD-00560,Skincare BrandC Modelo 75,Belleza y Cuidado Personal,Skincare,BrandC,188.45,164,3.7
PROD-00561,Gimnasio PremiumCorp Modelo 14,Deportes,Gimnasio,PremiumCorp,1283.76,20,3.5
PROD-00562,Chaqueta EcoLine Modelo 88,Ropa y Calzado,Chaqueta,EcoLine,1022.06,21,4.8
PROD-00563,Herramientas BrandB Modelo 46,Automotriz,Herramientas,BrandB,119.08,229,4.1
PROD-00564,Accesorios Auto BrandF Modelo 10,Automotriz,Accesorios Auto,BrandF,613.18,120,3.6
PROD-00565,Audio BrandA Modelo 86,Electrónica,Audio,BrandA,1243.66,208,4.6
PROD-00566,Accesorios Auto PremiumCorp Modelo 76,Automotriz,Accesorios Auto,PremiumCorp,843.39,110,3.9
PROD-00567,Chaqueta BrandA Modelo 97,Ropa y Calzado,Chaqueta,BrandA,372.17,129,3.8
PROD-00568,Radiocontrol BrandA Modelo 56,Juguetes,Radiocontrol,BrandA,1346.77,221,3.9
PROD-00569,Cabello BrandC Modelo 70,Belleza y Cuidado Personal,Cabello,BrandC,703.68,281,4.6
PROD-00570,Herramientas PremiumCorp Modelo 31,Automotriz,Herramientas,PremiumCorp,1113.45,298,3.5
PROD-00571,Limpieza BrandB Modelo 66,Automotriz,Limpieza,BrandB,1265.12,223,4.0
PROD-00572,Pantalones BrandF Modelo 48,Ropa y Calzado,Pantalones,BrandF,639.13,185,3.0
PROD-00573,Utensilios BrandE Modelo 59,Hogar y Cocina,Utensilios,BrandE,189.18,319,3.4
PROD-00574,Biografías BrandC Modelo 77,Libros,Biografías,BrandC,1253.87,143,4.8
PROD-00575,Cabello BrandA Modelo 14,Belleza y Cuidado Personal,Cabello,BrandA,704.59,113,4.5
PROD-00576,Accesorios BrandC Modelo 63,Electrónica,Accesorios,BrandC,965.58,321,3.5
PROD-00577,Cabello PremiumCorp Modelo 97,Belleza y Cuidado Personal,Cabello,PremiumCorp,612.62,192,4.5
PROD-00578,Ciclismo BrandC Modelo 14,Deportes,Ciclismo,BrandC,602.07,214,3.8
PROD-00579,Chaqueta BrandB Modelo 41,Ropa y Calzado,Chaqueta,BrandB,1495.02,128,4.0
PROD-00580,Chaqueta BrandB Modelo 17,Ropa y Calzado,Chaqueta,BrandB,616.92,57,3.2
PROD-00581,Bloques EcoLine Modelo 16,Juguetes,Bloques,EcoLine,625.22,251,4.1
PROD-00582,Camisas BrandF Modelo 28,Ropa y Calzado,Camisas,BrandF,264.03,311,4.3
PROD-00583,Zapatos Essentials Modelo 38,Ropa y Calzado,Zapatos,Essentials,148.92,246,3.8
PROD-00584,Chaqueta BrandC Modelo 40,Ropa y Calzado,Chaqueta,BrandC,171.0,101,4.0
PROD-00585,Muñecas BrandE Modelo 96,Juguetes,Muñecas,BrandE,29.27,19,4.7
PROD-00586,Accesorios BrandF Modelo 76,Electrónica,Accesorios,BrandF,1358.91,228,3.6
PROD-00587,Ficción EcoLine Modelo 85,Libros,Ficción,EcoLine,226.16,136,3.1
PROD-00588,Zapatos PremiumCorp Modelo 18,Ropa y Calzado,Zapatos,PremiumCorp,1275.38,333,3.4
PROD-00589,Camisas BrandA Modelo 26,Ropa y Calzado,Camisas,BrandA,727.9,137,4.8
PROD-00590,Cabello BrandC Modelo 32,Belleza y Cuidado Personal,Cabello,BrandC,699.75,32,3.3
PROD-00591,Audio PremiumCorp Modelo 18,Electrónica,Audio,PremiumCorp,1073.98,30,4.5
PROD-00592,Ficción BrandF Modelo 51,Libros,Ficción,BrandF,883.17,250,4.6
PROD-00593,Camping BrandC Modelo 32,Deportes,Camping,BrandC,1312.89,32,3.4
PROD-00594,Gimnasio BrandC Modelo 40,Deportes,Gimnasio,BrandC,790.31,173,4.4
PROD-00595,Muñecas Essentials Modelo 62,Juguetes,Muñecas,Essentials,1267.63,240,4.0
PROD-00596,Radiocontrol BrandC Modelo 72,Juguetes,Radiocontrol,BrandC,353.29,203,4.5
PROD-00597,Juegos de Mesa BrandD Modelo 39,Juguetes,Juegos de Mesa,BrandD,709.28,272,4.4
PROD-00598,Juegos de Mesa BrandC Modelo 14,Juguetes,Juegos de Mesa,BrandC,442.3,148,4.9
PROD-00599,Ciencia Essentials Modelo 25,Libros,Ciencia,Essentials,595.65,285,4.8
PROD-00600,Zapatos BrandD Modelo 20,Ropa y Calzado,Zapatos,BrandD,660.66,21,4.4
PROD-00601,Maquillaje BrandF Modelo 27,Belleza y Cuidado Personal,Maquillaje,BrandF,1261.96,266,3.5
PROD-00602,Limpieza Essentials Modelo 97,Automotriz,Limpieza,Essentials,458.24,293,4.1
PROD-00603,Running EcoLine Modelo 89,Deportes,Running,EcoLine,630.65,284,4.3
PROD-00604,Accesorios Auto BrandB Modelo 58,Automotriz,Accesorios Auto,BrandB,253.1,21,4.3
PROD-00605,Juegos de Mesa BrandE Modelo 44,Juguetes,Juegos de Mesa,BrandE,861.76,328,4.2
PROD-00606,Teléfonos BrandB Modelo 23,Electrónica,Teléfonos,BrandB,93.49,282,4.5
PROD-00607,Accesorios Auto EcoLine Modelo 45,Automotriz,Accesorios Auto,EcoLine,553.37,27,4.7
PROD-00608,Utensilios BrandB Modelo 43,Hogar y Cocina,Utensilios,BrandB,717.39,129,4.9
PROD-00609,Ciencia BrandF Modelo 78,Libros,Ciencia,BrandF,1042.0,24,3.5
PROD-00610,Accesorios Auto BrandE Modelo 22,Automotriz,Accesorios Auto,BrandE,860.46,118,3.7
PROD-00611,Biografías BrandB Modelo 70,Libros,Biografías,BrandB,1263.6,23,3.1
PROD-00612,Bloques PremiumCorp Modelo 24,Juguetes,Bloques,PremiumCorp,717.75,212,4.3
PROD-00613,Accesorios Auto Essentials Modelo 45,Automotriz,Accesorios Auto,Essentials,1465.65,325,4.9
PROD-00614,Chaqueta EcoLine Modelo 29,Ropa y Calzado,Chaqueta,EcoLine,1491.35,138,4.6
PROD-00615,Utensilios BrandD Modelo 87,Hogar y Cocina,Utensilios,BrandD,485.99,53,4.1
PROD-00616,Herramientas BrandF Modelo 78,Automotriz,Herramientas,BrandF,521.83,127,4.1
PROD-00617,Muebles BrandE Modelo 70,Hogar y Cocina,Muebles,BrandE,1115.26,218,4.4
PROD-00618,Herramientas BrandC Modelo 12,Automotriz,Herramientas,BrandC,1391.74,55,3.8
PROD-00619,Maquillaje Essentials Modelo 39,Belleza y Cuidado Personal,Maquillaje,Essentials,1006.14,75,3.6
PROD-00620,Utensilios PremiumCorp Modelo 75,Hogar y Cocina,Utensilios,PremiumCorp,616.25,61,3.3
PROD-00621,Ficción BrandE Modelo 87,Libros,Ficción,BrandE,991.88,340,3.8
PROD-00622,Chaqueta BrandC Modelo 32,Ropa y Calzado,Chaqueta,BrandC,1017.09,232,3.7
PROD-00623,Juegos de Mesa BrandE Modelo 90,Juguetes,Juegos de Mesa,BrandE,81.26,192,4.4
PROD-00624,Chaqueta BrandF Modelo 19,Ropa y Calzado,Chaqueta,BrandF,989.85,295,3.0
PROD-00625,Camisas Essentials Modelo 93,Ropa y Calzado,Camisas,Essentials,338.09,140,4.2
PROD-00626,Decoración BrandC Modelo 17,Hogar y Cocina,Decoración,BrandC,833.41,325,3.7
PROD-00627,Chaqueta Essentials Modelo 42,Ropa y Calzado,Chaqueta,Essentials,874.44,246,4.7
PROD-00628,Muñecas BrandD Modelo 22,Juguetes,Muñecas,BrandD,1391.38,287,3.6
PROD-00629,Teléfonos BrandD Modelo 19,Electrónica,Teléfonos,BrandD,299.67,13,3.7
PROD-00630,Audio BrandA Modelo 91,Electrónica,Audio,BrandA,428.03,7,4.5
PROD-00631,Running BrandC Modelo 11,Deportes,Running,BrandC,475.69,66,3.3
PROD-00632,Muñecas PremiumCorp Modelo 58,Juguetes,Muñecas,PremiumCorp,952.98,282,4.4
PROD-00633,Cabello BrandF Modelo 89,Belleza y Cuidado Personal,Cabello,BrandF,294.69,101,3.1
PROD-00634,Running EcoLine Modelo 87,Deportes,Running,EcoLine,364.08,343,4.0
PROD-00635,Running BrandA Modelo 14,Deportes,Running,BrandA,1244.13,109,3.1
PROD-00636,Ciclismo Essentials Modelo 62,Deportes,Ciclismo,Essentials,389.47,125,3.6
PROD-00637,Biografías EcoLine Modelo 61,Libros,Biografías,EcoLine,1320.53,315,3.4
PROD-00638,Camping EcoLine Modelo 31,Deportes,Camping,EcoLine,1377.39,285,4.3
PROD-00639,No Ficción EcoLine Modelo 26,Libros,No Ficción,EcoLine,1354.74,45,3.0
PROD-00640,Decoración BrandC Modelo 25,Hogar y Cocina,Decoración,BrandC,147.96,261,5.0
PROD-00641,Cabello BrandF Modelo 58,Belleza y Cuidado Personal,Cabello,BrandF,642.2,89,3.7
PROD-00642,Laptops BrandE Modelo 70,Electrónica,Laptops,BrandE,451.96,92,3.6
PROD-00643,Ciclismo Essentials Modelo 12,Deportes,Ciclismo,Essentials,629.91,267,3.7
PROD-00644,Limpieza BrandA Modelo 81,Automotriz,Limpieza,BrandA,1187.29,58,4.6
PROD-00645,Ciclismo BrandC Modelo 16,Deportes,Ciclismo,BrandC,580.7,103,4.1
PROD-00646,Ciclismo BrandC Modelo 29,Deportes,Ciclismo,BrandC,1279.72,274,4.2
PROD-00647,Laptops BrandD Modelo 73,Electrónica,Laptops,BrandD,1000.87,273,3.3
PROD-00648,Radiocontrol BrandD Modelo 55,Juguetes,Radiocontrol,BrandD,696.17,168,3.4
PROD-00649,Chaqueta BrandF Modelo 79,Ropa y Calzado,Chaqueta,BrandF,394.89,207,3.7
PROD-00650,Radiocontrol BrandC Modelo 26,Juguetes,Radiocontrol,BrandC,1172.21,29,4.3
PROD-00651,Gimnasio BrandD Modelo 69,Deportes,Gimnasio,BrandD,947.52,346,3.4
PROD-00652,Herramientas BrandC Modelo 28,Automotriz,Herramientas,BrandC,588.13,32,3.5
PROD-00653,Ficción BrandD Modelo 31,Libros,Ficción,BrandD,640.64,347,3.7
PROD-00654,Gimnasio BrandC Modelo 20,Deportes,Gimnasio,BrandC,966.47,189,5.0
PROD-00655,Electrodomésticos BrandA Modelo 65,Hogar y Cocina,Electrodomésticos,BrandA,1069.16,275,4.8
PROD-00656,Audio BrandB Modelo 33,Electrónica,Audio,BrandB,95.75,237,3.7
PROD-00657,No Ficción BrandD Modelo 36,Libros,No Ficción,BrandD,597.81,17,3.2
PROD-00658,Teléfonos PremiumCorp Modelo 66,Electrónica,Teléfonos,PremiumCorp,1032.99,231,4.9
PROD-00659,Utensilios BrandB Modelo 84,Hogar y Cocina,Utensilios,BrandB,1210.87,234,3.1
PROD-00660,Bloques BrandA Modelo 26,Juguetes,Bloques,BrandA,1035.58,226,3.3
PROD-00661,Accesorios BrandA Modelo 41,Electrónica,Accesorios,BrandA,1296.69,19,3.1
PROD-00662,Maquillaje BrandB Modelo 91,Belleza y Cuidado Personal,Maquillaje,BrandB,901.67,170,3.4
PROD-00663,Utensilios BrandC Modelo 57,Hogar y Cocina,Utensilios,BrandC,142.63,255,3.8
PROD-00664,Limpieza BrandB Modelo 85,Automotriz,Limpieza,BrandB,529.47,288,3.2
PROD-00665,Muñecas BrandC Modelo 57,Juguetes,Muñecas,BrandC,102.01,68,4.8
PROD-00666,Ciclismo BrandF Modelo 54,Deportes,Ciclismo,BrandF,948.71,6,4.6
PROD-00667,Muñecas BrandD Modelo 56,Juguetes,Muñecas,BrandD,23.83,92,4.9
PROD-00668,Chaqueta PremiumCorp Modelo 62,Ropa y Calzado,Chaqueta,PremiumCorp,36.19,66,4.6
PROD-00669,Accesorios BrandA Modelo 39,Electrónica,Accesorios,BrandA,23.82,159,3.3
PROD-00670,Ciencia BrandA Modelo 41,Libros,Ciencia,BrandA,871.17,34,3.2
PROD-00671,Biografías BrandE Modelo 77,Libros,Biografías,BrandE,1100.74,82,4.8
PROD-00672,Teléfonos BrandD Modelo 62,Electrónica,Teléfonos,BrandD,133.37,172,4.7
PROD-00673,Decoración BrandD Modelo 20,Hogar y Cocina,Decoración,BrandD,342.61,153,3.0
PROD-00674,Limpieza BrandA Modelo 51,Automotriz,Limpieza,BrandA,885.58,127,3.5
PROD-00675,Decoración BrandA Modelo 56,Hogar y Cocina,Decoración,BrandA,645.41,15,3.1
PROD-00676,Ficción BrandC Modelo 53,Libros,Ficción,BrandC,1004.47,100,3.5
PROD-00677,Ficción BrandE Modelo 62,Libros,Ficción,BrandE,1280.94,211,3.0
PROD-00678,Maquillaje Essentials Modelo 45,Belleza y Cuidado Personal,Maquillaje,Essentials,300.57,7,4.9
PROD-00679,Radiocontrol BrandB Modelo 75,Juguetes,Radiocontrol,BrandB,28.19,111,3.9
PROD-00680,Zapatos Essentials Modelo 83,Ropa y Calzado,Zapatos,Essentials,632.79,191,3.7
PROD-00681,Decoración BrandD Modelo 55,Hogar y Cocina,Decoración,BrandD,1148.28,139,4.6
PROD-00682,Teléfonos BrandF Modelo 36,Electrónica,Teléfonos,BrandF,1282.35,113,4.8
PROD-00683,Laptops BrandF Modelo 19,Electrónica,Laptops,BrandF,561.1,228,3.5
PROD-00684,Accesorios Essentials Modelo 38,Electrónica,Accesorios,Essentials,559.11,173,4.0
PROD-00685,Electrodomésticos Essentials Modelo 35,Hogar y Cocina,Electrodomésticos,Essentials,353.25,221,4.8
PROD-00686,Pantalones BrandD Modelo 80,Ropa y Calzado,Pantalones,BrandD,545.04,95,3.4
PROD-00687,Bloques BrandB Modelo 22,Juguetes,Bloques,BrandB,1455.88,65,3.7
PROD-00688,Limpieza BrandE Modelo 14,Automotriz,Limpieza,BrandE,594.24,33,4.9
PROD-00689,Zapatos BrandD Modelo 17,Ropa y Calzado,Zapatos,BrandD,327.04,126,3.1
PROD-00690,Pantalones BrandC Modelo 74,Ropa y Calzado,Pantalones,BrandC,1302.8,292,3.4
PROD-00691,Biografías Essentials Modelo 55,Libros,Biografías,Essentials,228.23,265,4.5
PROD-00692,Perfumes BrandD Modelo 26,Belleza y Cuidado Personal,Perfumes,BrandD,1432.36,282,3.4
PROD-00693,Biografías BrandB Modelo 77,Libros,Biografías,BrandB,128.59,275,3.2
PROD-00694,Bloques BrandA Modelo 57,Juguetes,Bloques,BrandA,768.75,158,3.9
PROD-00695,Biografías PremiumCorp Modelo 73,Libros,Biografías,PremiumCorp,192.39,17,3.4
PROD-00696,Electrodomésticos Essentials Modelo 31,Hogar y Cocina,Electrodomésticos,Essentials,730.61,22,4.8
PROD-00697,Camping EcoLine Modelo 17,Deportes,Camping,EcoLine,679.48,110,3.9
PROD-00698,Bloques BrandD Modelo 57,Juguetes,Bloques,BrandD,365.6,104,3.3
PROD-00699,Perfumes BrandB Modelo 19,Belleza y Cuidado Personal,Perfumes,BrandB,1307.44,153,3.3
PROD-00700,No Ficción BrandA Modelo 32,Libros,No Ficción,BrandA,984.16,159,4.7
PROD-00701,Radiocontrol BrandC Modelo 71,Juguetes,Radiocontrol,BrandC,985.83,223,3.4
PROD-00702,Muebles PremiumCorp Modelo 16,Hogar y Cocina,Muebles,PremiumCorp,558.66,0,4.9
PROD-00703,Perfumes Essentials Modelo 11,Belleza y Cuidado Personal,Perfumes,Essentials,345.28,277,4.4
PROD-00704,Decoración BrandF Modelo 66,Hogar y Cocina,Decoración,BrandF,1375.95,218,4.8
PROD-00705,Biografías BrandE Modelo 23,Libros,Biografías,BrandE,1148.13,173,3.3
PROD-00706,Ciclismo EcoLine Modelo 35,Deportes,Ciclismo,EcoLine,1342.06,46,4.9
PROD-00707,Audio Essentials Modelo 92,Electrónica,Audio,Essentials,1470.06,321,4.0
PROD-00708,Electrodomésticos BrandA Modelo 91,Hogar y Cocina,Electrodomésticos,BrandA,324.24,87,3.5
PROD-00709,Bloques BrandE Modelo 91,Juguetes,Bloques,BrandE,204.08,263,4.2
PROD-00710,Maquillaje BrandD Modelo 94,Belleza y Cuidado Personal,Maquillaje,BrandD,693.16,139,3.6
PROD-00711,Skincare BrandE Modelo 43,Belleza y Cuidado Personal,Skincare,BrandE,1178.8,89,3.6
PROD-00712,Limpieza PremiumCorp Modelo 42,Automotriz,Limpieza,PremiumCorp,1488.05,336,4.6
PROD-00713,Camisas BrandD Modelo 13,Ropa y Calzado,Camisas,BrandD,1434.98,293,4.2
PROD-00714,Skincare EcoLine Modelo 19,Belleza y Cuidado Personal,Skincare,EcoLine,1168.19,335,3.8
PROD-00715,Perfumes PremiumCorp Modelo 81,Belleza y Cuidado Personal,Perfumes,PremiumCorp,313.48,21,3.2
PROD-00716,Perfumes Essentials Modelo 25,Belleza y Cuidado Personal,Perfumes,Essentials,1453.17,113,4.1
PROD-00717,Herramientas BrandD Modelo 11,Automotriz,Herramientas,BrandD,931.09,282,3.2
PROD-00718,Ciclismo BrandE Modelo 27,Deportes,Ciclismo,BrandE,959.23,350,4.0
PROD-00719,Zapatos EcoLine Modelo 60,Ropa y Calzado,Zapatos,EcoLine,1437.3,58,4.7
PROD-00720,Radiocontrol PremiumCorp Modelo 27,Juguetes,Radiocontrol,PremiumCorp,1108.86,85,4.5
PROD-00721,Accesorios Auto BrandD Modelo 72,Automotriz,Accesorios Auto,BrandD,476.49,41,3.9
PROD-00722,Biografías BrandC Modelo 62,Libros,Biografías,BrandC,540.34,60,4.5
PROD-00723,Gimnasio BrandA Modelo 80,Deportes,Gimnasio,BrandA,456.72,322,4.7
PROD-00724,Decoración BrandA Modelo 32,Hogar y Cocina,Decoración,BrandA,520.17,154,3.4
PROD-00725,Decoración EcoLine Modelo 26,Hogar y Cocina,Decoración,EcoLine,90.32,253,4.7
PROD-00726,Juegos de Mesa BrandA Modelo 89,Juguetes,Juegos de Mesa,BrandA,1166.7,117,4.2
PROD-00727,Teléfonos EcoLine Modelo 58,Electrónica,Teléfonos,EcoLine,222.44,276,3.1
PROD-00728,Electrodomésticos Essentials Modelo 59,Hogar y Cocina,Electrodomésticos,Essentials,21.23,28,3.4
PROD-00729,Accesorios Auto PremiumCorp Modelo 51,Automotriz,Accesorios Auto,PremiumCorp,194.98,343,3.6
PROD-00730,Laptops PremiumCorp Modelo 73,Electrónica,Laptops,PremiumCorp,387.25,62,3.6
PROD-00731,Camping BrandF Modelo 79,Deportes,Camping,BrandF,1294.9,331,4.1
PROD-00732,Radiocontrol BrandC Modelo 68,Juguetes,Radiocontrol,BrandC,1346.96,331,4.6
PROD-00733,Teléfonos BrandA Modelo 91,Electrónica,Teléfonos,BrandA,59.06,112,4.5
PROD-00734,Running BrandB Modelo 96,Deportes,Running,BrandB,1270.77,100,4.3
PROD-00735,Ficción BrandA Modelo 83,Libros,Ficción,BrandA,389.8,112,4.2
PROD-00736,Electrodomésticos BrandB Modelo 21,Hogar y Cocina,Electrodomésticos,BrandB,817.45,116,4.2
PROD-00737,Limpieza BrandB Modelo 99,Automotriz,Limpieza,BrandB,284.65,35,3.0
PROD-00738,Herramientas BrandC Modelo 12,Automotriz,Herramientas,BrandC,147.04,263,4.9
PROD-00739,Accesorios Essentials Modelo 75,Electrónica,Accesorios,Essentials,1374.91,183,4.0
PROD-00740,Radiocontrol BrandE Modelo 62,Juguetes,Radiocontrol,BrandE,333.61,154,3.4
PROD-00741,Biografías BrandF Modelo 20,Libros,Biografías,BrandF,1000.77,200,3.6
PROD-00742,Camisas BrandB Modelo 26,Ropa y Calzado,Camisas,BrandB,911.91,133,3.1
PROD-00743,Camping BrandD Modelo 25,Deportes,Camping,BrandD,567.84,17,4.7
PROD-00744,Herramientas BrandC Modelo 16,Automotriz,Herramientas,BrandC,468.56,92,3.1
PROD-00745,Utensilios BrandF Modelo 36,Hogar y Cocina,Utensilios,BrandF,539.96,224,4.5
PROD-00746,Bloques BrandA Modelo 96,Juguetes,Bloques,BrandA,1489.15,254,3.9
PROD-00747,Gimnasio Essentials Modelo 75,Deportes,Gimnasio,Essentials,728.29,2,4.9
PROD-00748,Muebles EcoLine Modelo 63,Hogar y Cocina,Muebles,EcoLine,1097.87,99,4.9
PROD-00749,Muebles Essentials Modelo 27,Hogar y Cocina,Muebles,Essentials,1244.38,53,3.7
PROD-00750,Running EcoLine Modelo 90,Deportes,Running,EcoLine,363.51,173,3.4
PROD-00751,Pantalones EcoLine Modelo 58,Ropa y Calzado,Pantalones,EcoLine,972.15,272,4.4
PROD-00752,Cabello BrandC Modelo 80,Belleza y Cuidado Personal,Cabello,BrandC,954.98,217,4.2
PROD-00753,Herramientas BrandC Modelo 22,Automotriz,Herramientas,BrandC,959.0,227,5.0
PROD-00754,Herramientas BrandB Modelo 72,Automotriz,Herramientas,BrandB,442.77,16,3.6
PROD-00755,Pantalones BrandE Modelo 61,Ropa y Calzado,Pantalones,BrandE,174.2,321,3.5
PROD-00756,Gimnasio PremiumCorp Modelo 42,Deportes,Gimnasio,PremiumCorp,1186.66,77,3.8
PROD-00757,Bloques PremiumCorp Modelo 11,Juguetes,Bloques,PremiumCorp,1472.96,166,3.5
PROD-00758,Decoración BrandC Modelo 82,Hogar y Cocina,Decoración,BrandC,1164.58,21,3.9
PROD-00759,Cabello Essentials Modelo 13,Belleza y Cuidado Personal,Cabello,Essentials,276.11,320,4.6
PROD-00760,Bloques BrandB Modelo 89,Juguetes,Bloques,BrandB,1073.95,44,4.5
PROD-00761,Decoración BrandC Modelo 58,Hogar y Cocina,Decoración,BrandC,894.95,307,4.7
PROD-00762,Cabello BrandC Modelo 64,Belleza y Cuidado Personal,Cabello,BrandC,506.48,76,3.2
PROD-00763,Ficción BrandD Modelo 66,Libros,Ficción,BrandD,1433.67,259,3.1
PROD-00764,Laptops EcoLine Modelo 46,Electrónica,Laptops,EcoLine,545.85,332,4.9
PROD-00765,Skincare BrandC Modelo 29,Belleza y Cuidado Personal,Skincare,BrandC,1053.55,207,3.3
PROD-00766,Maquillaje Essentials Modelo 65,Belleza y Cuidado Personal,Maquillaje,Essentials,1048.47,170,3.7
PROD-00767,Utensilios EcoLine Modelo 92,Hogar y Cocina,Utensilios,EcoLine,1414.04,228,4.8
PROD-00768,Audio EcoLine Modelo 61,Electrónica,Audio,EcoLine,302.22,30,3.3
PROD-00769,Skincare BrandF Modelo 56,Belleza y Cuidado Personal,Skincare,BrandF,278.21,83,3.4
PROD-00770,Chaqueta BrandE Modelo 83,Ropa y Calzado,Chaqueta,BrandE,1380.44,174,4.1
PROD-00771,Decoración Essentials Modelo 90,Hogar y Cocina,Decoración,Essentials,1069.23,287,3.2
PROD-00772,Perfumes BrandA Modelo 13,Belleza y Cuidado Personal,Perfumes,BrandA,288.23,23,4.4
PROD-00773,Electrodomésticos BrandB Modelo 36,Hogar y Cocina,Electrodomésticos,BrandB,552.22,346,3.3
PROD-00774,Teléfonos BrandF Modelo 66,Electrónica,Teléfonos,BrandF,297.62,331,5.0
PROD-00775,Accesorios Auto EcoLine Modelo 92,Automotriz,Accesorios Auto,EcoLine,1002.81,110,4.0
PROD-00776,Accesorios Auto PremiumCorp Modelo 47,Automotriz,Accesorios Auto,PremiumCorp,767.63,20,3.4
PROD-00777,Juegos de Mesa BrandE Modelo 89,Juguetes,Juegos de Mesa,BrandE,1198.38,340,3.1
PROD-00778,Accesorios BrandA Modelo 81,Electrónica,Accesorios,BrandA,1343.52,257,4.6
PROD-00779,Limpieza BrandC Modelo 85,Automotriz,Limpieza,BrandC,424.72,57,4.1
PROD-00780,Ciencia BrandC Modelo 19,Libros,Ciencia,BrandC,317.38,238,3.3
PROD-00781,Utensilios EcoLine Modelo 61,Hogar y Cocina,Utensilios,EcoLine,463.39,250,3.4
PROD-00782,Pantalones Essentials Modelo 38,Ropa y Calzado,Pantalones,Essentials,150.74,240,3.1
PROD-00783,Muebles Essentials Modelo 35,Hogar y Cocina,Muebles,Essentials,98.57,163,4.3
PROD-00784,Audio BrandA Modelo 93,Electrónica,Audio,BrandA,78.88,68,3.1
PROD-00785,Muñecas BrandA Modelo 86,Juguetes,Muñecas,BrandA,300.23,90,4.7
PROD-00786,Herramientas BrandE Modelo 11,Automotriz,Herramientas,BrandE,797.07,304,3.9
PROD-00787,Pantalones BrandB Modelo 38,Ropa y Calzado,Pantalones,BrandB,245.07,234,4.9
PROD-00788,Accesorios BrandD Modelo 80,Electrónica,Accesorios,BrandD,131.87,200,4.0
PROD-00789,Chaqueta PremiumCorp Modelo 11,Ropa y Calzado,Chaqueta,PremiumCorp,384.04,207,4.7
PROD-00790,Maquillaje EcoLine Modelo 95,Belleza y Cuidado Personal,Maquillaje,EcoLine,1335.05,286,3.0
PROD-00791,Running BrandD Modelo 64,Deportes,Running,BrandD,1227.99,122,4.2
PROD-00792,Accesorios Auto Essentials Modelo 86,Automotriz,Accesorios Auto,Essentials,276.18,271,3.7
PROD-00793,Accesorios Auto BrandC Modelo 64,Automotriz,Accesorios Auto,BrandC,1301.07,68,4.3
PROD-00794,Gimnasio BrandC Modelo 80,Deportes,Gimnasio,BrandC,521.09,238,3.7
PROD-00795,Electrodomésticos BrandF Modelo 42,Hogar y Cocina,Electrodomésticos,BrandF,1385.23,10,4.9
PROD-00796,Limpieza PremiumCorp Modelo 95,Automotriz,Limpieza,PremiumCorp,99.57,221,3.8
PROD-00797,Audio BrandB Modelo 48,Electrónica,Audio,BrandB,953.28,45,4.2
PROD-00798,Chaqueta PremiumCorp Modelo 63,Ropa y Calzado,Chaqueta,PremiumCorp,737.33,152,3.9
PROD-00799,Maquillaje PremiumCorp Modelo 39,Belleza y Cuidado Personal,Maquillaje,PremiumCorp,35.66,154,4.7
PROD-00800,Perfumes EcoLine Modelo 12,Belleza y Cuidado Personal,Perfumes,EcoLine,992.95,78,3.6
PROD-00801,Chaqueta BrandF Modelo 52,Ropa y Calzado,Chaqueta,BrandF,219.85,123,4.1
PROD-00802,Audio BrandB Modelo 30,Electrónica,Audio,BrandB,53.3,285,5.0
PROD-00803,Biografías BrandF Modelo 96,Libros,Biografías,BrandF,1227.89,79,4.9
PROD-00804,Audio BrandD Modelo 44,Electrónica,Audio,BrandD,292.26,154,4.5
PROD-00805,Pantalones BrandE Modelo 49,Ropa y Calzado,Pantalones,BrandE,361.08,189,3.3
PROD-00806,Bloques BrandA Modelo 89,Juguetes,Bloques,BrandA,312.01,171,4.2
PROD-00807,Teléfonos BrandA Modelo 35,Electrónica,Teléfonos,BrandA,1208.97,283,3.5
PROD-00808,Decoración BrandB Modelo 78,Hogar y Cocina,Decoración,BrandB,426.63,177,3.9
PROD-00809,Ciencia EcoLine Modelo 85,Libros,Ciencia,EcoLine,76.74,141,3.8
PROD-00810,Zapatos BrandE Modelo 19,Ropa y Calzado,Zapatos,BrandE,1078.28,3,4.6
PROD-00811,Running BrandD Modelo 52,Deportes,Running,BrandD,1150.06,88,3.2
PROD-00812,Herramientas BrandD Modelo 27,Automotriz,Herramientas,BrandD,113.74,247,4.7
PROD-00813,Pantalones BrandC Modelo 55,Ropa y Calzado,Pantalones,BrandC,300.31,338,4.0
PROD-00814,Perfumes EcoLine Modelo 97,Belleza y Cuidado Personal,Perfumes,EcoLine,1344.02,3,3.6
PROD-00815,Ficción BrandB Modelo 25,Libros,Ficción,BrandB,871.21,76,4.7
PROD-00816,Herramientas BrandE Modelo 51,Automotriz,Herramientas,BrandE,881.74,199,4.5
PROD-00817,Ciclismo BrandA Modelo 76,Deportes,Ciclismo,BrandA,980.01,232,4.0
PROD-00818,Chaqueta BrandC Modelo 39,Ropa y Calzado,Chaqueta,BrandC,655.64,9,5.0
PROD-00819,Muebles PremiumCorp Modelo 54,Hogar y Cocina,Muebles,PremiumCorp,955.66,258,3.4
PROD-00820,Radiocontrol BrandE Modelo 72,Juguetes,Radiocontrol,BrandE,1464.54,232,3.9
PROD-00821,Maquillaje BrandA Modelo 78,Belleza y Cuidado Personal,Maquillaje,BrandA,319.86,89,3.3
PROD-00822,Camping BrandD Modelo 97,Deportes,Camping,BrandD,236.72,43,3.2
PROD-00823,Muñecas BrandD Modelo 31,Juguetes,Muñecas,BrandD,1242.33,106,4.5
PROD-00824,Chaqueta PremiumCorp Modelo 25,Ropa y Calzado,Chaqueta,PremiumCorp,381.35,283,3.7
PROD-00825,Chaqueta PremiumCorp Modelo 17,Ropa y Calzado,Chaqueta,PremiumCorp,475.14,262,3.3
PROD-00826,Teléfonos BrandC Modelo 62,Electrónica,Teléfonos,BrandC,373.69,285,4.3
PROD-00827,Herramientas BrandE Modelo 13,Automotriz,Herramientas,BrandE,402.2,8,4.4
PROD-00828,Bloques BrandC Modelo 28,Juguetes,Bloques,BrandC,1333.93,155,4.4
PROD-00829,Ciencia BrandE Modelo 12,Libros,Ciencia,BrandE,1440.22,84,3.3
PROD-00830,Limpieza EcoLine Modelo 99,Automotriz,Limpieza,EcoLine,811.59,65,4.4
PROD-00831,Biografías Essentials Modelo 14,Libros,Biografías,Essentials,1365.14,42,4.1
PROD-00832,Gimnasio BrandF Modelo 59,Deportes,Gimnasio,BrandF,829.81,51,4.8
PROD-00833,Ciclismo BrandD Modelo 18,Deportes,Ciclismo,BrandD,788.09,148,3.8
PROD-00834,Bloques EcoLine Modelo 16,Juguetes,Bloques,EcoLine,435.72,346,4.5
PROD-00835,Cabello BrandD Modelo 28,Belleza y Cuidado Personal,Cabello,BrandD,142.65,350,4.2
PROD-00836,Zapatos Essentials Modelo 66,Ropa y Calzado,Zapatos,Essentials,994.34,314,3.9
PROD-00837,Electrodomésticos PremiumCorp Modelo 81,Hogar y Cocina,Electrodomésticos,PremiumCorp,89.29,9,3.9
PROD-00838,Limpieza BrandC Modelo 36,Automotriz,Limpieza,BrandC,1001.96,69,4.5
PROD-00839,Maquillaje EcoLine Modelo 40,Belleza y Cuidado Personal,Maquillaje,EcoLine,1194.03,201,4.8
PROD-00840,Bloques BrandE Modelo 93,Juguetes,Bloques,BrandE,369.5,135,3.1
PROD-00841,Laptops PremiumCorp Modelo 60,Electrónica,Laptops,PremiumCorp,1403.91,246,5.0
PROD-00842,Ciclismo BrandD Modelo 40,Deportes,Ciclismo,BrandD,1474.1,150,4.3
PROD-00843,Muebles Essentials Modelo 99,Hogar y Cocina,Muebles,Essentials,579.86,279,3.4
PROD-00844,Maquillaje BrandE Modelo 70,Belleza y Cuidado Personal,Maquillaje,BrandE,223.26,25,4.5
PROD-00845,Limpieza Essentials Modelo 55,Automotriz,Limpieza,Essentials,28.2,343,4.6
PROD-00846,Camisas BrandE Modelo 51,Ropa y Calzado,Camisas,BrandE,160.8,51,4.0
PROD-00847,Maquillaje BrandC Modelo 65,Belleza y Cuidado Personal,Maquillaje,BrandC,396.66,342,4.1
PROD-00848,Ciencia BrandC Modelo 84,Libros,Ciencia,BrandC,956.58,242,3.5
PROD-00849,Herramientas BrandA Modelo 22,Automotriz,Herramientas,BrandA,1060.79,148,3.2
PROD-00850,Radiocontrol Essentials Modelo 73,Juguetes,Radiocontrol,Essentials,657.45,212,5.0
PROD-00851,Audio BrandB Modelo 36,Electrónica,Audio,BrandB,802.98,231,4.7
PROD-00852,Maquillaje Essentials Modelo 61,Belleza y Cuidado Personal,Maquillaje,Essentials,1175.62,56,4.3
PROD-00853,Audio BrandB Modelo 96,Electrónica,Audio,BrandB,1336.33,186,4.9
PROD-00854,Utensilios PremiumCorp Modelo 68,Hogar y Cocina,Utensilios,PremiumCorp,945.19,69,4.7
PROD-00855,Accesorios BrandA Modelo 17,Electrónica,Accesorios,BrandA,625.66,196,4.8
PROD-00856,Muebles EcoLine Modelo 47,Hogar y Cocina,Muebles,EcoLine,325.6,243,3.4
PROD-00857,Bloques PremiumCorp Modelo 20,Juguetes,Bloques,PremiumCorp,106.02,202,4.5
PROD-00858,Camping BrandC Modelo 30,Deportes,Camping,BrandC,1478.78,217,3.0
PROD-00859,Accesorios BrandE Modelo 66,Electrónica,Accesorios,BrandE,156.84,241,3.9
PROD-00860,Utensilios EcoLine Modelo 97,Hogar y Cocina,Utensilios,EcoLine,1204.94,55,3.5
PROD-00861,Utensilios BrandB Modelo 80,Hogar y Cocina,Utensilios,BrandB,993.54,4,4.1
PROD-00862,Herramientas BrandB Modelo 70,Automotriz,Herramientas,BrandB,24.22,53,4.1
PROD-00863,Limpieza BrandA Modelo 14,Automotriz,Limpieza,BrandA,970.29,5,4.8
PROD-00864,Limpieza EcoLine Modelo 33,Automotriz,Limpieza,EcoLine,1248.67,196,4.1
PROD-00865,Camisas Essentials Modelo 23,Ropa y Calzado,Camisas,Essentials,178.6,332,3.3
PROD-00866,Juegos de Mesa BrandE Modelo 49,Juguetes,Juegos de Mesa,BrandE,82.62,6,4.5
PROD-00867,Teléfonos BrandF Modelo 13,Electrónica,Teléfonos,BrandF,642.08,30,4.1
PROD-00868,Muebles BrandC Modelo 16,Hogar y Cocina,Muebles,BrandC,624.64,177,4.1
PROD-00869,Camisas PremiumCorp Modelo 10,Ropa y Calzado,Camisas,PremiumCorp,1068.46,243,3.4
PROD-00870,Ficción Essentials Modelo 87,Libros,Ficción,Essentials,93.12,186,3.8
PROD-00871,Utensilios EcoLine Modelo 22,Hogar y Cocina,Utensilios,EcoLine,127.77,145,3.9
PROD-00872,Herramientas BrandD Modelo 59,Automotriz,Herramientas,BrandD,1261.39,317,5.0
PROD-00873,Radiocontrol Essentials Modelo 40,Juguetes,Radiocontrol,Essentials,88.33,54,4.8
PROD-00874,Utensilios PremiumCorp Modelo 37,Hogar y Cocina,Utensilios,PremiumCorp,179.71,328,4.1
PROD-00875,Gimnasio BrandE Modelo 30,Deportes,Gimnasio,BrandE,548.44,210,3.3
PROD-00876,Camisas BrandE Modelo 51,Ropa y Calzado,Camisas,BrandE,1189.54,237,4.2
PROD-00877,Camping BrandA Modelo 83,Deportes,Camping,BrandA,21.45,195,4.5
PROD-00878,Running BrandF Modelo 40,Deportes,Running,BrandF,282.11,147,4.2
PROD-00879,Gimnasio BrandD Modelo 38,Deportes,Gimnasio,BrandD,43.3,229,3.3
PROD-00880,Juegos de Mesa BrandE Modelo 22,Juguetes,Juegos de Mesa,BrandE,1466.6,188,3.8
PROD-00881,Decoración BrandF Modelo 83,Hogar y Cocina,Decoración,BrandF,1398.37,332,3.5
PROD-00882,Radiocontrol BrandE Modelo 10,Juguetes,Radiocontrol,BrandE,214.19,6,4.4
PROD-00883,Skincare BrandF Modelo 29,Belleza y Cuidado Personal,Skincare,BrandF,645.03,35,3.8
PROD-00884,Maquillaje BrandC Modelo 89,Belleza y Cuidado Personal,Maquillaje,BrandC,641.12,141,3.9
PROD-00885,Ciclismo BrandF Modelo 36,Deportes,Ciclismo,BrandF,1244.87,122,3.5
PROD-00886,Ciclismo BrandF Modelo 40,Deportes,Ciclismo,BrandF,68.52,282,4.5
PROD-00887,Accesorios Auto BrandF Modelo 84,Automotriz,Accesorios Auto,BrandF,1476.82,298,3.4
PROD-00888,Chaqueta BrandB Modelo 55,Ropa y Calzado,Chaqueta,BrandB,590.96,128,3.7
PROD-00889,Biografías BrandB Modelo 21,Libros,Biografías,BrandB,1100.37,292,4.9
PROD-00890,Bloques BrandA Modelo 16,Juguetes,Bloques,BrandA,127.94,350,3.1
PROD-00891,Herramientas BrandD Modelo 13,Automotriz,Herramientas,BrandD,317.58,147,3.8
PROD-00892,Herramientas BrandE Modelo 31,Automotriz,Herramientas,BrandE,878.64,135,4.5
PROD-00893,Maquillaje BrandB Modelo 94,Belleza y Cuidado Personal,Maquillaje,BrandB,24.3,306,4.2
PROD-00894,Electrodomésticos BrandF Modelo 43,Hogar y Cocina,Electrodomésticos,BrandF,733.87,40,4.7
PROD-00895,Camping BrandD Modelo 50,Deportes,Camping,BrandD,410.67,222,3.7
PROD-00896,Biografías BrandB Modelo 49,Libros,Biografías,BrandB,871.4,90,4.4
PROD-00897,Pantalones BrandE Modelo 75,Ropa y Calzado,Pantalones,BrandE,606.45,159,4.5
PROD-00898,Utensilios PremiumCorp Modelo 64,Hogar y Cocina,Utensilios,PremiumCorp,27.1,11,3.3
PROD-00899,Accesorios BrandA Modelo 65,Electrónica,Accesorios,BrandA,1043.39,82,4.6
PROD-00900,Running PremiumCorp Modelo 50,Deportes,Running,PremiumCorp,1380.22,220,4.1
PROD-00901,Skincare Essentials Modelo 77,Belleza y Cuidado Personal,Skincare,Essentials,744.21,46,4.9
PROD-00902,Chaqueta BrandE Modelo 46,Ropa y Calzado,Chaqueta,BrandE,167.09,323,4.1
PROD-00903,Cabello BrandB Modelo 92,Belleza y Cuidado Personal,Cabello,BrandB,623.82,308,4.7
PROD-00904,Muñecas EcoLine Modelo 76,Juguetes,Muñecas,EcoLine,1223.33,84,4.2
PROD-00905,Teléfonos BrandB Modelo 64,Electrónica,Teléfonos,BrandB,1167.53,33,3.8
PROD-00906,Utensilios BrandE Modelo 69,Hogar y Cocina,Utensilios,BrandE,1420.77,191,4.0
PROD-00907,Pantalones BrandA Modelo 57,Ropa y Calzado,Pantalones,BrandA,9.97,137,4.7
PROD-00908,Biografías BrandB Modelo 36,Libros,Biografías,BrandB,444.54,260,4.5
PROD-00909,Accesorios Auto BrandE Modelo 37,Automotriz,Accesorios Auto,BrandE,1452.45,96,4.7
PROD-00910,Cabello BrandC Modelo 85,Belleza y Cuidado Personal,Cabello,BrandC,770.15,6,4.3
PROD-00911,Herramientas BrandD Modelo 95,Automotriz,Herramientas,BrandD,1180.75,267,3.3
PROD-00912,Biografías BrandE Modelo 41,Libros,Biografías,BrandE,1220.92,29,4.0
PROD-00913,Skincare BrandB Modelo 58,Belleza y Cuidado Personal,Skincare,BrandB,527.94,35,3.7
PROD-00914,Bloques BrandB Modelo 38,Juguetes,Bloques,BrandB,560.98,219,3.8
PROD-00915,Utensilios BrandC Modelo 77,Hogar y Cocina,Utensilios,BrandC,49.9,51,3.3
PROD-00916,Ciclismo Essentials Modelo 37,Deportes,Ciclismo,Essentials,237.54,167,3.7
PROD-00917,Limpieza PremiumCorp Modelo 77,Automotriz,Limpieza,PremiumCorp,305.47,184,3.7
PROD-00918,Camping BrandA Modelo 86,Deportes,Camping,BrandA,12.66,44,3.9
PROD-00919,Laptops BrandD Modelo 38,Electrónica,Laptops,BrandD,1052.3,248,4.3
PROD-00920,No Ficción PremiumCorp Modelo 31,Libros,No Ficción,PremiumCorp,462.62,90,4.3
PROD-00921,Bloques EcoLine Modelo 68,Juguetes,Bloques,EcoLine,1059.09,134,4.8
PROD-00922,Electrodomésticos BrandD Modelo 64,Hogar y Cocina,Electrodomésticos,BrandD,528.47,188,3.5
PROD-00923,Chaqueta BrandE Modelo 73,Ropa y Calzado,Chaqueta,BrandE,418.75,185,3.7
PROD-00924,Pantalones BrandA Modelo 41,Ropa y Calzado,Pantalones,BrandA,443.12,150,3.6
PROD-00925,Ciencia BrandA Modelo 55,Libros,Ciencia,BrandA,380.42,3,3.4
PROD-00926,Muebles BrandB Modelo 43,Hogar y Cocina,Muebles,BrandB,989.22,233,4.5
PROD-00927,Juegos de Mesa BrandF Modelo 72,Juguetes,Juegos de Mesa,BrandF,483.37,189,4.2
PROD-00928,Gimnasio BrandC Modelo 36,Deportes,Gimnasio,BrandC,1143.97,110,4.0
PROD-00929,Accesorios EcoLine Modelo 47,Electrónica,Accesorios,EcoLine,78.39,160,3.2
PROD-00930,Herramientas PremiumCorp Modelo 50,Automotriz,Herramientas,PremiumCorp,556.0,251,4.3
PROD-00931,Running BrandA Modelo 70,Deportes,Running,BrandA,239.95,80,4.0
PROD-00932,Laptops BrandF Modelo 88,Electrónica,Laptops,BrandF,1071.96,223,3.0
PROD-00933,Camisas BrandB Modelo 58,Ropa y Calzado,Camisas,BrandB,1375.1,183,4.8
PROD-00934,Teléfonos Essentials Modelo 49,Electrónica,Teléfonos,Essentials,1063.62,46,4.5
PROD-00935,Chaqueta BrandE Modelo 51,Ropa y Calzado,Chaqueta,BrandE,822.65,294,3.4
PROD-00936,Bloques PremiumCorp Modelo 79,Juguetes,Bloques,PremiumCorp,357.64,85,3.2
PROD-00937,Biografías BrandC Modelo 65,Libros,Biografías,BrandC,33.55,2,4.8
PROD-00938,Ciclismo BrandF Modelo 82,Deportes,Ciclismo,BrandF,1278.05,257,3.4
PROD-00939,Perfumes BrandE Modelo 22,Belleza y Cuidado Personal,Perfumes,BrandE,476.02,155,4.9
PROD-00940,Electrodomésticos BrandA Modelo 23,Hogar y Cocina,Electrodomésticos,BrandA,313.06,59,3.5
PROD-00941,Ficción BrandC Modelo 59,Libros,Ficción,BrandC,683.75,97,4.5
PROD-00942,Decoración BrandF Modelo 48,Hogar y Cocina,Decoración,BrandF,713.43,171,3.6
PROD-00943,Limpieza BrandF Modelo 82,Automotriz,Limpieza,BrandF,301.84,326,3.7
PROD-00944,Biografías BrandE Modelo 25,Libros,Biografías,BrandE,762.81,206,3.2
PROD-00945,Accesorios Auto BrandE Modelo 97,Automotriz,Accesorios Auto,BrandE,1378.71,54,4.9
PROD-00946,Accesorios Auto BrandF Modelo 37,Automotriz,Accesorios Auto,BrandF,1014.97,185,3.4
PROD-00947,Utensilios BrandD Modelo 95,Hogar y Cocina,Utensilios,BrandD,1348.69,150,3.4
PROD-00948,Perfumes BrandE Modelo 69,Belleza y Cuidado Personal,Perfumes,BrandE,866.91,299,4.8
PROD-00949,Juegos de Mesa Essentials Modelo 14,Juguetes,Juegos de Mesa,Essentials,1157.28,219,4.9
PROD-00950,Radiocontrol BrandE Modelo 99,Juguetes,Radiocontrol,BrandE,777.69,143,3.6
PROD-00951,Muebles BrandF Modelo 91,Hogar y Cocina,Muebles,BrandF,132.02,322,3.9
PROD-00952,Ciencia BrandE Modelo 18,Libros,Ciencia,BrandE,765.82,341,3.7
PROD-00953,No Ficción BrandA Modelo 73,Libros,No Ficción,BrandA,312.39,235,3.9
PROD-00954,Accesorios Auto BrandD Modelo 78,Automotriz,Accesorios Auto,BrandD,1210.31,103,3.1
PROD-00955,Camisas Essentials Modelo 67,Ropa y Calzado,Camisas,Essentials,247.01,256,4.8
PROD-00956,Decoración BrandC Modelo 94,Hogar y Cocina,Decoración,BrandC,1282.77,81,4.4
PROD-00957,Chaqueta BrandB Modelo 58,Ropa y Calzado,Chaqueta,BrandB,1303.86,8,3.4
PROD-00958,Teléfonos EcoLine Modelo 56,Electrónica,Teléfonos,EcoLine,317.03,4,4.4
PROD-00959,No Ficción BrandB Modelo 50,Libros,No Ficción,BrandB,329.05,14,4.8
PROD-00960,Teléfonos BrandF Modelo 95,Electrónica,Teléfonos,BrandF,262.9,94,4.5
PROD-00961,Decoración PremiumCorp Modelo 55,Hogar y Cocina,Decoración,PremiumCorp,1190.29,183,3.1
PROD-00962,Gimnasio PremiumCorp Modelo 78,Deportes,Gimnasio,PremiumCorp,1089.68,42,3.0
PROD-00963,Radiocontrol BrandD Modelo 45,Juguetes,Radiocontrol,BrandD,333.16,251,3.3
PROD-00964,Laptops Essentials Modelo 62,Electrónica,Laptops,Essentials,1382.51,318,3.1
PROD-00965,Ciencia EcoLine Modelo 35,Libros,Ciencia,EcoLine,727.35,59,4.6
PROD-00966,Camping BrandA Modelo 78,Deportes,Camping,BrandA,272.34,94,3.9
PROD-00967,Cabello Essentials Modelo 40,Belleza y Cuidado Personal,Cabello,Essentials,94.12,121,4.3
PROD-00968,Teléfonos BrandE Modelo 72,Electrónica,Teléfonos,BrandE,1452.99,257,3.4
PROD-00969,Teléfonos PremiumCorp Modelo 18,Electrónica,Teléfonos,PremiumCorp,249.28,29,3.6
PROD-00970,Ficción Essentials Modelo 78,Libros,Ficción,Essentials,955.3,264,3.9
PROD-00971,Ciencia BrandC Modelo 84,Libros,Ciencia,BrandC,692.47,74,4.8
PROD-00972,No Ficción BrandD Modelo 99,Libros,No Ficción,BrandD,302.65,34,3.8
PROD-00973,Electrodomésticos BrandD Modelo 67,Hogar y Cocina,Electrodomésticos,BrandD,978.34,231,4.9
PROD-00974,Pantalones BrandC Modelo 41,Ropa y Calzado,Pantalones,BrandC,309.6,112,4.7
PROD-00975,Zapatos PremiumCorp Modelo 31,Ropa y Calzado,Zapatos,PremiumCorp,405.97,185,4.2
PROD-00976,Utensilios BrandF Modelo 77,Hogar y Cocina,Utensilios,BrandF,909.47,227,3.4
PROD-00977,Ciencia EcoLine Modelo 35,Libros,Ciencia,EcoLine,147.97,153,4.3
PROD-00978,Electrodomésticos Essentials Modelo 61,Hogar y Cocina,Electrodomésticos,Essentials,436.09,245,3.6
PROD-00979,Running BrandF Modelo 69,Deportes,Running,BrandF,59.05,231,3.8
PROD-00980,Skincare BrandC Modelo 99,Belleza y Cuidado Personal,Skincare,BrandC,818.18,300,3.8
PROD-00981,Accesorios Auto BrandD Modelo 43,Automotriz,Accesorios Auto,BrandD,328.05,26,5.0
PROD-00982,Biografías BrandF Modelo 32,Libros,Biografías,BrandF,1381.81,50,4.9
PROD-00983,Cabello BrandF Modelo 41,Belleza y Cuidado Personal,Cabello,BrandF,688.72,104,3.7
PROD-00984,Running PremiumCorp Modelo 83,Deportes,Running,PremiumCorp,213.96,182,3.7
PROD-00985,Laptops EcoLine Modelo 83,Electrónica,Laptops,EcoLine,1241.04,29,4.4
PROD-00986,Decoración EcoLine Modelo 40,Hogar y Cocina,Decoración,EcoLine,1182.08,122,3.2
PROD-00987,Running BrandC Modelo 55,Deportes,Running,BrandC,1228.8,314,4.9
PROD-00988,Audio PremiumCorp Modelo 53,Electrónica,Audio,PremiumCorp,693.33,256,4.1
PROD-00989,Herramientas BrandB Modelo 55,Automotriz,Herramientas,BrandB,218.05,152,3.3
PROD-00990,Accesorios Auto BrandF Modelo 32,Automotriz,Accesorios Auto,BrandF,26.54,116,4.2
PROD-00991,Camisas BrandC Modelo 62,Ropa y Calzado,Camisas,BrandC,1080.86,198,3.0
PROD-00992,Audio BrandD Modelo 59,Electrónica,Audio,BrandD,10.9,33,4.5
PROD-00993,Running BrandC Modelo 73,Deportes,Running,BrandC,757.03,174,3.9
PROD-00994,Accesorios BrandE Modelo 87,Electrónica,Accesorios,BrandE,912.29,147,4.1
PROD-00995,Perfumes PremiumCorp Modelo 46,Belleza y Cuidado Personal,Perfumes,PremiumCorp,69.19,58,4.4
PROD-00996,Zapatos BrandA Modelo 48,Ropa y Calzado,Zapatos,BrandA,670.29,254,4.1
PROD-00997,Utensilios BrandA Modelo 96,Hogar y Cocina,Utensilios,BrandA,859.17,111,3.1
PROD-00998,Zapatos Essentials Modelo 84,Ropa y Calzado,Zapatos,Essentials,1308.77,345,3.2
PROD-00999,Camisas BrandA Modelo 47,Ropa y Calzado,Camisas,BrandA,617.49,247,3.6
PROD-01000,Electrodomésticos BrandB Modelo 10,Hogar y Cocina,Electrodomésticos,BrandB,354.17,115,4.6
PROD-01001,Utensilios BrandD Modelo 95,Hogar y Cocina,Utensilios,BrandD,19.14,314,4.8
PROD-01002,Skincare EcoLine Modelo 79,Belleza y Cuidado Personal,Skincare,EcoLine,1232.49,237,4.1
PROD-01003,Zapatos BrandE Modelo 59,Ropa y Calzado,Zapatos,BrandE,480.11,160,3.1
PROD-01004,Herramientas BrandF Modelo 89,Automotriz,Herramientas,BrandF,570.47,243,3.7
PROD-01005,Accesorios EcoLine Modelo 40,Electrónica,Accesorios,EcoLine,1409.41,85,3.7
PROD-01006,Camping Essentials Modelo 64,Deportes,Camping,Essentials,50.44,198,4.1
PROD-01007,Running BrandA Modelo 63,Deportes,Running,BrandA,385.2,247,4.3
PROD-01008,Perfumes BrandA Modelo 61,Belleza y Cuidado Personal,Perfumes,BrandA,136.37,173,3.8
PROD-01009,Accesorios Auto Essentials Modelo 20,Automotriz,Accesorios Auto,Essentials,1291.22,238,3.1
PROD-01010,Running PremiumCorp Modelo 90,Deportes,Running,PremiumCorp,1410.0,112,4.9
PROD-01011,Juegos de Mesa PremiumCorp Modelo 10,Juguetes,Juegos de Mesa,PremiumCorp,1071.47,220,3.0
PROD-01012,Audio BrandD Modelo 43,Electrónica,Audio,BrandD,962.34,27,4.0
PROD-01013,Herramientas BrandB Modelo 99,Automotriz,Herramientas,BrandB,1488.47,228,3.9
PROD-01014,Skincare BrandA Modelo 31,Belleza y Cuidado Personal,Skincare,BrandA,1143.29,298,4.6
PROD-01015,Juegos de Mesa EcoLine Modelo 29,Juguetes,Juegos de Mesa,EcoLine,1139.2,345,3.2
PROD-01016,Decoración BrandC Modelo 61,Hogar y Cocina,Decoración,BrandC,1023.33,67,3.2
PROD-01017,Juegos de Mesa EcoLine Modelo 62,Juguetes,Juegos de Mesa,EcoLine,470.79,239,3.5
PROD-01018,Ciclismo BrandE Modelo 40,Deportes,Ciclismo,BrandE,228.13,144,3.1
PROD-01019,Camisas BrandF Modelo 13,Ropa y Calzado,Camisas,BrandF,1138.9,275,4.0
PROD-01020,Laptops BrandB Modelo 22,Electrónica,Laptops,BrandB,1489.29,74,5.0
PROD-01021,Running BrandC Modelo 27,Deportes,Running,BrandC,713.01,107,3.3
PROD-01022,Maquillaje EcoLine Modelo 86,Belleza y Cuidado Personal,Maquillaje,EcoLine,831.45,328,4.2
PROD-01023,Audio BrandF Modelo 16,Electrónica,Audio,BrandF,126.93,136,3.4
PROD-01024,Decoración BrandA Modelo 93,Hogar y Cocina,Decoración,BrandA,1383.4,77,4.0
PROD-01025,Camisas BrandD Modelo 52,Ropa y Calzado,Camisas,BrandD,926.26,170,3.9
PROD-01026,Running EcoLine Modelo 11,Deportes,Running,EcoLine,294.52,8,4.1
PROD-01027,Perfumes PremiumCorp Modelo 20,Belleza y Cuidado Personal,Perfumes,PremiumCorp,634.1,74,3.0
PROD-01028,Muebles BrandB Modelo 37,Hogar y Cocina,Muebles,BrandB,622.36,157,4.6
PROD-01029,Perfumes BrandB Modelo 82,Belleza y Cuidado Personal,Perfumes,BrandB,666.26,6,3.9
PROD-01030,Chaqueta BrandE Modelo 53,Ropa y Calzado,Chaqueta,BrandE,1051.9,342,4.3
PROD-01031,Radiocontrol BrandF Modelo 96,Juguetes,Radiocontrol,BrandF,1374.81,175,3.6
PROD-01032,Maquillaje BrandB Modelo 62,Belleza y Cuidado Personal,Maquillaje,BrandB,741.09,201,3.3
PROD-01033,Muebles BrandD Modelo 49,Hogar y Cocina,Muebles,BrandD,167.31,224,4.3
PROD-01034,Decoración BrandB Modelo 96,Hogar y Cocina,Decoración,BrandB,197.69,196,3.1
PROD-01035,Electrodomésticos BrandD Modelo 85,Hogar y Cocina,Electrodomésticos,BrandD,317.75,325,3.2
PROD-01036,Running BrandD Modelo 92,Deportes,Running,BrandD,366.99,268,4.2
PROD-01037,Teléfonos BrandD Modelo 93,Electrónica,Teléfonos,BrandD,692.27,100,4.7
PROD-01038,Audio Essentials Modelo 89,Electrónica,Audio,Essentials,541.57,203,3.7
PROD-01039,Skincare BrandC Modelo 69,Belleza y Cuidado Personal,Skincare,BrandC,227.04,199,4.7
PROD-01040,Ficción BrandC Modelo 17,Libros,Ficción,BrandC,1028.51,206,3.2
PROD-01041,Running BrandD Modelo 23,Deportes,Running,BrandD,1390.85,342,3.8
PROD-01042,Muebles BrandF Modelo 86,Hogar y Cocina,Muebles,BrandF,1482.89,31,3.7
PROD-01043,Herramientas BrandF Modelo 69,Automotriz,Herramientas,BrandF,270.39,120,3.4
PROD-01044,Running PremiumCorp Modelo 87,Deportes,Running,PremiumCorp,436.41,315,4.5
PROD-01045,Perfumes BrandA Modelo 60,Belleza y Cuidado Personal,Perfumes,BrandA,1286.22,122,3.3
PROD-01046,Camisas BrandE Modelo 89,Ropa y Calzado,Camisas,BrandE,1258.54,166,4.5
PROD-01047,Camisas BrandE Modelo 16,Ropa y Calzado,Camisas,BrandE,332.91,125,4.9
PROD-01048,Herramientas BrandA Modelo 68,Automotriz,Herramientas,BrandA,462.3,334,4.8
PROD-01049,Biografías BrandF Modelo 14,Libros,Biografías,BrandF,1069.65,161,4.3
PROD-01050,Teléfonos BrandF Modelo 42,Electrónica,Teléfonos,BrandF,613.92,54,3.9
PROD-01051,Electrodomésticos BrandA Modelo 16,Hogar y Cocina,Electrodomésticos,BrandA,1088.36,121,4.0
PROD-01052,Skincare BrandC Modelo 13,Belleza y Cuidado Personal,Skincare,BrandC,793.11,121,4.7
PROD-01053,Biografías BrandA Modelo 11,Libros,Biografías,BrandA,979.24,119,4.2
PROD-01054,Bloques BrandB Modelo 60,Juguetes,Bloques,BrandB,354.28,49,3.8
PROD-01055,Biografías BrandF Modelo 25,Libros,Biografías,BrandF,1086.82,162,3.4
PROD-01056,Herramientas BrandC Modelo 46,Automotriz,Herramientas,BrandC,1264.6,96,4.3
PROD-01057,Utensilios BrandC Modelo 86,Hogar y Cocina,Utensilios,BrandC,9.78,56,3.8
PROD-01058,Maquillaje BrandC Modelo 83,Belleza y Cuidado Personal,Maquillaje,BrandC,692.35,161,3.8
PROD-01059,Zapatos BrandA Modelo 50,Ropa y Calzado,Zapatos,BrandA,865.89,66,3.2
PROD-01060,Electrodomésticos BrandC Modelo 71,Hogar y Cocina,Electrodomésticos,BrandC,685.14,59,4.6
PROD-01061,Bloques BrandA Modelo 65,Juguetes,Bloques,BrandA,1447.85,206,3.2
PROD-01062,Biografías PremiumCorp Modelo 74,Libros,Biografías,PremiumCorp,146.82,222,4.4
PROD-01063,Cabello PremiumCorp Modelo 23,Belleza y Cuidado Personal,Cabello,PremiumCorp,1031.23,250,4.4
PROD-01064,Radiocontrol BrandB Modelo 21,Juguetes,Radiocontrol,BrandB,895.0,108,3.0
PROD-01065,Bloques BrandE Modelo 12,Juguetes,Bloques,BrandE,72.84,108,3.5
PROD-01066,Cabello BrandD Modelo 67,Belleza y Cuidado Personal,Cabello,BrandD,441.9,155,3.0
PROD-01067,No Ficción BrandC Modelo 16,Libros,No Ficción,BrandC,808.11,107,3.7
PROD-01068,Gimnasio BrandB Modelo 28,Deportes,Gimnasio,BrandB,849.26,14,3.3
PROD-01069,Utensilios EcoLine Modelo 35,Hogar y Cocina,Utensilios,EcoLine,120.35,340,3.9
PROD-01070,Herramientas PremiumCorp Modelo 89,Automotriz,Herramientas,PremiumCorp,397.68,3,3.6
PROD-01071,Decoración Essentials Modelo 76,Hogar y Cocina,Decoración,Essentials,1249.67,34,4.4
PROD-01072,Ciclismo EcoLine Modelo 61,Deportes,Ciclismo,EcoLine,662.1,208,3.9
PROD-01073,Decoración EcoLine Modelo 82,Hogar y Cocina,Decoración,EcoLine,1037.06,216,3.9
PROD-01074,Ciclismo BrandA Modelo 79,Deportes,Ciclismo,BrandA,1133.29,221,5.0
PROD-01075,No Ficción BrandA Modelo 10,Libros,No Ficción,BrandA,1371.99,290,3.2
PROD-01076,Camping BrandB Modelo 52,Deportes,Camping,BrandB,900.93,29,4.6
PROD-01077,Camping BrandF Modelo 65,Deportes,Camping,BrandF,224.86,259,3.3
PROD-01078,Maquillaje BrandF Modelo 94,Belleza y Cuidado Personal,Maquillaje,BrandF,871.6,283,4.5
PROD-01079,Accesorios Auto BrandD Modelo 61,Automotriz,Accesorios Auto,BrandD,257.51,295,3.3
PROD-01080,Limpieza BrandC Modelo 84,Automotriz,Limpieza,BrandC,638.14,317,4.3
PROD-01081,Camisas BrandF Modelo 14,Ropa y Calzado,Camisas,BrandF,1341.24,325,3.1
PROD-01082,Running BrandA Modelo 15,Deportes,Running,BrandA,107.28,115,3.1
PROD-01083,Utensilios BrandB Modelo 40,Hogar y Cocina,Utensilios,BrandB,192.67,307,4.9
PROD-01084,Ciclismo BrandC Modelo 61,Deportes,Ciclismo,BrandC,399.29,243,3.4
PROD-01085,Limpieza Essentials Modelo 93,Automotriz,Limpieza,Essentials,412.37,109,4.8
PROD-01086,Camping Essentials Modelo 17,Deportes,Camping,Essentials,1191.04,247,4.2
PROD-01087,Accesorios BrandC Modelo 40,Electrónica,Accesorios,BrandC,551.13,87,4.2
PROD-01088,Gimnasio Essentials Modelo 64,Deportes,Gimnasio,Essentials,210.29,105,3.7
PROD-01089,Cabello Essentials Modelo 31,Belleza y Cuidado Personal,Cabello,Essentials,698.9,304,4.3
PROD-01090,Limpieza BrandA Modelo 51,Automotriz,Limpieza,BrandA,1291.02,304,4.8
PROD-01091,Zapatos BrandA Modelo 48,Ropa y Calzado,Zapatos,BrandA,849.89,7,4.9
PROD-01092,Herramientas BrandB Modelo 19,Automotriz,Herramientas,BrandB,823.35,97,4.9
PROD-01093,Perfumes BrandC Modelo 51,Belleza y Cuidado Personal,Perfumes,BrandC,496.74,113,4.4
PROD-01094,Audio BrandC Modelo 15,Electrónica,Audio,BrandC,1035.09,67,3.3
PROD-01095,Radiocontrol BrandD Modelo 69,Juguetes,Radiocontrol,BrandD,846.32,80,4.1
PROD-01096,Accesorios BrandA Modelo 27,Electrónica,Accesorios,BrandA,123.89,108,4.4
PROD-01097,Limpieza BrandC Modelo 77,Automotriz,Limpieza,BrandC,1228.35,186,3.5
PROD-01098,No Ficción PremiumCorp Modelo 97,Libros,No Ficción,PremiumCorp,1357.72,262,4.0
PROD-01099,Juegos de Mesa BrandA Modelo 12,Juguetes,Juegos de Mesa,BrandA,470.58,132,3.4
PROD-01100,Ciclismo BrandE Modelo 23,Deportes,Ciclismo,BrandE,519.21,260,4.5
PROD-01101,Herramientas BrandF Modelo 85,Automotriz,Herramientas,BrandF,120.51,165,3.2
PROD-01102,Running Essentials Modelo 71,Deportes,Running,Essentials,571.78,68,3.5
PROD-01103,Skincare BrandE Modelo 98,Belleza y Cuidado Personal,Skincare,BrandE,947.73,341,4.5
PROD-01104,Perfumes BrandF Modelo 95,Belleza y Cuidado Personal,Perfumes,BrandF,863.96,182,3.9
PROD-01105,Herramientas BrandC Modelo 87,Automotriz,Herramientas,BrandC,948.47,104,3.2
PROD-01106,Biografías PremiumCorp Modelo 64,Libros,Biografías,PremiumCorp,1226.0,193,4.0
PROD-01107,Gimnasio BrandB Modelo 45,Deportes,Gimnasio,BrandB,381.44,286,4.8
PROD-01108,Teléfonos BrandD Modelo 97,Electrónica,Teléfonos,BrandD,1132.28,163,4.3
PROD-01109,Accesorios Auto BrandC Modelo 53,Automotriz,Accesorios Auto,BrandC,118.87,303,3.7
PROD-01110,Running BrandE Modelo 18,Deportes,Running,BrandE,1417.89,83,3.9
PROD-01111,Bloques Essentials Modelo 27,Juguetes,Bloques,Essentials,1492.07,158,3.5
PROD-01112,Zapatos EcoLine Modelo 63,Ropa y Calzado,Zapatos,EcoLine,866.69,83,4.5
PROD-01113,Perfumes BrandE Modelo 56,Belleza y Cuidado Personal,Perfumes,BrandE,1424.67,336,4.9
PROD-01114,Cabello BrandA Modelo 74,Belleza y Cuidado Personal,Cabello,BrandA,440.28,216,4.5
PROD-01115,Bloques BrandE Modelo 13,Juguetes,Bloques,BrandE,723.92,201,3.3
PROD-01116,Radiocontrol Essentials Modelo 91,Juguetes,Radiocontrol,Essentials,215.78,101,3.2
PROD-01117,Accesorios Auto BrandA Modelo 26,Automotriz,Accesorios Auto,BrandA,390.17,242,3.1
PROD-01118,Juegos de Mesa BrandE Modelo 78,Juguetes,Juegos de Mesa,BrandE,823.68,200,3.7
PROD-01119,Accesorios BrandC Modelo 74,Electrónica,Accesorios,BrandC,1222.2,165,3.9
PROD-01120,Zapatos Essentials Modelo 25,Ropa y Calzado,Zapatos,Essentials,1147.64,290,3.3
PROD-01121,Utensilios BrandF Modelo 68,Hogar y Cocina,Utensilios,BrandF,1390.23,159,3.3
PROD-01122,Zapatos EcoLine Modelo 98,Ropa y Calzado,Zapatos,EcoLine,242.67,350,4.3
PROD-01123,Muñecas BrandE Modelo 20,Juguetes,Muñecas,BrandE,627.78,299,3.0
PROD-01124,Muñecas BrandB Modelo 82,Juguetes,Muñecas,BrandB,1223.83,249,4.1
PROD-01125,Biografías BrandB Modelo 92,Libros,Biografías,BrandB,1251.15,147,4.2
PROD-01126,Juegos de Mesa PremiumCorp Modelo 75,Juguetes,Juegos de Mesa,PremiumCorp,931.56,69,4.4
PROD-01127,Muñecas Essentials Modelo 35,Juguetes,Muñecas,Essentials,1266.24,208,3.9
PROD-01128,Ciclismo PremiumCorp Modelo 24,Deportes,Ciclismo,PremiumCorp,265.97,329,3.5
PROD-01129,Pantalones BrandE Modelo 68,Ropa y Calzado,Pantalones,BrandE,31.53,135,4.6
PROD-01130,Ciclismo BrandF Modelo 97,Deportes,Ciclismo,BrandF,683.25,48,3.5
PROD-01131,Accesorios Auto BrandB Modelo 42,Automotriz,Accesorios Auto,BrandB,1371.27,74,3.2
PROD-01132,Bloques PremiumCorp Modelo 27,Juguetes,Bloques,PremiumCorp,1222.22,275,4.6
PROD-01133,Muebles PremiumCorp Modelo 72,Hogar y Cocina,Muebles,PremiumCorp,531.86,222,3.2
PROD-01134,Ciencia BrandE Modelo 62,Libros,Ciencia,BrandE,776.01,320,3.3
PROD-01135,Chaqueta BrandA Modelo 37,Ropa y Calzado,Chaqueta,BrandA,674.3,330,3.3
PROD-01136,Cabello EcoLine Modelo 66,Belleza y Cuidado Personal,Cabello,EcoLine,1017.63,30,3.2
PROD-01137,Muñecas BrandF Modelo 47,Juguetes,Muñecas,BrandF,758.87,307,4.9
PROD-01138,Utensilios BrandB Modelo 59,Hogar y Cocina,Utensilios,BrandB,997.58,184,4.2
PROD-01139,Perfumes BrandD Modelo 32,Belleza y Cuidado Personal,Perfumes,BrandD,782.5,4,5.0
PROD-01140,Radiocontrol BrandC Modelo 60,Juguetes,Radiocontrol,BrandC,434.83,102,3.9
PROD-01141,Gimnasio Essentials Modelo 54,Deportes,Gimnasio,Essentials,272.49,209,4.4
PROD-01142,Laptops EcoLine Modelo 23,Electrónica,Laptops,EcoLine,980.9,147,4.9
PROD-01143,Perfumes EcoLine Modelo 20,Belleza y Cuidado Personal,Perfumes,EcoLine,154.91,236,3.9
PROD-01144,Teléfonos BrandF Modelo 10,Electrónica,Teléfonos,BrandF,1434.35,224,4.1
PROD-01145,Limpieza PremiumCorp Modelo 90,Automotriz,Limpieza,PremiumCorp,685.33,281,3.5
PROD-01146,Ciencia BrandE Modelo 21,Libros,Ciencia,BrandE,266.04,77,4.9
PROD-01147,Utensilios EcoLine Modelo 45,Hogar y Cocina,Utensilios,EcoLine,1218.32,51,4.6
PROD-01148,Audio BrandB Modelo 77,Electrónica,Audio,BrandB,1053.32,98,4.4
PROD-01149,Ciclismo BrandE Modelo 44,Deportes,Ciclismo,BrandE,335.13,295,4.4
PROD-01150,Biografías EcoLine Modelo 99,Libros,Biografías,EcoLine,1355.66,147,3.9
PROD-01151,Herramientas PremiumCorp Modelo 32,Automotriz,Herramientas,PremiumCorp,185.86,292,3.0
PROD-01152,Biografías Essentials Modelo 54,Libros,Biografías,Essentials,727.92,136,4.6
PROD-01153,Camisas PremiumCorp Modelo 34,Ropa y Calzado,Camisas,PremiumCorp,1058.15,109,3.6
PROD-01154,Muñecas BrandC Modelo 84,Juguetes,Muñecas,BrandC,28.21,349,4.3
PROD-01155,Ciencia BrandE Modelo 88,Libros,Ciencia,BrandE,1468.05,214,3.1
PROD-01156,Running BrandC Modelo 32,Deportes,Running,BrandC,765.57,290,3.8
PROD-01157,Utensilios BrandC Modelo 54,Hogar y Cocina,Utensilios,BrandC,837.73,11,4.5
PROD-01158,Camping EcoLine Modelo 17,Deportes,Camping,EcoLine,887.66,305,4.3
PROD-01159,Running Essentials Modelo 56,Deportes,Running,Essentials,276.97,155,3.7
PROD-01160,Utensilios BrandF Modelo 59,Hogar y Cocina,Utensilios,BrandF,272.69,11,3.4
PROD-01161,Gimnasio BrandD Modelo 20,Deportes,Gimnasio,BrandD,424.02,150,3.0
PROD-01162,Muebles EcoLine Modelo 56,Hogar y Cocina,Muebles,EcoLine,1384.11,249,4.4
PROD-01163,Zapatos BrandC Modelo 96,Ropa y Calzado,Zapatos,BrandC,898.38,199,3.4
PROD-01164,Radiocontrol BrandB Modelo 16,Juguetes,Radiocontrol,BrandB,284.55,65,3.0
PROD-01165,Skincare Essentials Modelo 97,Belleza y Cuidado Personal,Skincare,Essentials,990.28,173,4.1
PROD-01166,Running BrandF Modelo 44,Deportes,Running,BrandF,544.02,96,3.6
PROD-01167,Teléfonos BrandB Modelo 72,Electrónica,Teléfonos,BrandB,151.49,302,4.1
PROD-01168,Herramientas BrandE Modelo 28,Automotriz,Herramientas,BrandE,561.56,276,4.3
PROD-01169,Accesorios Auto BrandC Modelo 36,Automotriz,Accesorios Auto,BrandC,444.49,284,5.0
PROD-01170,Electrodomésticos BrandA Modelo 73,Hogar y Cocina,Electrodomésticos,BrandA,460.09,335,3.4
PROD-01171,Teléfonos Essentials Modelo 69,Electrónica,Teléfonos,Essentials,1412.05,272,4.6
PROD-01172,Ficción BrandB Modelo 99,Libros,Ficción,BrandB,1477.02,209,3.6
PROD-01173,Zapatos BrandF Modelo 34,Ropa y Calzado,Zapatos,BrandF,115.96,1,3.9
PROD-01174,Maquillaje BrandF Modelo 20,Belleza y Cuidado Personal,Maquillaje,BrandF,662.76,300,4.1
PROD-01175,Muñecas PremiumCorp Modelo 40,Juguetes,Muñecas,PremiumCorp,94.55,65,4.0
PROD-01176,Ciclismo BrandF Modelo 79,Deportes,Ciclismo,BrandF,502.38,47,4.6
PROD-01177,Accesorios Auto BrandD Modelo 11,Automotriz,Accesorios Auto,BrandD,1053.03,332,4.8
PROD-01178,Audio BrandF Modelo 31,Electrónica,Audio,BrandF,958.35,17,4.7
PROD-01179,Ciencia PremiumCorp Modelo 82,Libros,Ciencia,PremiumCorp,384.95,322,3.3
PROD-01180,Accesorios EcoLine Modelo 55,Electrónica,Accesorios,EcoLine,559.94,142,4.3
PROD-01181,Ciencia Essentials Modelo 11,Libros,Ciencia,Essentials,20.49,238,4.7
PROD-01182,Electrodomésticos EcoLine Modelo 40,Hogar y Cocina,Electrodomésticos,EcoLine,283.57,30,3.4
PROD-01183,Camisas PremiumCorp Modelo 42,Ropa y Calzado,Camisas,PremiumCorp,720.89,146,4.2
PROD-01184,Teléfonos PremiumCorp Modelo 82,Electrónica,Teléfonos,PremiumCorp,641.71,230,4.5
PROD-01185,Teléfonos BrandE Modelo 53,Electrónica,Teléfonos,BrandE,471.04,28,4.1
PROD-01186,Ciclismo EcoLine Modelo 84,Deportes,Ciclismo,EcoLine,394.57,315,4.4
PROD-01187,Accesorios Auto BrandB Modelo 88,Automotriz,Accesorios Auto,BrandB,58.6,76,3.4
PROD-01188,Cabello BrandA Modelo 10,Belleza y Cuidado Personal,Cabello,BrandA,477.01,16,3.5
PROD-01189,Limpieza BrandA Modelo 43,Automotriz,Limpieza,BrandA,422.21,264,3.1
PROD-01190,Laptops BrandB Modelo 68,Electrónica,Laptops,BrandB,1383.57,254,4.0
PROD-01191,Electrodomésticos BrandE Modelo 71,Hogar y Cocina,Electrodomésticos,BrandE,1499.47,64,4.3
PROD-01192,Pantalones Essentials Modelo 29,Ropa y Calzado,Pantalones,Essentials,1114.62,42,3.1
PROD-01193,Zapatos BrandB Modelo 24,Ropa y Calzado,Zapatos,BrandB,69.46,260,3.0
PROD-01194,Zapatos BrandF Modelo 59,Ropa y Calzado,Zapatos,BrandF,1467.45,209,4.9
PROD-01195,Zapatos BrandC Modelo 99,Ropa y Calzado,Zapatos,BrandC,1028.54,157,3.6
PROD-01196,Gimnasio BrandB Modelo 58,Deportes,Gimnasio,BrandB,150.53,334,4.8
PROD-01197,Maquillaje EcoLine Modelo 29,Belleza y Cuidado Personal,Maquillaje,EcoLine,1453.58,92,4.0
PROD-01198,Bloques BrandC Modelo 61,Juguetes,Bloques,BrandC,1415.08,231,3.4
PROD-01199,Camping BrandA Modelo 60,Deportes,Camping,BrandA,904.04,283,4.1
PROD-01200,Ciencia PremiumCorp Modelo 10,Libros,Ciencia,PremiumCorp,260.81,50,4.9
PROD-01201,Ficción EcoLine Modelo 56,Libros,Ficción,EcoLine,86.61,230,4.8
PROD-01202,Decoración PremiumCorp Modelo 58,Hogar y Cocina,Decoración,PremiumCorp,1357.25,67,3.5
PROD-01203,Biografías BrandD Modelo 76,Libros,Biografías,BrandD,968.96,30,3.5
PROD-01204,Accesorios Auto Essentials Modelo 72,Automotriz,Accesorios Auto,Essentials,710.19,95,5.0
PROD-01205,Laptops BrandA Modelo 29,Electrónica,Laptops,BrandA,408.26,13,4.3
PROD-01206,Herramientas PremiumCorp Modelo 52,Automotriz,Herramientas,PremiumCorp,1427.88,181,4.2
PROD-01207,Herramientas BrandA Modelo 54,Automotriz,Herramientas,BrandA,1471.54,103,4.4
PROD-01208,Teléfonos BrandC Modelo 53,Electrónica,Teléfonos,BrandC,676.97,77,3.4
PROD-01209,Electrodomésticos EcoLine Modelo 27,Hogar y Cocina,Electrodomésticos,EcoLine,1176.13,293,4.8
PROD-01210,Ficción BrandA Modelo 63,Libros,Ficción,BrandA,1025.18,46,3.3
PROD-01211,Utensilios BrandF Modelo 26,Hogar y Cocina,Utensilios,BrandF,1393.56,188,3.1
PROD-01212,Ficción BrandC Modelo 81,Libros,Ficción,BrandC,598.49,275,4.4
PROD-01213,Limpieza BrandE Modelo 41,Automotriz,Limpieza,BrandE,1187.88,263,4.5
PROD-01214,Cabello Essentials Modelo 78,Belleza y Cuidado Personal,Cabello,Essentials,1271.1,340,3.5
PROD-01215,Muebles PremiumCorp Modelo 87,Hogar y Cocina,Muebles,PremiumCorp,882.03,57,3.3
PROD-01216,Laptops BrandA Modelo 37,Electrónica,Laptops,BrandA,1061.9,301,4.0
PROD-01217,No Ficción BrandA Modelo 66,Libros,No Ficción,BrandA,77.08,180,4.2
PROD-01218,Muñecas BrandB Modelo 54,Juguetes,Muñecas,BrandB,1208.01,60,4.7
PROD-01219,Limpieza BrandF Modelo 26,Automotriz,Limpieza,BrandF,662.03,64,3.9
PROD-01220,Bloques BrandB Modelo 17,Juguetes,Bloques,BrandB,1033.06,285,4.7
PROD-01221,Electrodomésticos BrandA Modelo 25,Hogar y Cocina,Electrodomésticos,BrandA,1154.8,1,5.0
PROD-01222,Audio BrandA Modelo 54,Electrónica,Audio,BrandA,271.02,274,4.1
PROD-01223,Maquillaje BrandF Modelo 11,Belleza y Cuidado Personal,Maquillaje,BrandF,1108.61,291,3.1
PROD-01224,Camisas BrandB Modelo 71,Ropa y Calzado,Camisas,BrandB,716.05,327,3.0
PROD-01225,Maquillaje BrandA Modelo 31,Belleza y Cuidado Personal,Maquillaje,BrandA,181.77,122,3.4
PROD-01226,Ficción BrandB Modelo 45,Libros,Ficción,BrandB,1330.31,318,3.3
PROD-01227,Biografías Essentials Modelo 94,Libros,Biografías,Essentials,1289.18,159,4.8
PROD-01228,Limpieza BrandB Modelo 74,Automotriz,Limpieza,BrandB,242.91,271,4.5
PROD-01229,Juegos de Mesa BrandE Modelo 54,Juguetes,Juegos de Mesa,BrandE,1286.39,267,4.1
PROD-01230,Pantalones EcoLine Modelo 75,Ropa y Calzado,Pantalones,EcoLine,458.29,182,3.2
PROD-01231,Muebles BrandB Modelo 68,Hogar y Cocina,Muebles,BrandB,77.23,41,4.6
PROD-01232,Accesorios BrandC Modelo 38,Electrónica,Accesorios,BrandC,507.93,206,4.1
PROD-01233,Pantalones BrandE Modelo 77,Ropa y Calzado,Pantalones,BrandE,914.45,270,3.8
PROD-01234,Perfumes BrandF Modelo 29,Belleza y Cuidado Personal,Perfumes,BrandF,352.95,28,4.5
PROD-01235,Camisas Essentials Modelo 82,Ropa y Calzado,Camisas,Essentials,244.95,252,4.2
PROD-01236,Accesorios Auto BrandD Modelo 60,Automotriz,Accesorios Auto,BrandD,609.1,350,4.8
PROD-01237,Bloques PremiumCorp Modelo 36,Juguetes,Bloques,PremiumCorp,927.02,321,4.1
PROD-01238,Laptops Essentials Modelo 10,Electrónica,Laptops,Essentials,1444.91,76,4.1
PROD-01239,Camping BrandD Modelo 48,Deportes,Camping,BrandD,917.62,156,3.5
PROD-01240,Herramientas Essentials Modelo 41,Automotriz,Herramientas,Essentials,179.94,245,4.9
PROD-01241,Ficción EcoLine Modelo 67,Libros,Ficción,EcoLine,1461.2,57,3.6
PROD-01242,Limpieza BrandC Modelo 27,Automotriz,Limpieza,BrandC,501.6,213,3.2
PROD-01243,Utensilios PremiumCorp Modelo 51,Hogar y Cocina,Utensilios,PremiumCorp,1011.03,347,4.1
PROD-01244,Ciclismo EcoLine Modelo 12,Deportes,Ciclismo,EcoLine,306.85,120,3.8
PROD-01245,Laptops BrandA Modelo 30,Electrónica,Laptops,BrandA,1443.47,135,4.8
PROD-01246,Muebles BrandD Modelo 98,Hogar y Cocina,Muebles,BrandD,97.59,131,3.1
PROD-01247,Bloques BrandC Modelo 28,Juguetes,Bloques,BrandC,1317.32,304,3.6
PROD-01248,Teléfonos PremiumCorp Modelo 53,Electrónica,Teléfonos,PremiumCorp,408.16,52,4.5
PROD-01249,Electrodomésticos BrandE Modelo 87,Hogar y Cocina,Electrodomésticos,BrandE,1166.38,230,3.4
PROD-01250,Audio BrandF Modelo 87,Electrónica,Audio,BrandF,1267.28,261,4.4
PROD-01251,Radiocontrol BrandB Modelo 25,Juguetes,Radiocontrol,BrandB,1088.2,172,4.0
PROD-01252,Accesorios Auto BrandC Modelo 40,Automotriz,Accesorios Auto,BrandC,863.25,228,4.8
PROD-01253,Decoración PremiumCorp Modelo 77,Hogar y Cocina,Decoración,PremiumCorp,552.65,127,4.3
PROD-01254,Accesorios Auto EcoLine Modelo 70,Automotriz,Accesorios Auto,EcoLine,135.55,116,4.7
PROD-01255,Biografías Essentials Modelo 53,Libros,Biografías,Essentials,1273.35,30,4.3
PROD-01256,Running BrandB Modelo 52,Deportes,Running,BrandB,562.87,141,3.2
PROD-01257,Accesorios PremiumCorp Modelo 59,Electrónica,Accesorios,PremiumCorp,922.19,175,3.3
PROD-01258,Radiocontrol EcoLine Modelo 60,Juguetes,Radiocontrol,EcoLine,879.98,121,3.9
PROD-01259,Laptops PremiumCorp Modelo 46,Electrónica,Laptops,PremiumCorp,71.62,160,3.9
PROD-01260,Juegos de Mesa PremiumCorp Modelo 21,Juguetes,Juegos de Mesa,PremiumCorp,1157.36,48,3.8
PROD-01261,Limpieza PremiumCorp Modelo 80,Automotriz,Limpieza,PremiumCorp,649.12,289,3.9
PROD-01262,No Ficción BrandE Modelo 58,Libros,No Ficción,BrandE,301.17,41,4.7
PROD-01263,Ciencia BrandD Modelo 17,Libros,Ciencia,BrandD,913.8,95,3.1
PROD-01264,Gimnasio BrandE Modelo 96,Deportes,Gimnasio,BrandE,377.6,109,4.6
PROD-01265,Ficción BrandF Modelo 28,Libros,Ficción,BrandF,531.34,340,3.8
PROD-01266,Chaqueta EcoLine Modelo 12,Ropa y Calzado,Chaqueta,EcoLine,322.64,326,3.4
PROD-01267,Limpieza EcoLine Modelo 58,Automotriz,Limpieza,EcoLine,913.73,314,4.9
PROD-01268,Accesorios Auto PremiumCorp Modelo 12,Automotriz,Accesorios Auto,PremiumCorp,1040.89,107,4.1
PROD-01269,Utensilios BrandA Modelo 17,Hogar y Cocina,Utensilios,BrandA,194.35,100,3.0
PROD-01270,Camping BrandF Modelo 82,Deportes,Camping,BrandF,947.44,17,3.8
PROD-01271,Laptops BrandE Modelo 43,Electrónica,Laptops,BrandE,682.21,63,3.7
PROD-01272,Chaqueta BrandA Modelo 72,Ropa y Calzado,Chaqueta,BrandA,244.42,59,3.5
PROD-01273,Decoración BrandC Modelo 26,Hogar y Cocina,Decoración,BrandC,480.72,223,4.9
PROD-01274,Accesorios PremiumCorp Modelo 69,Electrónica,Accesorios,PremiumCorp,445.42,243,3.3
PROD-01275,Cabello BrandE Modelo 95,Belleza y Cuidado Personal,Cabello,BrandE,494.86,40,4.6
PROD-01276,Bloques BrandE Modelo 30,Juguetes,Bloques,BrandE,791.92,241,3.9
PROD-01277,Muñecas BrandE Modelo 83,Juguetes,Muñecas,BrandE,1455.73,56,3.1
PROD-01278,Limpieza PremiumCorp Modelo 55,Automotriz,Limpieza,PremiumCorp,1303.76,218,3.6
PROD-01279,Cabello BrandD Modelo 98,Belleza y Cuidado Personal,Cabello,BrandD,353.23,10,3.8
PROD-01280,Gimnasio BrandE Modelo 32,Deportes,Gimnasio,BrandE,758.64,96,5.0
PROD-01281,Decoración BrandD Modelo 94,Hogar y Cocina,Decoración,BrandD,736.49,214,3.9
PROD-01282,Chaqueta Essentials Modelo 47,Ropa y Calzado,Chaqueta,Essentials,405.51,246,4.7
PROD-01283,Muebles BrandF Modelo 92,Hogar y Cocina,Muebles,BrandF,1474.94,298,3.3
PROD-01284,Bloques BrandA Modelo 39,Juguetes,Bloques,BrandA,575.74,258,4.5
PROD-01285,Zapatos BrandE Modelo 31,Ropa y Calzado,Zapatos,BrandE,1015.14,98,3.1
PROD-01286,Utensilios BrandE Modelo 89,Hogar y Cocina,Utensilios,BrandE,930.06,223,3.1
PROD-01287,Muñecas Essentials Modelo 18,Juguetes,Muñecas,Essentials,957.53,281,4.2
PROD-01288,Running BrandE Modelo 63,Deportes,Running,BrandE,141.96,128,4.9
PROD-01289,Skincare BrandD Modelo 67,Belleza y Cuidado Personal,Skincare,BrandD,1096.49,284,4.9
PROD-01290,Zapatos BrandA Modelo 44,Ropa y Calzado,Zapatos,BrandA,188.27,44,3.6
PROD-01291,Skincare BrandB Modelo 27,Belleza y Cuidado Personal,Skincare,BrandB,407.99,16,3.5
PROD-01292,Biografías PremiumCorp Modelo 54,Libros,Biografías,PremiumCorp,351.43,4,3.2
PROD-01293,Camisas BrandF Modelo 44,Ropa y Calzado,Camisas,BrandF,1278.45,211,3.5
PROD-01294,Skincare BrandD Modelo 49,Belleza y Cuidado Personal,Skincare,BrandD,110.08,173,4.9
PROD-01295,Herramientas BrandD Modelo 53,Automotriz,Herramientas,BrandD,549.89,124,4.6
PROD-01296,Accesorios EcoLine Modelo 69,Electrónica,Accesorios,EcoLine,796.68,160,3.4
PROD-01297,Teléfonos BrandE Modelo 40,Electrónica,Teléfonos,BrandE,1135.25,177,3.0
PROD-01298,Ciclismo BrandA Modelo 93,Deportes,Ciclismo,BrandA,41.38,87,3.6
PROD-01299,Camping BrandA Modelo 87,Deportes,Camping,BrandA,255.34,213,4.6
PROD-01300,Zapatos PremiumCorp Modelo 48,Ropa y Calzado,Zapatos,PremiumCorp,1313.76,215,4.4
PROD-01301,Accesorios Auto Essentials Modelo 52,Automotriz,Accesorios Auto,Essentials,1466.47,257,4.7
PROD-01302,Ciencia BrandB Modelo 49,Libros,Ciencia,BrandB,896.95,5,3.3
PROD-01303,Perfumes BrandD Modelo 39,Belleza y Cuidado Personal,Perfumes,BrandD,1146.93,133,3.8
PROD-01304,Laptops BrandE Modelo 89,Electrónica,Laptops,BrandE,568.13,86,4.9
PROD-01305,Juegos de Mesa PremiumCorp Modelo 53,Juguetes,Juegos de Mesa,PremiumCorp,948.9,227,4.0
PROD-01306,Camisas BrandC Modelo 30,Ropa y Calzado,Camisas,BrandC,897.22,77,4.6
PROD-01307,Accesorios Auto PremiumCorp Modelo 37,Automotriz,Accesorios Auto,PremiumCorp,1240.32,247,3.5
PROD-01308,Accesorios Auto BrandB Modelo 57,Automotriz,Accesorios Auto,BrandB,305.55,114,3.1
PROD-01309,Cabello BrandB Modelo 88,Belleza y Cuidado Personal,Cabello,BrandB,1241.69,194,3.1
PROD-01310,Running BrandF Modelo 96,Deportes,Running,BrandF,290.52,126,3.5
PROD-01311,Ficción PremiumCorp Modelo 52,Libros,Ficción,PremiumCorp,130.34,176,3.8
PROD-01312,Biografías BrandD Modelo 17,Libros,Biografías,BrandD,1218.65,121,4.6
PROD-01313,Accesorios EcoLine Modelo 39,Electrónica,Accesorios,EcoLine,1104.28,128,4.6
PROD-01314,Radiocontrol BrandF Modelo 74,Juguetes,Radiocontrol,BrandF,242.14,22,4.5
PROD-01315,Audio BrandD Modelo 82,Electrónica,Audio,BrandD,267.95,213,4.4
PROD-01316,Electrodomésticos BrandD Modelo 69,Hogar y Cocina,Electrodomésticos,BrandD,1083.39,59,3.6
PROD-01317,Ciclismo Essentials Modelo 36,Deportes,Ciclismo,Essentials,1427.24,60,4.8
PROD-01318,Accesorios Auto BrandE Modelo 17,Automotriz,Accesorios Auto,BrandE,513.73,100,4.3
PROD-01319,Muebles BrandE Modelo 44,Hogar y Cocina,Muebles,BrandE,1470.76,316,4.3
PROD-01320,Pantalones Essentials Modelo 41,Ropa y Calzado,Pantalones,Essentials,1486.61,182,3.6
PROD-01321,Muebles BrandD Modelo 81,Hogar y Cocina,Muebles,BrandD,1149.06,278,3.3
PROD-01322,Maquillaje BrandF Modelo 82,Belleza y Cuidado Personal,Maquillaje,BrandF,74.67,304,4.1
PROD-01323,Biografías BrandA Modelo 87,Libros,Biografías,BrandA,184.88,192,4.6
PROD-01324,Biografías BrandF Modelo 24,Libros,Biografías,BrandF,797.17,123,4.2
PROD-01325,Accesorios BrandE Modelo 51,Electrónica,Accesorios,BrandE,1454.6,22,3.6
PROD-01326,Skincare Essentials Modelo 35,Belleza y Cuidado Personal,Skincare,Essentials,396.74,26,3.8
PROD-01327,Chaqueta Essentials Modelo 43,Ropa y Calzado,Chaqueta,Essentials,776.63,272,3.6
PROD-01328,Pantalones EcoLine Modelo 71,Ropa y Calzado,Pantalones,EcoLine,1087.22,175,5.0
PROD-01329,Gimnasio BrandD Modelo 90,Deportes,Gimnasio,BrandD,1440.43,106,3.3
PROD-01330,Perfumes BrandA Modelo 74,Belleza y Cuidado Personal,Perfumes,BrandA,130.32,53,5.0
PROD-01331,Laptops PremiumCorp Modelo 34,Electrónica,Laptops,PremiumCorp,1165.71,219,3.4
PROD-01332,Ciclismo BrandB Modelo 24,Deportes,Ciclismo,BrandB,1241.07,17,3.8
PROD-01333,Accesorios Auto EcoLine Modelo 43,Automotriz,Accesorios Auto,EcoLine,390.73,96,3.8
PROD-01334,Ciclismo PremiumCorp Modelo 19,Deportes,Ciclismo,PremiumCorp,1079.48,57,3.6
PROD-01335,Audio BrandE Modelo 90,Electrónica,Audio,BrandE,1159.01,85,4.1
PROD-01336,Utensilios PremiumCorp Modelo 49,Hogar y Cocina,Utensilios,PremiumCorp,489.55,300,3.3
PROD-01337,Camisas BrandD Modelo 51,Ropa y Calzado,Camisas,BrandD,97.38,180,3.5
PROD-01338,Accesorios BrandB Modelo 42,Electrónica,Accesorios,BrandB,928.86,161,3.8
PROD-01339,Audio PremiumCorp Modelo 45,Electrónica,Audio,PremiumCorp,1086.09,44,4.3
PROD-01340,Camisas BrandC Modelo 12,Ropa y Calzado,Camisas,BrandC,48.31,316,3.5
PROD-01341,Bloques BrandF Modelo 34,Juguetes,Bloques,BrandF,484.35,86,4.4
PROD-01342,Gimnasio BrandB Modelo 73,Deportes,Gimnasio,BrandB,191.08,260,4.4
PROD-01343,Maquillaje PremiumCorp Modelo 92,Belleza y Cuidado Personal,Maquillaje,PremiumCorp,204.09,241,3.6
PROD-01344,Muebles PremiumCorp Modelo 79,Hogar y Cocina,Muebles,PremiumCorp,749.32,124,4.0
PROD-01345,Maquillaje Essentials Modelo 25,Belleza y Cuidado Personal,Maquillaje,Essentials,904.66,13,4.4
PROD-01346,Ciencia BrandA Modelo 87,Libros,Ciencia,BrandA,321.28,31,4.3
PROD-01347,Perfumes BrandA Modelo 82,Belleza y Cuidado Personal,Perfumes,BrandA,702.69,338,4.1
PROD-01348,Skincare Essentials Modelo 67,Belleza y Cuidado Personal,Skincare,Essentials,996.61,126,3.7
PROD-01349,Ciencia BrandF Modelo 54,Libros,Ciencia,BrandF,483.69,124,4.3
PROD-01350,Camisas BrandE Modelo 49,Ropa y Calzado,Camisas,BrandE,473.7,266,3.5
PROD-01351,Ficción EcoLine Modelo 67,Libros,Ficción,EcoLine,796.39,209,4.2
PROD-01352,Radiocontrol BrandA Modelo 74,Juguetes,Radiocontrol,BrandA,531.78,15,5.0
PROD-01353,Camisas PremiumCorp Modelo 60,Ropa y Calzado,Camisas,PremiumCorp,1147.93,93,4.7
PROD-01354,Camping BrandF Modelo 99,Deportes,Camping,BrandF,52.45,179,3.2
PROD-01355,Zapatos PremiumCorp Modelo 71,Ropa y Calzado,Zapatos,PremiumCorp,1367.45,52,4.4
PROD-01356,Perfumes BrandA Modelo 47,Belleza y Cuidado Personal,Perfumes,BrandA,320.91,166,3.7
PROD-01357,Ficción BrandD Modelo 90,Libros,Ficción,BrandD,1054.75,114,4.0
PROD-01358,Muñecas BrandA Modelo 68,Juguetes,Muñecas,BrandA,855.66,217,4.1
PROD-01359,Herramientas EcoLine Modelo 53,Automotriz,Herramientas,EcoLine,979.68,49,4.4
PROD-01360,Pantalones BrandF Modelo 81,Ropa y Calzado,Pantalones,BrandF,467.77,10,3.6
PROD-01361,Skincare BrandB Modelo 63,Belleza y Cuidado Personal,Skincare,BrandB,554.9,270,3.9
PROD-01362,Decoración BrandA Modelo 88,Hogar y Cocina,Decoración,BrandA,1067.99,165,3.6
PROD-01363,Chaqueta BrandE Modelo 77,Ropa y Calzado,Chaqueta,BrandE,232.82,51,3.9
PROD-01364,Electrodomésticos BrandD Modelo 54,Hogar y Cocina,Electrodomésticos,BrandD,359.26,190,3.2
PROD-01365,Ciclismo BrandF Modelo 99,Deportes,Ciclismo,BrandF,19.05,147,4.5
PROD-01366,Decoración EcoLine Modelo 92,Hogar y Cocina,Decoración,EcoLine,836.79,121,3.7
PROD-01367,Limpieza BrandC Modelo 89,Automotriz,Limpieza,BrandC,1052.82,171,3.5
PROD-01368,Limpieza Essentials Modelo 14,Automotriz,Limpieza,Essentials,1220.87,91,3.8
PROD-01369,Perfumes Essentials Modelo 82,Belleza y Cuidado Personal,Perfumes,Essentials,236.35,298,4.9
PROD-01370,Pantalones BrandF Modelo 74,Ropa y Calzado,Pantalones,BrandF,613.76,96,3.6
PROD-01371,Chaqueta BrandB Modelo 55,Ropa y Calzado,Chaqueta,BrandB,199.6,322,3.4
PROD-01372,Chaqueta BrandB Modelo 15,Ropa y Calzado,Chaqueta,BrandB,1487.88,314,3.5
PROD-01373,Bloques BrandC Modelo 62,Juguetes,Bloques,BrandC,208.94,44,3.1
PROD-01374,Bloques PremiumCorp Modelo 32,Juguetes,Bloques,PremiumCorp,237.12,328,3.4
PROD-01375,Electrodomésticos BrandB Modelo 84,Hogar y Cocina,Electrodomésticos,BrandB,277.13,153,3.8
PROD-01376,Pantalones BrandB Modelo 55,Ropa y Calzado,Pantalones,BrandB,476.93,71,4.8
PROD-01377,Muñecas PremiumCorp Modelo 62,Juguetes,Muñecas,PremiumCorp,1031.27,75,4.5
PROD-01378,Camisas BrandE Modelo 74,Ropa y Calzado,Camisas,BrandE,446.5,311,3.3
PROD-01379,Perfumes BrandC Modelo 23,Belleza y Cuidado Personal,Perfumes,BrandC,1481.31,274,4.9
PROD-01380,Ciclismo BrandB Modelo 92,Deportes,Ciclismo,BrandB,1072.63,34,4.9
PROD-01381,Accesorios Auto BrandB Modelo 12,Automotriz,Accesorios Auto,BrandB,1200.49,227,4.8
PROD-01382,No Ficción BrandE Modelo 68,Libros,No Ficción,BrandE,407.77,305,3.3
PROD-01383,Audio EcoLine Modelo 67,Electrónica,Audio,EcoLine,496.47,73,4.1
PROD-01384,Radiocontrol BrandA Modelo 38,Juguetes,Radiocontrol,BrandA,96.2,243,3.7
PROD-01385,Muebles Essentials Modelo 71,Hogar y Cocina,Muebles,Essentials,755.82,216,3.6
PROD-01386,Camping PremiumCorp Modelo 18,Deportes,Camping,PremiumCorp,1072.71,290,4.8
PROD-01387,Teléfonos BrandD Modelo 75,Electrónica,Teléfonos,BrandD,749.87,207,3.2
PROD-01388,Herramientas BrandC Modelo 48,Automotriz,Herramientas,BrandC,504.36,289,4.7
PROD-01389,Ciclismo EcoLine Modelo 58,Deportes,Ciclismo,EcoLine,144.47,210,4.5
PROD-01390,Running BrandB Modelo 41,Deportes,Running,BrandB,1369.36,267,4.2
PROD-01391,Biografías BrandF Modelo 62,Libros,Biografías,BrandF,1447.77,160,3.8
PROD-01392,Limpieza PremiumCorp Modelo 29,Automotriz,Limpieza,PremiumCorp,1062.2,87,5.0
PROD-01393,Biografías BrandA Modelo 65,Libros,Biografías,BrandA,1331.41,62,3.5
PROD-01394,Zapatos BrandA Modelo 28,Ropa y Calzado,Zapatos,BrandA,1136.5,280,4.0
PROD-01395,Limpieza BrandB Modelo 28,Automotriz,Limpieza,BrandB,1422.16,106,3.3
PROD-01396,Running BrandA Modelo 87,Deportes,Running,BrandA,227.16,69,3.4
PROD-01397,Camisas BrandD Modelo 27,Ropa y Calzado,Camisas,BrandD,69.75,132,4.7
PROD-01398,Pantalones BrandE Modelo 15,Ropa y Calzado,Pantalones,BrandE,853.48,11,3.1
PROD-01399,Teléfonos BrandB Modelo 65,Electrónica,Teléfonos,BrandB,1047.58,178,3.4
PROD-01400,Bloques BrandE Modelo 80,Juguetes,Bloques,BrandE,1413.94,340,4.9
PROD-01401,Accesorios BrandC Modelo 58,Electrónica,Accesorios,BrandC,1446.9,161,3.8
PROD-01402,Juegos de Mesa PremiumCorp Modelo 26,Juguetes,Juegos de Mesa,PremiumCorp,368.77,36,4.5
PROD-01403,Pantalones PremiumCorp Modelo 94,Ropa y Calzado,Pantalones,PremiumCorp,292.65,305,3.5
PROD-01404,Ciclismo BrandA Modelo 73,Deportes,Ciclismo,BrandA,178.86,267,4.0
PROD-01405,Camisas BrandA Modelo 49,Ropa y Calzado,Camisas,BrandA,1153.55,307,4.0
PROD-01406,Camping Essentials Modelo 28,Deportes,Camping,Essentials,387.45,273,3.2
PROD-01407,Electrodomésticos BrandE Modelo 82,Hogar y Cocina,Electrodomésticos,BrandE,468.42,200,4.3
PROD-01408,Accesorios Auto BrandB Modelo 67,Automotriz,Accesorios Auto,BrandB,716.59,237,3.3
PROD-01409,Gimnasio BrandB Modelo 16,Deportes,Gimnasio,BrandB,1498.41,162,3.6
PROD-01410,Zapatos Essentials Modelo 28,Ropa y Calzado,Zapatos,Essentials,824.88,146,3.3
PROD-01411,Laptops BrandA Modelo 86,Electrónica,Laptops,BrandA,862.51,218,4.3
PROD-01412,Perfumes BrandF Modelo 85,Belleza y Cuidado Personal,Perfumes,BrandF,318.41,114,3.9
PROD-01413,Audio Essentials Modelo 66,Electrónica,Audio,Essentials,1483.71,290,3.5
PROD-01414,Decoración EcoLine Modelo 16,Hogar y Cocina,Decoración,EcoLine,1184.84,163,5.0
PROD-01415,Limpieza BrandF Modelo 25,Automotriz,Limpieza,BrandF,757.15,28,4.9
PROD-01416,Muebles BrandC Modelo 89,Hogar y Cocina,Muebles,BrandC,903.06,3,3.3
PROD-01417,Utensilios BrandA Modelo 97,Hogar y Cocina,Utensilios,BrandA,697.86,164,3.3
PROD-01418,Radiocontrol BrandE Modelo 97,Juguetes,Radiocontrol,BrandE,328.97,287,3.9
PROD-01419,Running BrandD Modelo 45,Deportes,Running,BrandD,717.22,209,4.0
PROD-01420,Muñecas BrandD Modelo 79,Juguetes,Muñecas,BrandD,198.46,58,4.5
PROD-01421,Laptops BrandF Modelo 37,Electrónica,Laptops,BrandF,127.43,144,4.6
PROD-01422,Audio BrandC Modelo 37,Electrónica,Audio,BrandC,760.16,57,4.1
PROD-01423,Teléfonos BrandC Modelo 90,Electrónica,Teléfonos,BrandC,934.08,280,3.2
PROD-01424,Ciclismo EcoLine Modelo 79,Deportes,Ciclismo,EcoLine,504.38,171,4.3
PROD-01425,Ciencia Essentials Modelo 10,Libros,Ciencia,Essentials,1266.29,252,4.5
PROD-01426,Camping BrandE Modelo 64,Deportes,Camping,BrandE,502.56,289,4.4
PROD-01427,Biografías BrandA Modelo 46,Libros,Biografías,BrandA,883.08,63,4.4
PROD-01428,Muebles Essentials Modelo 10,Hogar y Cocina,Muebles,Essentials,140.23,54,4.2
PROD-01429,Audio BrandA Modelo 11,Electrónica,Audio,BrandA,585.85,349,3.8
PROD-01430,Gimnasio BrandF Modelo 91,Deportes,Gimnasio,BrandF,1178.58,138,4.6
PROD-01431,Running BrandC Modelo 62,Deportes,Running,BrandC,497.53,310,3.8
PROD-01432,Accesorios Auto BrandB Modelo 37,Automotriz,Accesorios Auto,BrandB,45.8,282,4.9
PROD-01433,Running BrandD Modelo 91,Deportes,Running,BrandD,684.91,159,4.8
PROD-01434,Skincare BrandC Modelo 80,Belleza y Cuidado Personal,Skincare,BrandC,244.76,167,4.5
PROD-01435,Muebles BrandA Modelo 47,Hogar y Cocina,Muebles,BrandA,1053.72,273,3.7
PROD-01436,No Ficción BrandD Modelo 70,Libros,No Ficción,BrandD,850.59,303,3.8
PROD-01437,Limpieza PremiumCorp Modelo 16,Automotriz,Limpieza,PremiumCorp,1446.14,178,3.9
PROD-01438,Accesorios PremiumCorp Modelo 77,Electrónica,Accesorios,PremiumCorp,658.83,336,4.0
PROD-01439,Audio BrandC Modelo 64,Electrónica,Audio,BrandC,1194.67,205,3.8
PROD-01440,Herramientas Essentials Modelo 71,Automotriz,Herramientas,Essentials,1126.52,86,4.2
PROD-01441,Maquillaje EcoLine Modelo 54,Belleza y Cuidado Personal,Maquillaje,EcoLine,775.82,263,4.5
PROD-01442,No Ficción Essentials Modelo 45,Libros,No Ficción,Essentials,86.85,249,3.7
PROD-01443,Camping EcoLine Modelo 22,Deportes,Camping,EcoLine,120.5,306,3.5
PROD-01444,Cabello BrandC Modelo 67,Belleza y Cuidado Personal,Cabello,BrandC,57.1,4,4.2
PROD-01445,Utensilios BrandF Modelo 38,Hogar y Cocina,Utensilios,BrandF,1279.71,335,4.4
PROD-01446,Maquillaje BrandD Modelo 29,Belleza y Cuidado Personal,Maquillaje,BrandD,1253.38,304,4.7
PROD-01447,Limpieza BrandF Modelo 92,Automotriz,Limpieza,BrandF,1416.03,278,4.1
PROD-01448,Teléfonos Essentials Modelo 45,Electrónica,Teléfonos,Essentials,666.87,309,3.5
PROD-01449,Cabello BrandB Modelo 75,Belleza y Cuidado Personal,Cabello,BrandB,592.09,73,3.5
PROD-01450,Biografías BrandF Modelo 55,Libros,Biografías,BrandF,193.17,335,3.5
PROD-01451,Maquillaje BrandB Modelo 10,Belleza y Cuidado Personal,Maquillaje,BrandB,655.8,282,5.0
PROD-01452,Ficción PremiumCorp Modelo 50,Libros,Ficción,PremiumCorp,576.41,123,5.0
PROD-01453,Gimnasio Essentials Modelo 55,Deportes,Gimnasio,Essentials,20.96,268,3.2
PROD-01454,Pantalones PremiumCorp Modelo 36,Ropa y Calzado,Pantalones,PremiumCorp,286.54,266,3.4
PROD-01455,Zapatos BrandC Modelo 60,Ropa y Calzado,Zapatos,BrandC,952.95,24,4.0
PROD-01456,Audio BrandB Modelo 77,Electrónica,Audio,BrandB,656.08,307,3.4
PROD-01457,Skincare BrandD Modelo 97,Belleza y Cuidado Personal,Skincare,BrandD,216.21,11,4.4
PROD-01458,Electrodomésticos BrandD Modelo 63,Hogar y Cocina,Electrodomésticos,BrandD,995.46,128,4.1
PROD-01459,No Ficción EcoLine Modelo 37,Libros,No Ficción,EcoLine,1110.3,180,4.0
PROD-01460,Limpieza BrandF Modelo 31,Automotriz,Limpieza,BrandF,408.02,325,4.1
PROD-01461,No Ficción BrandD Modelo 10,Libros,No Ficción,BrandD,371.58,244,4.3
PROD-01462,Gimnasio PremiumCorp Modelo 38,Deportes,Gimnasio,PremiumCorp,291.37,115,4.2
PROD-01463,Camisas BrandF Modelo 84,Ropa y Calzado,Camisas,BrandF,59.3,33,3.5
PROD-01464,Ciencia BrandE Modelo 30,Libros,Ciencia,BrandE,531.79,314,4.7
PROD-01465,Running BrandF Modelo 99,Deportes,Running,BrandF,811.01,294,4.0
PROD-01466,Maquillaje BrandE Modelo 91,Belleza y Cuidado Personal,Maquillaje,BrandE,1087.44,337,4.1
PROD-01467,Laptops Essentials Modelo 30,Electrónica,Laptops,Essentials,1348.83,111,4.3
PROD-01468,Ciencia BrandA Modelo 80,Libros,Ciencia,BrandA,654.73,54,4.7
PROD-01469,Herramientas PremiumCorp Modelo 68,Automotriz,Herramientas,PremiumCorp,770.65,28,4.0
PROD-01470,Maquillaje PremiumCorp Modelo 69,Belleza y Cuidado Personal,Maquillaje,PremiumCorp,898.56,19,4.4
PROD-01471,Ciencia BrandF Modelo 49,Libros,Ciencia,BrandF,1390.8,64,4.3
PROD-01472,Maquillaje BrandB Modelo 22,Belleza y Cuidado Personal,Maquillaje,BrandB,217.52,152,3.1
PROD-01473,Limpieza BrandB Modelo 17,Automotriz,Limpieza,BrandB,926.41,252,4.0
PROD-01474,Chaqueta BrandC Modelo 89,Ropa y Calzado,Chaqueta,BrandC,39.78,220,3.7
PROD-01475,Skincare BrandD Modelo 81,Belleza y Cuidado Personal,Skincare,BrandD,183.87,235,3.1
PROD-01476,Herramientas BrandF Modelo 81,Automotriz,Herramientas,BrandF,951.4,63,3.9
PROD-01477,Limpieza BrandE Modelo 73,Automotriz,Limpieza,BrandE,1381.04,63,4.5
PROD-01478,Limpieza PremiumCorp Modelo 70,Automotriz,Limpieza,PremiumCorp,776.21,4,4.7
PROD-01479,Chaqueta Essentials Modelo 50,Ropa y Calzado,Chaqueta,Essentials,990.12,328,4.2
PROD-01480,Camping PremiumCorp Modelo 95,Deportes,Camping,PremiumCorp,210.81,157,3.3
PROD-01481,Accesorios Auto EcoLine Modelo 67,Automotriz,Accesorios Auto,EcoLine,1185.32,302,4.2
PROD-01482,Running Essentials Modelo 50,Deportes,Running,Essentials,964.85,187,3.5
PROD-01483,Accesorios Auto BrandB Modelo 46,Automotriz,Accesorios Auto,BrandB,856.62,302,3.7
PROD-01484,Muebles PremiumCorp Modelo 54,Hogar y Cocina,Muebles,PremiumCorp,639.95,141,4.1
PROD-01485,Zapatos EcoLine Modelo 39,Ropa y Calzado,Zapatos,EcoLine,293.49,213,4.8
PROD-01486,Herramientas BrandE Modelo 32,Automotriz,Herramientas,BrandE,57.9,264,4.5
PROD-01487,Ciencia BrandF Modelo 35,Libros,Ciencia,BrandF,1234.08,319,4.4
PROD-01488,Ciencia PremiumCorp Modelo 49,Libros,Ciencia,PremiumCorp,1299.93,217,4.6
PROD-01489,Cabello BrandA Modelo 13,Belleza y Cuidado Personal,Cabello,BrandA,1078.98,100,3.0
PROD-01490,Ciclismo BrandA Modelo 19,Deportes,Ciclismo,BrandA,597.23,340,4.1
PROD-01491,Ciencia BrandF Modelo 45,Libros,Ciencia,BrandF,348.44,58,4.0
PROD-01492,Radiocontrol EcoLine Modelo 35,Juguetes,Radiocontrol,EcoLine,833.86,66,4.6
PROD-01493,Audio EcoLine Modelo 20,Electrónica,Audio,EcoLine,1252.17,90,4.4
PROD-01494,Pantalones BrandC Modelo 72,Ropa y Calzado,Pantalones,BrandC,282.81,314,4.1
PROD-01495,Muebles BrandE Modelo 27,Hogar y Cocina,Muebles,BrandE,979.7,304,4.5
PROD-01496,Utensilios BrandC Modelo 85,Hogar y Cocina,Utensilios,BrandC,1381.98,113,4.0
PROD-01497,Ciencia PremiumCorp Modelo 38,Libros,Ciencia,PremiumCorp,385.72,265,3.3
PROD-01498,Running BrandE Modelo 69,Deportes,Running,BrandE,1418.71,322,5.0
PROD-01499,Limpieza BrandE Modelo 89,Automotriz,Limpieza,BrandE,532.83,144,3.0
PROD-01500,Audio BrandD Modelo 62,Electrónica,Audio,BrandD,340.64,97,3.3
PROD-01501,Camping BrandC Modelo 72,Deportes,Camping,BrandC,72.62,283,4.4
PROD-01502,Utensilios BrandD Modelo 71,Hogar y Cocina,Utensilios,BrandD,676.27,48,3.7
PROD-01503,Cabello BrandB Modelo 39,Belleza y Cuidado Personal,Cabello,BrandB,1231.34,32,3.9
PROD-01504,Perfumes Essentials Modelo 97,Belleza y Cuidado Personal,Perfumes,Essentials,198.55,102,3.5
PROD-01505,Biografías BrandD Modelo 22,Libros,Biografías,BrandD,743.14,329,3.7
PROD-01506,Ficción BrandD Modelo 48,Libros,Ficción,BrandD,628.3,125,4.6
PROD-01507,Gimnasio BrandE Modelo 75,Deportes,Gimnasio,BrandE,572.8,123,3.3
PROD-01508,No Ficción BrandE Modelo 99,Libros,No Ficción,BrandE,701.24,32,3.0
PROD-01509,Chaqueta BrandE Modelo 37,Ropa y Calzado,Chaqueta,BrandE,474.89,102,4.0
PROD-01510,Skincare BrandA Modelo 96,Belleza y Cuidado Personal,Skincare,BrandA,381.24,331,3.0
PROD-01511,Running BrandF Modelo 99,Deportes,Running,BrandF,1224.17,90,4.7
PROD-01512,Ciclismo Essentials Modelo 34,Deportes,Ciclismo,Essentials,1226.36,257,3.4
PROD-01513,Chaqueta BrandE Modelo 38,Ropa y Calzado,Chaqueta,BrandE,107.61,187,5.0
PROD-01514,Accesorios Auto BrandD Modelo 49,Automotriz,Accesorios Auto,BrandD,380.61,36,3.4
PROD-01515,Juegos de Mesa PremiumCorp Modelo 38,Juguetes,Juegos de Mesa,PremiumCorp,395.47,178,3.5
PROD-01516,Pantalones BrandF Modelo 33,Ropa y Calzado,Pantalones,BrandF,900.79,42,3.5
PROD-01517,Running BrandE Modelo 98,Deportes,Running,BrandE,511.02,129,3.2
PROD-01518,Accesorios BrandE Modelo 85,Electrónica,Accesorios,BrandE,1015.8,337,4.2
PROD-01519,Perfumes BrandB Modelo 24,Belleza y Cuidado Personal,Perfumes,BrandB,712.63,193,4.5
PROD-01520,Skincare EcoLine Modelo 95,Belleza y Cuidado Personal,Skincare,EcoLine,88.7,74,4.1
PROD-01521,Limpieza BrandC Modelo 37,Automotriz,Limpieza,BrandC,1054.34,329,4.4
PROD-01522,Radiocontrol PremiumCorp Modelo 97,Juguetes,Radiocontrol,PremiumCorp,166.13,103,3.4
PROD-01523,Radiocontrol Essentials Modelo 81,Juguetes,Radiocontrol,Essentials,130.54,20,3.7
PROD-01524,Laptops BrandE Modelo 69,Electrónica,Laptops,BrandE,259.37,208,3.7
PROD-01525,Camping BrandB Modelo 97,Deportes,Camping,BrandB,214.35,328,3.0
PROD-01526,Gimnasio EcoLine Modelo 91,Deportes,Gimnasio,EcoLine,536.39,280,3.0
PROD-01527,Electrodomésticos EcoLine Modelo 81,Hogar y Cocina,Electrodomésticos,EcoLine,62.58,174,4.4
PROD-01528,Radiocontrol BrandC Modelo 22,Juguetes,Radiocontrol,BrandC,774.04,11,4.6
PROD-01529,Utensilios Essentials Modelo 68,Hogar y Cocina,Utensilios,Essentials,871.6,92,3.1
PROD-01530,Muñecas PremiumCorp Modelo 46,Juguetes,Muñecas,PremiumCorp,302.04,12,4.4
PROD-01531,Decoración BrandF Modelo 32,Hogar y Cocina,Decoración,BrandF,76.08,25,4.3
PROD-01532,Cabello PremiumCorp Modelo 44,Belleza y Cuidado Personal,Cabello,PremiumCorp,549.25,84,4.0
PROD-01533,Ciencia BrandF Modelo 10,Libros,Ciencia,BrandF,1150.14,186,4.4
PROD-01534,Perfumes BrandB Modelo 57,Belleza y Cuidado Personal,Perfumes,BrandB,389.05,23,4.9
PROD-01535,Ficción BrandD Modelo 30,Libros,Ficción,BrandD,1421.06,141,4.5
PROD-01536,Juegos de Mesa PremiumCorp Modelo 20,Juguetes,Juegos de Mesa,PremiumCorp,642.74,91,4.0
PROD-01537,Accesorios Auto EcoLine Modelo 72,Automotriz,Accesorios Auto,EcoLine,814.32,158,3.6
PROD-01538,Laptops BrandE Modelo 18,Electrónica,Laptops,BrandE,1466.05,274,4.6
PROD-01539,No Ficción EcoLine Modelo 28,Libros,No Ficción,EcoLine,385.9,272,3.3
PROD-01540,Ciclismo PremiumCorp Modelo 37,Deportes,Ciclismo,PremiumCorp,520.66,341,3.5
PROD-01541,Radiocontrol BrandE Modelo 62,Juguetes,Radiocontrol,BrandE,545.1,213,4.4
PROD-01542,Cabello BrandE Modelo 56,Belleza y Cuidado Personal,Cabello,BrandE,1163.35,255,3.7
PROD-01543,Utensilios Essentials Modelo 21,Hogar y Cocina,Utensilios,Essentials,1192.48,223,4.5
PROD-01544,Chaqueta BrandA Modelo 27,Ropa y Calzado,Chaqueta,BrandA,977.15,67,4.1
PROD-01545,Audio BrandD Modelo 17,Electrónica,Audio,BrandD,1263.22,77,3.8
PROD-01546,Utensilios EcoLine Modelo 87,Hogar y Cocina,Utensilios,EcoLine,446.46,38,3.2
PROD-01547,Running EcoLine Modelo 21,Deportes,Running,EcoLine,788.04,264,3.0
PROD-01548,Electrodomésticos BrandF Modelo 81,Hogar y Cocina,Electrodomésticos,BrandF,383.22,112,4.9
PROD-01549,Limpieza Essentials Modelo 34,Automotriz,Limpieza,Essentials,119.73,125,4.1
PROD-01550,Biografías PremiumCorp Modelo 83,Libros,Biografías,PremiumCorp,684.62,170,4.2
PROD-01551,Muebles BrandD Modelo 67,Hogar y Cocina,Muebles,BrandD,534.7,160,3.2
PROD-01552,Muñecas BrandC Modelo 53,Juguetes,Muñecas,BrandC,656.21,64,3.4
PROD-01553,Electrodomésticos BrandA Modelo 63,Hogar y Cocina,Electrodomésticos,BrandA,575.4,80,3.7
PROD-01554,Juegos de Mesa BrandD Modelo 25,Juguetes,Juegos de Mesa,BrandD,537.88,117,3.2
PROD-01555,Zapatos BrandA Modelo 90,Ropa y Calzado,Zapatos,BrandA,59.71,151,4.7
PROD-01556,Perfumes BrandE Modelo 12,Belleza y Cuidado Personal,Perfumes,BrandE,1452.01,255,4.4
PROD-01557,Accesorios Auto BrandB Modelo 42,Automotriz,Accesorios Auto,BrandB,1455.41,193,4.0
PROD-01558,Herramientas PremiumCorp Modelo 67,Automotriz,Herramientas,PremiumCorp,42.18,14,3.3
PROD-01559,Laptops BrandD Modelo 52,Electrónica,Laptops,BrandD,1193.46,195,3.0
PROD-01560,Accesorios Essentials Modelo 60,Electrónica,Accesorios,Essentials,1040.4,330,4.3
PROD-01561,Limpieza BrandE Modelo 17,Automotriz,Limpieza,BrandE,587.96,34,3.9
PROD-01562,Ciclismo BrandB Modelo 12,Deportes,Ciclismo,BrandB,225.43,36,3.1
PROD-01563,Laptops BrandB Modelo 69,Electrónica,Laptops,BrandB,589.32,43,4.7
PROD-01564,Gimnasio BrandA Modelo 99,Deportes,Gimnasio,BrandA,602.75,190,3.2
PROD-01565,Ficción BrandC Modelo 75,Libros,Ficción,BrandC,852.0,11,3.3
PROD-01566,Pantalones BrandE Modelo 68,Ropa y Calzado,Pantalones,BrandE,1120.97,68,3.2
PROD-01567,Ciclismo Essentials Modelo 81,Deportes,Ciclismo,Essentials,360.74,8,4.9
PROD-01568,Perfumes BrandD Modelo 88,Belleza y Cuidado Personal,Perfumes,BrandD,504.04,162,4.5
PROD-01569,Pantalones Essentials Modelo 28,Ropa y Calzado,Pantalones,Essentials,67.74,198,3.4
PROD-01570,Accesorios Auto Essentials Modelo 39,Automotriz,Accesorios Auto,Essentials,49.78,151,3.2
PROD-01571,Biografías BrandC Modelo 90,Libros,Biografías,BrandC,1136.98,206,3.2
PROD-01572,Bloques Essentials Modelo 17,Juguetes,Bloques,Essentials,558.5,97,4.3
PROD-01573,Perfumes Essentials Modelo 57,Belleza y Cuidado Personal,Perfumes,Essentials,811.39,129,4.2
PROD-01574,Pantalones BrandD Modelo 48,Ropa y Calzado,Pantalones,BrandD,672.62,162,4.5
PROD-01575,Maquillaje PremiumCorp Modelo 26,Belleza y Cuidado Personal,Maquillaje,PremiumCorp,907.65,22,4.8
PROD-01576,Laptops BrandA Modelo 69,Electrónica,Laptops,BrandA,1053.42,113,4.7
PROD-01577,Accesorios EcoLine Modelo 78,Electrónica,Accesorios,EcoLine,863.51,240,3.4
PROD-01578,Juegos de Mesa BrandE Modelo 91,Juguetes,Juegos de Mesa,BrandE,279.59,129,4.7
PROD-01579,Skincare BrandD Modelo 73,Belleza y Cuidado Personal,Skincare,BrandD,917.85,266,4.8
PROD-01580,Perfumes BrandD Modelo 64,Belleza y Cuidado Personal,Perfumes,BrandD,994.49,123,3.6
PROD-01581,Zapatos PremiumCorp Modelo 34,Ropa y Calzado,Zapatos,PremiumCorp,295.19,290,3.1
PROD-01582,Limpieza PremiumCorp Modelo 54,Automotriz,Limpieza,PremiumCorp,1015.93,128,3.4
PROD-01583,Utensilios BrandE Modelo 65,Hogar y Cocina,Utensilios,BrandE,1407.43,229,4.8
PROD-01584,Utensilios BrandD Modelo 45,Hogar y Cocina,Utensilios,BrandD,1368.77,154,3.6
PROD-01585,No Ficción BrandE Modelo 75,Libros,No Ficción,BrandE,1264.74,271,5.0
PROD-01586,Ciencia Essentials Modelo 77,Libros,Ciencia,Essentials,890.17,133,4.4
PROD-01587,Ficción BrandE Modelo 14,Libros,Ficción,BrandE,872.48,54,4.0
PROD-01588,Herramientas BrandF Modelo 11,Automotriz,Herramientas,BrandF,838.38,75,3.9
PROD-01589,Running BrandC Modelo 68,Deportes,Running,BrandC,480.3,275,4.7
PROD-01590,Ciclismo BrandC Modelo 11,Deportes,Ciclismo,BrandC,1157.0,288,4.8
PROD-01591,Accesorios EcoLine Modelo 70,Electrónica,Accesorios,EcoLine,1047.89,337,3.2
PROD-01592,Maquillaje Essentials Modelo 77,Belleza y Cuidado Personal,Maquillaje,Essentials,1386.37,283,3.8
PROD-01593,Ficción BrandB Modelo 49,Libros,Ficción,BrandB,1325.41,301,3.4
PROD-01594,Camisas BrandC Modelo 31,Ropa y Calzado,Camisas,BrandC,711.83,110,3.2
PROD-01595,Decoración BrandA Modelo 32,Hogar y Cocina,Decoración,BrandA,128.47,41,3.1
PROD-01596,Herramientas BrandA Modelo 74,Automotriz,Herramientas,BrandA,777.74,53,3.9
PROD-01597,Decoración PremiumCorp Modelo 42,Hogar y Cocina,Decoración,PremiumCorp,992.07,343,3.3
PROD-01598,Muebles BrandB Modelo 68,Hogar y Cocina,Muebles,BrandB,1410.88,121,4.8
PROD-01599,Chaqueta BrandD Modelo 75,Ropa y Calzado,Chaqueta,BrandD,927.49,88,3.1
PROD-01600,Teléfonos BrandA Modelo 78,Electrónica,Teléfonos,BrandA,35.19,262,4.9
PROD-01601,Zapatos PremiumCorp Modelo 14,Ropa y Calzado,Zapatos,PremiumCorp,457.35,302,3.0
PROD-01602,Laptops Essentials Modelo 15,Electrónica,Laptops,Essentials,1294.32,145,3.3
PROD-01603,Accesorios Auto BrandB Modelo 55,Automotriz,Accesorios Auto,BrandB,898.35,192,3.9
PROD-01604,Limpieza BrandC Modelo 81,Automotriz,Limpieza,BrandC,808.2,263,4.1
PROD-01605,Herramientas BrandB Modelo 42,Automotriz,Herramientas,BrandB,602.41,155,4.8
PROD-01606,Utensilios PremiumCorp Modelo 78,Hogar y Cocina,Utensilios,PremiumCorp,530.99,287,4.2
PROD-01607,Camping BrandE Modelo 45,Deportes,Camping,BrandE,1407.72,84,4.2
PROD-01608,Pantalones BrandB Modelo 64,Ropa y Calzado,Pantalones,BrandB,78.41,81,3.0
PROD-01609,Ficción BrandA Modelo 49,Libros,Ficción,BrandA,1154.95,27,4.8
PROD-01610,Muebles Essentials Modelo 10,Hogar y Cocina,Muebles,Essentials,957.35,90,4.6
PROD-01611,Maquillaje BrandB Modelo 86,Belleza y Cuidado Personal,Maquillaje,BrandB,455.81,54,3.6
PROD-01612,Muebles BrandC Modelo 13,Hogar y Cocina,Muebles,BrandC,349.58,153,4.6
PROD-01613,Perfumes BrandC Modelo 88,Belleza y Cuidado Personal,Perfumes,BrandC,371.81,88,3.0
PROD-01614,Herramientas BrandD Modelo 37,Automotriz,Herramientas,BrandD,425.06,102,4.2
PROD-01615,No Ficción EcoLine Modelo 38,Libros,No Ficción,EcoLine,1024.84,59,4.0
PROD-01616,Decoración Essentials Modelo 43,Hogar y Cocina,Decoración,Essentials,1075.93,315,4.0
PROD-01617,Teléfonos BrandA Modelo 43,Electrónica,Teléfonos,BrandA,996.56,344,4.2
PROD-01618,Electrodomésticos BrandE Modelo 78,Hogar y Cocina,Electrodomésticos,BrandE,1373.01,27,3.8
PROD-01619,Utensilios BrandC Modelo 90,Hogar y Cocina,Utensilios,BrandC,685.13,313,4.2
PROD-01620,Camisas EcoLine Modelo 78,Ropa y Calzado,Camisas,EcoLine,969.43,71,3.3
PROD-01621,Skincare BrandA Modelo 90,Belleza y Cuidado Personal,Skincare,BrandA,54.28,10,3.9
PROD-01622,Skincare BrandF Modelo 48,Belleza y Cuidado Personal,Skincare,BrandF,1228.97,288,4.0
PROD-01623,Limpieza BrandB Modelo 17,Automotriz,Limpieza,BrandB,1422.1,138,4.6
PROD-01624,Running PremiumCorp Modelo 24,Deportes,Running,PremiumCorp,729.24,260,3.2
PROD-01625,Laptops BrandC Modelo 40,Electrónica,Laptops,BrandC,650.48,57,3.8
PROD-01626,Zapatos PremiumCorp Modelo 34,Ropa y Calzado,Zapatos,PremiumCorp,1427.22,202,4.1
PROD-01627,Ciencia BrandA Modelo 56,Libros,Ciencia,BrandA,1440.08,265,4.2
PROD-01628,Audio EcoLine Modelo 89,Electrónica,Audio,EcoLine,360.89,47,4.2
PROD-01629,Skincare BrandF Modelo 66,Belleza y Cuidado Personal,Skincare,BrandF,853.65,341,3.6
PROD-01630,Bloques BrandC Modelo 80,Juguetes,Bloques,BrandC,286.96,268,4.7
PROD-01631,Muñecas BrandB Modelo 47,Juguetes,Muñecas,BrandB,884.44,281,4.5
PROD-01632,Limpieza Essentials Modelo 80,Automotriz,Limpieza,Essentials,1388.5,173,3.6
PROD-01633,Bloques Essentials Modelo 65,Juguetes,Bloques,Essentials,101.58,14,4.7
PROD-01634,Audio BrandE Modelo 23,Electrónica,Audio,BrandE,754.27,281,4.4
PROD-01635,Radiocontrol BrandE Modelo 36,Juguetes,Radiocontrol,BrandE,1495.98,147,3.8
PROD-01636,Gimnasio PremiumCorp Modelo 38,Deportes,Gimnasio,PremiumCorp,415.89,234,3.8
PROD-01637,Limpieza BrandC Modelo 43,Automotriz,Limpieza,BrandC,327.3,60,4.1
PROD-01638,Audio PremiumCorp Modelo 69,Electrónica,Audio,PremiumCorp,691.49,105,4.9
PROD-01639,Ciencia BrandB Modelo 14,Libros,Ciencia,BrandB,522.94,108,4.3
PROD-01640,Laptops BrandE Modelo 99,Electrónica,Laptops,BrandE,634.35,88,4.7
PROD-01641,Perfumes BrandC Modelo 34,Belleza y Cuidado Personal,Perfumes,BrandC,866.2,203,3.6
PROD-01642,Laptops BrandC Modelo 73,Electrónica,Laptops,BrandC,160.62,80,4.3
PROD-01643,Ciencia Essentials Modelo 32,Libros,Ciencia,Essentials,764.5,156,3.7
PROD-01644,Ciencia PremiumCorp Modelo 56,Libros,Ciencia,PremiumCorp,602.32,73,4.6
PROD-01645,Camisas BrandE Modelo 13,Ropa y Calzado,Camisas,BrandE,1244.08,183,4.1
PROD-01646,No Ficción EcoLine Modelo 18,Libros,No Ficción,EcoLine,467.82,131,3.8
PROD-01647,Ciclismo BrandB Modelo 55,Deportes,Ciclismo,BrandB,382.58,157,4.9
PROD-01648,Cabello Essentials Modelo 81,Belleza y Cuidado Personal,Cabello,Essentials,577.28,284,4.3
PROD-01649,Maquillaje BrandB Modelo 19,Belleza y Cuidado Personal,Maquillaje,BrandB,894.69,234,3.5
PROD-01650,No Ficción BrandD Modelo 68,Libros,No Ficción,BrandD,1126.08,184,3.3
PROD-01651,Limpieza BrandD Modelo 89,Automotriz,Limpieza,BrandD,255.37,311,3.2
PROD-01652,Cabello BrandA Modelo 83,Belleza y Cuidado Personal,Cabello,BrandA,1471.63,96,4.0
PROD-01653,Perfumes Essentials Modelo 73,Belleza y Cuidado Personal,Perfumes,Essentials,486.39,347,3.9
PROD-01654,Ciclismo BrandC Modelo 59,Deportes,Ciclismo,BrandC,1079.84,133,4.2
PROD-01655,Laptops Essentials Modelo 40,Electrónica,Laptops,Essentials,272.43,31,4.2
PROD-01656,Herramientas BrandA Modelo 53,Automotriz,Herramientas,BrandA,55.85,93,4.5
PROD-01657,Decoración EcoLine Modelo 22,Hogar y Cocina,Decoración,EcoLine,821.07,250,3.7
PROD-01658,Ciencia BrandA Modelo 96,Libros,Ciencia,BrandA,1379.88,57,4.3
PROD-01659,Audio PremiumCorp Modelo 14,Electrónica,Audio,PremiumCorp,975.88,281,4.4
PROD-01660,Bloques Essentials Modelo 90,Juguetes,Bloques,Essentials,1227.54,211,3.6
PROD-01661,Utensilios BrandA Modelo 44,Hogar y Cocina,Utensilios,BrandA,1047.41,144,3.6
PROD-01662,Ciclismo BrandC Modelo 46,Deportes,Ciclismo,BrandC,9.16,233,3.2
PROD-01663,Perfumes BrandF Modelo 97,Belleza y Cuidado Personal,Perfumes,BrandF,16.49,118,5.0
PROD-01664,Laptops BrandA Modelo 55,Electrónica,Laptops,BrandA,590.91,201,4.8
PROD-01665,Electrodomésticos BrandB Modelo 82,Hogar y Cocina,Electrodomésticos,BrandB,1327.21,307,3.1
PROD-01666,Camping Essentials Modelo 30,Deportes,Camping,Essentials,347.8,258,3.1
PROD-01667,Biografías BrandB Modelo 44,Libros,Biografías,BrandB,640.27,241,3.7
PROD-01668,Laptops PremiumCorp Modelo 87,Electrónica,Laptops,PremiumCorp,309.94,51,4.5
PROD-01669,Audio BrandE Modelo 89,Electrónica,Audio,BrandE,8.77,11,4.7
PROD-01670,Audio BrandC Modelo 81,Electrónica,Audio,BrandC,234.95,239,4.4
PROD-01671,Maquillaje BrandD Modelo 70,Belleza y Cuidado Personal,Maquillaje,BrandD,611.29,222,4.6
PROD-01672,Decoración BrandA Modelo 99,Hogar y Cocina,Decoración,BrandA,24.12,71,4.8
PROD-01673,Teléfonos BrandA Modelo 87,Electrónica,Teléfonos,BrandA,1173.06,65,5.0
PROD-01674,Ciclismo BrandA Modelo 57,Deportes,Ciclismo,BrandA,233.64,54,3.4
PROD-01675,Pantalones EcoLine Modelo 72,Ropa y Calzado,Pantalones,EcoLine,711.21,62,3.8
PROD-01676,Camisas BrandF Modelo 45,Ropa y Calzado,Camisas,BrandF,157.06,296,4.0
PROD-01677,Maquillaje BrandD Modelo 72,Belleza y Cuidado Personal,Maquillaje,BrandD,201.52,132,3.4
PROD-01678,Accesorios Essentials Modelo 16,Electrónica,Accesorios,Essentials,1417.36,108,3.6
PROD-01679,Perfumes EcoLine Modelo 96,Belleza y Cuidado Personal,Perfumes,EcoLine,604.39,301,4.4
PROD-01680,Camisas EcoLine Modelo 62,Ropa y Calzado,Camisas,EcoLine,1205.38,197,4.2
PROD-01681,Electrodomésticos BrandE Modelo 25,Hogar y Cocina,Electrodomésticos,BrandE,941.92,143,5.0
PROD-01682,Utensilios BrandB Modelo 69,Hogar y Cocina,Utensilios,BrandB,1021.84,104,4.8
PROD-01683,Muebles BrandA Modelo 14,Hogar y Cocina,Muebles,BrandA,854.7,69,4.0
PROD-01684,Zapatos EcoLine Modelo 60,Ropa y Calzado,Zapatos,EcoLine,1033.55,115,4.0
PROD-01685,Ciclismo BrandE Modelo 83,Deportes,Ciclismo,BrandE,228.45,63,4.1
PROD-01686,Pantalones BrandF Modelo 12,Ropa y Calzado,Pantalones,BrandF,391.17,29,3.9
PROD-01687,Audio BrandF Modelo 20,Electrónica,Audio,BrandF,768.72,199,4.5
PROD-01688,Biografías BrandB Modelo 19,Libros,Biografías,BrandB,1160.49,291,3.1
PROD-01689,Accesorios Auto PremiumCorp Modelo 75,Automotriz,Accesorios Auto,PremiumCorp,489.32,57,4.8
PROD-01690,Cabello BrandF Modelo 37,Belleza y Cuidado Personal,Cabello,BrandF,258.58,316,4.0
PROD-01691,Maquillaje Essentials Modelo 92,Belleza y Cuidado Personal,Maquillaje,Essentials,1083.32,325,3.9
PROD-01692,Utensilios EcoLine Modelo 13,Hogar y Cocina,Utensilios,EcoLine,52.9,80,3.6
PROD-01693,Camping BrandE Modelo 78,Deportes,Camping,BrandE,558.02,114,4.3
PROD-01694,No Ficción BrandC Modelo 38,Libros,No Ficción,BrandC,19.19,30,4.8
PROD-01695,Ficción Essentials Modelo 69,Libros,Ficción,Essentials,235.31,82,3.5
PROD-01696,Gimnasio EcoLine Modelo 10,Deportes,Gimnasio,EcoLine,1476.31,310,3.3
PROD-01697,Utensilios PremiumCorp Modelo 89,Hogar y Cocina,Utensilios,PremiumCorp,1299.11,130,4.3
PROD-01698,Muñecas EcoLine Modelo 82,Juguetes,Muñecas,EcoLine,682.72,207,4.0
PROD-01699,Ciclismo BrandE Modelo 92,Deportes,Ciclismo,BrandE,1178.22,175,3.1
PROD-01700,Laptops BrandB Modelo 16,Electrónica,Laptops,BrandB,815.72,261,4.7
PROD-01701,Teléfonos BrandD Modelo 65,Electrónica,Teléfonos,BrandD,217.9,0,4.1
PROD-01702,Electrodomésticos Essentials Modelo 46,Hogar y Cocina,Electrodomésticos,Essentials,1016.15,119,5.0
PROD-01703,Electrodomésticos BrandE Modelo 12,Hogar y Cocina,Electrodomésticos,BrandE,331.84,304,3.8
PROD-01704,Maquillaje BrandC Modelo 77,Belleza y Cuidado Personal,Maquillaje,BrandC,1311.76,139,4.5
PROD-01705,Camping BrandB Modelo 74,Deportes,Camping,BrandB,505.09,59,3.5
PROD-01706,Electrodomésticos BrandB Modelo 28,Hogar y Cocina,Electrodomésticos,BrandB,1326.2,321,4.1
PROD-01707,Ciencia BrandC Modelo 46,Libros,Ciencia,BrandC,962.0,307,3.4
PROD-01708,Running BrandC Modelo 67,Deportes,Running,BrandC,87.99,221,3.7
PROD-01709,Juegos de Mesa Essentials Modelo 83,Juguetes,Juegos de Mesa,Essentials,398.77,149,4.5
PROD-01710,Decoración BrandB Modelo 63,Hogar y Cocina,Decoración,BrandB,306.79,85,3.6
PROD-01711,Perfumes BrandA Modelo 51,Belleza y Cuidado Personal,Perfumes,BrandA,197.39,265,3.2
PROD-01712,Herramientas BrandC Modelo 95,Automotriz,Herramientas,BrandC,1016.62,304,4.8
PROD-01713,Audio EcoLine Modelo 33,Electrónica,Audio,EcoLine,891.73,342,3.0
PROD-01714,Ciencia BrandD Modelo 80,Libros,Ciencia,BrandD,1120.47,80,4.2
PROD-01715,Audio BrandF Modelo 75,Electrónica,Audio,BrandF,673.4,242,4.2
PROD-01716,Zapatos EcoLine Modelo 42,Ropa y Calzado,Zapatos,EcoLine,650.46,337,4.5
PROD-01717,Laptops BrandD Modelo 52,Electrónica,Laptops,BrandD,322.77,319,4.0
PROD-01718,Bloques PremiumCorp Modelo 91,Juguetes,Bloques,PremiumCorp,287.29,293,4.5
PROD-01719,Accesorios Auto EcoLine Modelo 93,Automotriz,Accesorios Auto,EcoLine,1058.72,200,3.6
PROD-01720,Muñecas Essentials Modelo 74,Juguetes,Muñecas,Essentials,482.03,176,3.3
PROD-01721,Herramientas BrandE Modelo 28,Automotriz,Herramientas,BrandE,509.73,9,4.2
PROD-01722,Gimnasio PremiumCorp Modelo 60,Deportes,Gimnasio,PremiumCorp,22.46,196,4.0
PROD-01723,Limpieza BrandA Modelo 99,Automotriz,Limpieza,BrandA,116.48,181,4.1
PROD-01724,Bloques BrandD Modelo 71,Juguetes,Bloques,BrandD,1389.49,29,3.4
PROD-01725,Ciclismo BrandA Modelo 69,Deportes,Ciclismo,BrandA,551.54,279,4.1
PROD-01726,Muebles EcoLine Modelo 18,Hogar y Cocina,Muebles,EcoLine,619.56,102,3.4
PROD-01727,Maquillaje PremiumCorp Modelo 26,Belleza y Cuidado Personal,Maquillaje,PremiumCorp,1240.04,64,3.7
PROD-01728,Decoración BrandD Modelo 48,Hogar y Cocina,Decoración,BrandD,1027.57,276,3.6
PROD-01729,Electrodomésticos BrandB Modelo 60,Hogar y Cocina,Electrodomésticos,BrandB,20.53,217,3.1
PROD-01730,Maquillaje BrandC Modelo 16,Belleza y Cuidado Personal,Maquillaje,BrandC,82.8,235,4.9
PROD-01731,Laptops BrandF Modelo 43,Electrónica,Laptops,BrandF,58.94,188,3.5
PROD-01732,Maquillaje PremiumCorp Modelo 70,Belleza y Cuidado Personal,Maquillaje,PremiumCorp,250.26,336,3.7
PROD-01733,Ciencia BrandA Modelo 35,Libros,Ciencia,BrandA,96.5,271,4.4
PROD-01734,Laptops BrandA Modelo 79,Electrónica,Laptops,BrandA,1257.9,26,3.9
PROD-01735,Ficción BrandF Modelo 41,Libros,Ficción,BrandF,280.06,196,4.3
PROD-01736,Ciencia BrandC Modelo 78,Libros,Ciencia,BrandC,1227.8,139,3.7
PROD-01737,No Ficción Essentials Modelo 84,Libros,No Ficción,Essentials,246.51,61,3.8
PROD-01738,Ficción BrandA Modelo 94,Libros,Ficción,BrandA,327.58,311,3.1
PROD-01739,Ciclismo BrandE Modelo 63,Deportes,Ciclismo,BrandE,273.61,108,4.8
PROD-01740,Utensilios BrandA Modelo 20,Hogar y Cocina,Utensilios,BrandA,1295.18,308,4.4
PROD-01741,Audio EcoLine Modelo 38,Electrónica,Audio,EcoLine,262.38,8,4.4
PROD-01742,Radiocontrol PremiumCorp Modelo 63,Juguetes,Radiocontrol,PremiumCorp,259.85,332,4.8
PROD-01743,Limpieza BrandD Modelo 32,Automotriz,Limpieza,BrandD,1167.59,36,4.3
PROD-01744,Electrodomésticos BrandA Modelo 83,Hogar y Cocina,Electrodomésticos,BrandA,238.4,344,4.8
PROD-01745,Audio PremiumCorp Modelo 88,Electrónica,Audio,PremiumCorp,1101.2,38,3.4
PROD-01746,Radiocontrol Essentials Modelo 68,Juguetes,Radiocontrol,Essentials,1249.68,215,3.5
PROD-01747,Biografías BrandB Modelo 42,Libros,Biografías,BrandB,327.8,161,4.2
PROD-01748,Accesorios Auto BrandC Modelo 19,Automotriz,Accesorios Auto,BrandC,811.57,129,3.3
PROD-01749,Juegos de Mesa BrandD Modelo 58,Juguetes,Juegos de Mesa,BrandD,911.84,67,3.3
PROD-01750,Chaqueta BrandC Modelo 97,Ropa y Calzado,Chaqueta,BrandC,1179.62,11,4.7
PROD-01751,Zapatos PremiumCorp Modelo 98,Ropa y Calzado,Zapatos,PremiumCorp,500.0,3,3.6
PROD-01752,No Ficción BrandD Modelo 57,Libros,No Ficción,BrandD,617.61,166,3.4
PROD-01753,Herramientas BrandF Modelo 33,Automotriz,Herramientas,BrandF,1448.91,346,3.9
PROD-01754,Audio BrandC Modelo 23,Electrónica,Audio,BrandC,618.65,216,3.8
PROD-01755,Ciclismo BrandC Modelo 47,Deportes,Ciclismo,BrandC,360.31,343,4.9
PROD-01756,Radiocontrol BrandF Modelo 30,Juguetes,Radiocontrol,BrandF,322.18,160,4.4
PROD-01757,Herramientas BrandD Modelo 39,Automotriz,Herramientas,BrandD,1283.1,315,4.7
PROD-01758,Electrodomésticos Essentials Modelo 98,Hogar y Cocina,Electrodomésticos,Essentials,993.2,284,3.0
PROD-01759,Juegos de Mesa EcoLine Modelo 91,Juguetes,Juegos de Mesa,EcoLine,1444.99,21,3.3
PROD-01760,Gimnasio Essentials Modelo 32,Deportes,Gimnasio,Essentials,413.28,257,3.1
PROD-01761,Audio EcoLine Modelo 53,Electrónica,Audio,EcoLine,386.93,12,4.8
PROD-01762,No Ficción BrandE Modelo 19,Libros,No Ficción,BrandE,1218.64,56,3.8
PROD-01763,Limpieza BrandD Modelo 41,Automotriz,Limpieza,BrandD,1043.42,55,4.7
PROD-01764,Ficción BrandD Modelo 18,Libros,Ficción,BrandD,572.78,161,3.2
PROD-01765,Utensilios Essentials Modelo 13,Hogar y Cocina,Utensilios,Essentials,692.74,101,3.7
PROD-01766,Herramientas BrandC Modelo 53,Automotriz,Herramientas,BrandC,98.52,166,4.5
PROD-01767,Camisas BrandE Modelo 64,Ropa y Calzado,Camisas,BrandE,1088.14,122,4.6
PROD-01768,Ciclismo BrandC Modelo 43,Deportes,Ciclismo,BrandC,459.36,114,4.7
PROD-01769,Accesorios Auto BrandE Modelo 86,Automotriz,Accesorios Auto,BrandE,172.78,218,3.7
PROD-01770,Accesorios Auto BrandD Modelo 20,Automotriz,Accesorios Auto,BrandD,909.6,66,4.6
PROD-01771,Utensilios BrandE Modelo 90,Hogar y Cocina,Utensilios,BrandE,1110.51,60,3.8
PROD-01772,Perfumes BrandC Modelo 78,Belleza y Cuidado Personal,Perfumes,BrandC,757.52,319,5.0
PROD-01773,Ficción BrandD Modelo 29,Libros,Ficción,BrandD,981.66,349,4.7
PROD-01774,Muñecas BrandD Modelo 99,Juguetes,Muñecas,BrandD,380.07,332,3.1
PROD-01775,Running PremiumCorp Modelo 33,Deportes,Running,PremiumCorp,398.82,260,3.5
PROD-01776,Ciencia BrandD Modelo 13,Libros,Ciencia,BrandD,406.54,112,4.6
PROD-01777,Laptops EcoLine Modelo 26,Electrónica,Laptops,EcoLine,1111.8,103,3.5
PROD-01778,Gimnasio PremiumCorp Modelo 68,Deportes,Gimnasio,PremiumCorp,1432.93,264,4.9
PROD-01779,Running BrandD Modelo 78,Deportes,Running,BrandD,1372.13,341,4.3
PROD-01780,Skincare Essentials Modelo 79,Belleza y Cuidado Personal,Skincare,Essentials,554.68,9,3.5
PROD-01781,Bloques BrandB Modelo 95,Juguetes,Bloques,BrandB,988.88,207,3.6
PROD-01782,Zapatos BrandB Modelo 29,Ropa y Calzado,Zapatos,BrandB,505.78,132,4.5
PROD-01783,Radiocontrol BrandC Modelo 15,Juguetes,Radiocontrol,BrandC,278.2,232,4.3
PROD-01784,No Ficción BrandA Modelo 10,Libros,No Ficción,BrandA,972.67,254,3.4
PROD-01785,Audio PremiumCorp Modelo 80,Electrónica,Audio,PremiumCorp,1391.37,320,4.8
PROD-01786,Ciclismo BrandB Modelo 59,Deportes,Ciclismo,BrandB,1271.52,90,3.5
PROD-01787,Ciencia BrandD Modelo 46,Libros,Ciencia,BrandD,129.2,202,3.2
PROD-01788,Cabello BrandD Modelo 21,Belleza y Cuidado Personal,Cabello,BrandD,411.68,306,4.0
PROD-01789,Maquillaje BrandB Modelo 62,Belleza y Cuidado Personal,Maquillaje,BrandB,439.49,97,3.6
PROD-01790,Accesorios BrandE Modelo 75,Electrónica,Accesorios,BrandE,1406.68,3,5.0
PROD-01791,Running BrandF Modelo 60,Deportes,Running,BrandF,636.09,39,3.6
PROD-01792,Juegos de Mesa BrandC Modelo 38,Juguetes,Juegos de Mesa,BrandC,872.33,140,3.5
PROD-01793,Decoración BrandB Modelo 28,Hogar y Cocina,Decoración,BrandB,1417.22,334,4.1
PROD-01794,Perfumes BrandF Modelo 22,Belleza y Cuidado Personal,Perfumes,BrandF,482.96,297,4.6
PROD-01795,Camping EcoLine Modelo 39,Deportes,Camping,EcoLine,1439.93,314,4.4
PROD-01796,Accesorios Auto BrandC Modelo 23,Automotriz,Accesorios Auto,BrandC,1109.67,180,4.9
PROD-01797,Biografías BrandA Modelo 11,Libros,Biografías,BrandA,275.66,237,3.2
PROD-01798,Gimnasio BrandE Modelo 82,Deportes,Gimnasio,BrandE,29.5,332,3.4
PROD-01799,Electrodomésticos BrandE Modelo 56,Hogar y Cocina,Electrodomésticos,BrandE,1238.78,277,3.9
PROD-01800,Accesorios Auto BrandA Modelo 68,Automotriz,Accesorios Auto,BrandA,1185.77,139,3.9
PROD-01801,Electrodomésticos Essentials Modelo 70,Hogar y Cocina,Electrodomésticos,Essentials,540.48,7,4.9
PROD-01802,Muebles EcoLine Modelo 72,Hogar y Cocina,Muebles,EcoLine,1471.07,190,3.6
PROD-01803,Herramientas BrandF Modelo 52,Automotriz,Herramientas,BrandF,524.92,205,4.3
PROD-01804,Accesorios Auto BrandA Modelo 11,Automotriz,Accesorios Auto,BrandA,876.81,73,3.4
PROD-01805,Gimnasio EcoLine Modelo 32,Deportes,Gimnasio,EcoLine,64.87,217,3.5
PROD-01806,Perfumes EcoLine Modelo 33,Belleza y Cuidado Personal,Perfumes,EcoLine,1457.19,296,4.8
PROD-01807,Camping BrandB Modelo 49,Deportes,Camping,BrandB,1265.14,326,3.3
PROD-01808,Electrodomésticos BrandE Modelo 46,Hogar y Cocina,Electrodomésticos,BrandE,176.69,181,4.3
PROD-01809,Running PremiumCorp Modelo 74,Deportes,Running,PremiumCorp,1183.93,258,3.4
PROD-01810,Gimnasio BrandD Modelo 84,Deportes,Gimnasio,BrandD,245.76,254,3.6
PROD-01811,Biografías BrandE Modelo 72,Libros,Biografías,BrandE,714.33,119,3.4
PROD-01812,Radiocontrol Essentials Modelo 52,Juguetes,Radiocontrol,Essentials,1335.68,345,3.1
PROD-01813,Zapatos BrandB Modelo 81,Ropa y Calzado,Zapatos,BrandB,1120.96,11,3.2
PROD-01814,Bloques Essentials Modelo 83,Juguetes,Bloques,Essentials,429.53,119,3.7
PROD-01815,Ficción Essentials Modelo 10,Libros,Ficción,Essentials,411.69,219,3.2
PROD-01816,Pantalones BrandD Modelo 70,Ropa y Calzado,Pantalones,BrandD,295.86,37,3.4
PROD-01817,Accesorios BrandA Modelo 38,Electrónica,Accesorios,BrandA,845.52,305,4.0
PROD-01818,Perfumes BrandB Modelo 36,Belleza y Cuidado Personal,Perfumes,BrandB,757.83,314,3.1
PROD-01819,Utensilios BrandA Modelo 61,Hogar y Cocina,Utensilios,BrandA,469.48,98,3.1
PROD-01820,Pantalones BrandD Modelo 55,Ropa y Calzado,Pantalones,BrandD,113.59,239,3.5
PROD-01821,Ciclismo EcoLine Modelo 19,Deportes,Ciclismo,EcoLine,613.26,4,3.4
PROD-01822,Radiocontrol EcoLine Modelo 85,Juguetes,Radiocontrol,EcoLine,1260.3,45,3.7
PROD-01823,Perfumes BrandC Modelo 39,Belleza y Cuidado Personal,Perfumes,BrandC,1294.35,219,3.9
PROD-01824,Chaqueta BrandF Modelo 83,Ropa y Calzado,Chaqueta,BrandF,630.88,136,4.5
PROD-01825,Muebles PremiumCorp Modelo 77,Hogar y Cocina,Muebles,PremiumCorp,85.07,168,3.7
PROD-01826,Accesorios Auto BrandF Modelo 87,Automotriz,Accesorios Auto,BrandF,628.45,267,3.8
PROD-01827,Decoración BrandF Modelo 47,Hogar y Cocina,Decoración,BrandF,285.59,173,4.3
PROD-01828,Ficción BrandD Modelo 88,Libros,Ficción,BrandD,1352.6,126,4.1
PROD-01829,Skincare BrandF Modelo 10,Belleza y Cuidado Personal,Skincare,BrandF,607.61,217,4.9
PROD-01830,Utensilios Essentials Modelo 31,Hogar y Cocina,Utensilios,Essentials,1180.24,204,4.5
PROD-01831,Herramientas BrandD Modelo 94,Automotriz,Herramientas,BrandD,762.99,200,4.5
PROD-01832,Biografías BrandA Modelo 83,Libros,Biografías,BrandA,506.58,101,4.7
PROD-01833,Perfumes Essentials Modelo 27,Belleza y Cuidado Personal,Perfumes,Essentials,550.16,157,3.4
PROD-01834,Electrodomésticos BrandB Modelo 76,Hogar y Cocina,Electrodomésticos,BrandB,998.2,41,4.5
PROD-01835,Chaqueta PremiumCorp Modelo 73,Ropa y Calzado,Chaqueta,PremiumCorp,967.42,208,3.3
PROD-01836,Ciclismo BrandD Modelo 55,Deportes,Ciclismo,BrandD,1410.46,44,4.6
PROD-01837,Chaqueta BrandD Modelo 97,Ropa y Calzado,Chaqueta,BrandD,330.13,205,3.7
PROD-01838,Teléfonos BrandC Modelo 44,Electrónica,Teléfonos,BrandC,490.09,71,3.6
PROD-01839,Bloques BrandD Modelo 72,Juguetes,Bloques,BrandD,406.67,226,3.7
PROD-01840,Herramientas BrandE Modelo 56,Automotriz,Herramientas,BrandE,898.43,147,3.3
PROD-01841,Teléfonos PremiumCorp Modelo 27,Electrónica,Teléfonos,PremiumCorp,679.07,286,3.3
PROD-01842,Herramientas BrandF Modelo 80,Automotriz,Herramientas,BrandF,7.88,98,4.7
PROD-01843,Utensilios PremiumCorp Modelo 50,Hogar y Cocina,Utensilios,PremiumCorp,1481.57,267,3.2
PROD-01844,Zapatos BrandD Modelo 99,Ropa y Calzado,Zapatos,BrandD,1216.46,157,4.5
PROD-01845,Muñecas Essentials Modelo 83,Juguetes,Muñecas,Essentials,700.68,24,4.0
PROD-01846,Cabello Essentials Modelo 52,Belleza y Cuidado Personal,Cabello,Essentials,1235.0,137,4.6
PROD-01847,Bloques Essentials Modelo 45,Juguetes,Bloques,Essentials,1118.06,4,3.6
PROD-01848,Cabello BrandA Modelo 57,Belleza y Cuidado Personal,Cabello,BrandA,1452.26,238,3.9
PROD-01849,Audio BrandA Modelo 63,Electrónica,Audio,BrandA,395.77,198,3.6
PROD-01850,Bloques BrandB Modelo 67,Juguetes,Bloques,BrandB,498.12,292,4.2
PROD-01851,Accesorios Auto EcoLine Modelo 33,Automotriz,Accesorios Auto,EcoLine,157.05,108,4.4
PROD-01852,Pantalones BrandB Modelo 16,Ropa y Calzado,Pantalones,BrandB,369.35,186,3.0
PROD-01853,Cabello BrandC Modelo 13,Belleza y Cuidado Personal,Cabello,BrandC,319.02,131,3.4
PROD-01854,Running Essentials Modelo 62,Deportes,Running,Essentials,1139.65,275,4.4
PROD-01855,Biografías BrandF Modelo 89,Libros,Biografías,BrandF,1210.07,183,4.3
PROD-01856,Herramientas BrandB Modelo 72,Automotriz,Herramientas,BrandB,1344.03,261,4.0
PROD-01857,Perfumes EcoLine Modelo 84,Belleza y Cuidado Personal,Perfumes,EcoLine,934.54,128,3.1
PROD-01858,Limpieza EcoLine Modelo 96,Automotriz,Limpieza,EcoLine,672.0,294,4.0
PROD-01859,Chaqueta EcoLine Modelo 27,Ropa y Calzado,Chaqueta,EcoLine,654.54,320,3.6
PROD-01860,Camisas Essentials Modelo 85,Ropa y Calzado,Camisas,Essentials,1492.39,281,3.9
PROD-01861,Gimnasio Essentials Modelo 14,Deportes,Gimnasio,Essentials,933.88,36,3.8
PROD-01862,Cabello BrandD Modelo 70,Belleza y Cuidado Personal,Cabello,BrandD,1427.69,154,4.8
PROD-01863,Electrodomésticos Essentials Modelo 54,Hogar y Cocina,Electrodomésticos,Essentials,1080.73,291,3.2
PROD-01864,Biografías BrandD Modelo 72,Libros,Biografías,BrandD,1355.49,311,4.3
PROD-01865,Chaqueta PremiumCorp Modelo 23,Ropa y Calzado,Chaqueta,PremiumCorp,124.84,279,4.2
PROD-01866,Ciclismo BrandD Modelo 64,Deportes,Ciclismo,BrandD,896.18,104,4.4
PROD-01867,Maquillaje BrandE Modelo 50,Belleza y Cuidado Personal,Maquillaje,BrandE,1225.71,32,4.7
PROD-01868,Electrodomésticos BrandD Modelo 25,Hogar y Cocina,Electrodomésticos,BrandD,242.31,238,3.8
PROD-01869,Muñecas BrandA Modelo 86,Juguetes,Muñecas,BrandA,1381.06,288,3.9
PROD-01870,Audio PremiumCorp Modelo 15,Electrónica,Audio,PremiumCorp,1031.06,349,4.0
PROD-01871,Radiocontrol BrandD Modelo 13,Juguetes,Radiocontrol,BrandD,288.34,329,4.7
PROD-01872,Laptops PremiumCorp Modelo 77,Electrónica,Laptops,PremiumCorp,1420.12,159,3.3
PROD-01873,Utensilios BrandD Modelo 29,Hogar y Cocina,Utensilios,BrandD,587.78,34,4.8
PROD-01874,Ciclismo BrandE Modelo 28,Deportes,Ciclismo,BrandE,1270.35,92,4.8
PROD-01875,Limpieza BrandA Modelo 88,Automotriz,Limpieza,BrandA,537.68,217,4.2
PROD-01876,Teléfonos BrandF Modelo 97,Electrónica,Teléfonos,BrandF,1412.74,184,4.5
PROD-01877,Pantalones PremiumCorp Modelo 85,Ropa y Calzado,Pantalones,PremiumCorp,297.54,164,4.5
PROD-01878,Ficción BrandF Modelo 16,Libros,Ficción,BrandF,642.5,59,4.8
PROD-01879,Muebles BrandB Modelo 99,Hogar y Cocina,Muebles,BrandB,652.03,115,3.1
PROD-01880,Muebles BrandF Modelo 73,Hogar y Cocina,Muebles,BrandF,1118.3,86,4.9
PROD-01881,Teléfonos BrandA Modelo 36,Electrónica,Teléfonos,BrandA,861.66,36,3.0
PROD-01882,Herramientas BrandF Modelo 80,Automotriz,Herramientas,BrandF,569.97,196,4.6
PROD-01883,Camping BrandD Modelo 67,Deportes,Camping,BrandD,1250.36,100,4.9
PROD-01884,Bloques BrandD Modelo 36,Juguetes,Bloques,BrandD,501.06,229,5.0
PROD-01885,Muñecas BrandF Modelo 53,Juguetes,Muñecas,BrandF,407.36,55,5.0
PROD-01886,Pantalones Essentials Modelo 56,Ropa y Calzado,Pantalones,Essentials,437.14,266,3.6
PROD-01887,Camping PremiumCorp Modelo 27,Deportes,Camping,PremiumCorp,377.27,54,4.7
PROD-01888,Laptops EcoLine Modelo 44,Electrónica,Laptops,EcoLine,1200.61,144,3.5
PROD-01889,Radiocontrol PremiumCorp Modelo 95,Juguetes,Radiocontrol,PremiumCorp,360.35,61,3.5
PROD-01890,Herramientas Essentials Modelo 29,Automotriz,Herramientas,Essentials,1171.61,219,5.0
PROD-01891,Teléfonos BrandB Modelo 62,Electrónica,Teléfonos,BrandB,9.71,173,3.3
PROD-01892,Juegos de Mesa BrandB Modelo 93,Juguetes,Juegos de Mesa,BrandB,1027.19,242,3.6
PROD-01893,Bloques BrandC Modelo 43,Juguetes,Bloques,BrandC,450.6,315,3.9
PROD-01894,Chaqueta BrandA Modelo 68,Ropa y Calzado,Chaqueta,BrandA,1091.73,5,4.8
PROD-01895,Ficción EcoLine Modelo 19,Libros,Ficción,EcoLine,503.38,26,4.9
PROD-01896,Running Essentials Modelo 54,Deportes,Running,Essentials,1117.22,186,4.1
PROD-01897,Muñecas BrandE Modelo 26,Juguetes,Muñecas,BrandE,343.06,54,4.7
PROD-01898,Skincare BrandA Modelo 34,Belleza y Cuidado Personal,Skincare,BrandA,1254.01,69,4.5
PROD-01899,Accesorios BrandE Modelo 11,Electrónica,Accesorios,BrandE,501.11,19,3.0
PROD-01900,Cabello BrandC Modelo 85,Belleza y Cuidado Personal,Cabello,BrandC,493.44,257,4.3
PROD-01901,Zapatos BrandE Modelo 45,Ropa y Calzado,Zapatos,BrandE,1082.78,89,4.7
PROD-01902,Cabello BrandA Modelo 93,Belleza y Cuidado Personal,Cabello,BrandA,565.93,329,4.3
PROD-01903,Limpieza BrandA Modelo 76,Automotriz,Limpieza,BrandA,1301.55,237,4.4
PROD-01904,Ficción BrandD Modelo 93,Libros,Ficción,BrandD,1433.79,47,4.9
PROD-01905,Muebles BrandF Modelo 72,Hogar y Cocina,Muebles,BrandF,19.9,317,4.6
PROD-01906,Accesorios BrandB Modelo 38,Electrónica,Accesorios,BrandB,488.91,251,3.5
PROD-01907,Herramientas Essentials Modelo 50,Automotriz,Herramientas,Essentials,615.89,19,3.5
PROD-01908,Bloques BrandB Modelo 96,Juguetes,Bloques,BrandB,1222.49,4,4.7
PROD-01909,Ciclismo EcoLine Modelo 98,Deportes,Ciclismo,EcoLine,160.7,150,4.4
PROD-01910,Electrodomésticos BrandB Modelo 40,Hogar y Cocina,Electrodomésticos,BrandB,1414.28,81,3.2
PROD-01911,Decoración BrandC Modelo 62,Hogar y Cocina,Decoración,BrandC,440.94,209,3.5
PROD-01912,Pantalones EcoLine Modelo 57,Ropa y Calzado,Pantalones,EcoLine,972.84,137,4.9
PROD-01913,Running PremiumCorp Modelo 35,Deportes,Running,PremiumCorp,429.73,48,3.1
PROD-01914,Running BrandA Modelo 99,Deportes,Running,BrandA,460.86,183,4.4
PROD-01915,Chaqueta Essentials Modelo 52,Ropa y Calzado,Chaqueta,Essentials,214.4,123,3.5
PROD-01916,Running BrandD Modelo 43,Deportes,Running,BrandD,15.67,233,4.8
PROD-01917,Running BrandF Modelo 11,Deportes,Running,BrandF,619.89,43,3.0
PROD-01918,Limpieza Essentials Modelo 14,Automotriz,Limpieza,Essentials,1041.38,53,4.0
PROD-01919,Camisas PremiumCorp Modelo 94,Ropa y Calzado,Camisas,PremiumCorp,1288.33,350,4.0
PROD-01920,Limpieza BrandF Modelo 47,Automotriz,Limpieza,BrandF,1242.65,41,3.2
PROD-01921,Accesorios EcoLine Modelo 37,Electrónica,Accesorios,EcoLine,795.41,194,4.1
PROD-01922,Pantalones Essentials Modelo 57,Ropa y Calzado,Pantalones,Essentials,1436.16,197,4.3
PROD-01923,Radiocontrol BrandD Modelo 17,Juguetes,Radiocontrol,BrandD,1186.34,322,4.4
PROD-01924,Teléfonos BrandA Modelo 55,Electrónica,Teléfonos,BrandA,982.64,160,3.6
PROD-01925,Radiocontrol Essentials Modelo 57,Juguetes,Radiocontrol,Essentials,1479.2,326,4.0
PROD-01926,Maquillaje BrandD Modelo 86,Belleza y Cuidado Personal,Maquillaje,BrandD,321.67,170,4.7
PROD-01927,Juegos de Mesa BrandA Modelo 74,Juguetes,Juegos de Mesa,BrandA,889.16,117,4.3
PROD-01928,Ficción BrandA Modelo 10,Libros,Ficción,BrandA,868.17,224,3.4
PROD-01929,Camping BrandF Modelo 24,Deportes,Camping,BrandF,164.42,81,4.0
PROD-01930,Utensilios EcoLine Modelo 76,Hogar y Cocina,Utensilios,EcoLine,118.89,308,3.1
PROD-01931,Ciclismo BrandF Modelo 40,Deportes,Ciclismo,BrandF,1341.79,29,4.6
PROD-01932,Laptops PremiumCorp Modelo 61,Electrónica,Laptops,PremiumCorp,1229.15,122,3.5
PROD-01933,Utensilios PremiumCorp Modelo 96,Hogar y Cocina,Utensilios,PremiumCorp,888.13,287,4.8
PROD-01934,Ciencia BrandE Modelo 80,Libros,Ciencia,BrandE,1157.15,299,4.6
PROD-01935,Camping EcoLine Modelo 27,Deportes,Camping,EcoLine,279.3,257,4.8
PROD-01936,Decoración Essentials Modelo 88,Hogar y Cocina,Decoración,Essentials,1304.13,145,4.4
PROD-01937,Running BrandF Modelo 36,Deportes,Running,BrandF,291.5,48,3.0
PROD-01938,Muebles BrandC Modelo 86,Hogar y Cocina,Muebles,BrandC,694.05,145,4.7
PROD-01939,Muñecas BrandF Modelo 69,Juguetes,Muñecas,BrandF,1473.02,261,3.1
PROD-01940,Camisas BrandF Modelo 53,Ropa y Calzado,Camisas,BrandF,628.06,322,4.6
PROD-01941,Juegos de Mesa Essentials Modelo 77,Juguetes,Juegos de Mesa,Essentials,1424.98,80,4.5
PROD-01942,Pantalones BrandC Modelo 51,Ropa y Calzado,Pantalones,BrandC,256.21,74,3.3
PROD-01943,Ciencia BrandD Modelo 11,Libros,Ciencia,BrandD,1437.84,40,4.8
PROD-01944,Zapatos EcoLine Modelo 42,Ropa y Calzado,Zapatos,EcoLine,739.63,276,4.0
PROD-01945,Bloques BrandD Modelo 76,Juguetes,Bloques,BrandD,623.7,121,3.6
PROD-01946,Ficción BrandA Modelo 77,Libros,Ficción,BrandA,1183.57,175,3.2
PROD-01947,Ciencia BrandA Modelo 96,Libros,Ciencia,BrandA,1063.24,314,4.9
PROD-01948,Accesorios Auto BrandE Modelo 56,Automotriz,Accesorios Auto,BrandE,543.74,54,3.1
PROD-01949,Pantalones PremiumCorp Modelo 98,Ropa y Calzado,Pantalones,PremiumCorp,409.55,176,4.6
PROD-01950,Ciencia BrandE Modelo 96,Libros,Ciencia,BrandE,1008.93,328,4.9
PROD-01951,Chaqueta EcoLine Modelo 31,Ropa y Calzado,Chaqueta,EcoLine,839.71,19,3.3
PROD-01952,Cabello BrandA Modelo 46,Belleza y Cuidado Personal,Cabello,BrandA,848.54,290,4.0
PROD-01953,Maquillaje BrandA Modelo 56,Belleza y Cuidado Personal,Maquillaje,BrandA,484.22,149,3.3
PROD-01954,Bloques BrandC Modelo 78,Juguetes,Bloques,BrandC,1020.2,337,5.0
PROD-01955,Running BrandC Modelo 42,Deportes,Running,BrandC,392.58,68,3.2
PROD-01956,Camping BrandC Modelo 89,Deportes,Camping,BrandC,604.34,16,3.1
PROD-01957,Camping BrandA Modelo 84,Deportes,Camping,BrandA,281.31,326,4.1
PROD-01958,Maquillaje BrandD Modelo 23,Belleza y Cuidado Personal,Maquillaje,BrandD,1091.84,316,4.9
PROD-01959,Maquillaje BrandF Modelo 90,Belleza y Cuidado Personal,Maquillaje,BrandF,1353.12,13,3.0
PROD-01960,Running BrandE Modelo 51,Deportes,Running,BrandE,534.05,172,3.2
PROD-01961,Gimnasio EcoLine Modelo 55,Deportes,Gimnasio,EcoLine,1292.53,194,3.6
PROD-01962,Maquillaje BrandE Modelo 18,Belleza y Cuidado Personal,Maquillaje,BrandE,329.72,164,3.6
PROD-01963,Muebles PremiumCorp Modelo 13,Hogar y Cocina,Muebles,PremiumCorp,247.44,7,3.5
PROD-01964,Maquillaje BrandA Modelo 48,Belleza y Cuidado Personal,Maquillaje,BrandA,741.08,30,4.8
PROD-01965,Muebles PremiumCorp Modelo 22,Hogar y Cocina,Muebles,PremiumCorp,429.67,180,5.0
PROD-01966,Ficción BrandB Modelo 30,Libros,Ficción,BrandB,896.34,337,3.0
PROD-01967,Muñecas PremiumCorp Modelo 87,Juguetes,Muñecas,PremiumCorp,1166.88,114,4.9
PROD-01968,Utensilios EcoLine Modelo 84,Hogar y Cocina,Utensilios,EcoLine,654.87,117,3.7
PROD-01969,Gimnasio BrandC Modelo 69,Deportes,Gimnasio,BrandC,357.6,67,4.1
PROD-01970,Radiocontrol BrandE Modelo 75,Juguetes,Radiocontrol,BrandE,976.71,330,3.6
PROD-01971,Limpieza BrandF Modelo 93,Automotriz,Limpieza,BrandF,1028.68,130,4.6
PROD-01972,Juegos de Mesa Essentials Modelo 93,Juguetes,Juegos de Mesa,Essentials,654.78,229,4.7
PROD-01973,Perfumes EcoLine Modelo 40,Belleza y Cuidado Personal,Perfumes,EcoLine,1063.34,62,4.0
PROD-01974,Perfumes EcoLine Modelo 85,Belleza y Cuidado Personal,Perfumes,EcoLine,267.3,76,4.9
PROD-01975,Herramientas BrandC Modelo 96,Automotriz,Herramientas,BrandC,436.69,86,3.1
PROD-01976,Accesorios BrandC Modelo 59,Electrónica,Accesorios,BrandC,424.35,303,3.8
PROD-01977,Biografías BrandA Modelo 56,Libros,Biografías,BrandA,1471.72,259,4.6
PROD-01978,Running BrandE Modelo 95,Deportes,Running,BrandE,804.49,184,4.6
PROD-01979,Muebles BrandF Modelo 48,Hogar y Cocina,Muebles,BrandF,478.85,174,3.5
PROD-01980,Teléfonos BrandB Modelo 73,Electrónica,Teléfonos,BrandB,747.33,273,4.0
PROD-01981,No Ficción Essentials Modelo 25,Libros,No Ficción,Essentials,1238.52,31,4.4
PROD-01982,Bloques BrandF Modelo 53,Juguetes,Bloques,BrandF,734.57,41,3.0
PROD-01983,Audio BrandF Modelo 36,Electrónica,Audio,BrandF,696.68,115,5.0
PROD-01984,Zapatos Essentials Modelo 85,Ropa y Calzado,Zapatos,Essentials,369.92,262,3.4
PROD-01985,Skincare BrandC Modelo 15,Belleza y Cuidado Personal,Skincare,BrandC,881.97,211,4.9
PROD-01986,Muñecas BrandC Modelo 93,Juguetes,Muñecas,BrandC,794.9,88,3.2
PROD-01987,Bloques BrandD Modelo 95,Juguetes,Bloques,BrandD,939.34,14,3.2
PROD-01988,Ciclismo BrandF Modelo 25,Deportes,Ciclismo,BrandF,1122.47,44,4.7
PROD-01989,Gimnasio PremiumCorp Modelo 40,Deportes,Gimnasio,PremiumCorp,1348.32,293,4.9
PROD-01990,Zapatos BrandD Modelo 49,Ropa y Calzado,Zapatos,BrandD,55.24,91,4.8
PROD-01991,Accesorios Auto PremiumCorp Modelo 18,Automotriz,Accesorios Auto,PremiumCorp,405.51,228,3.4
PROD-01992,Gimnasio BrandD Modelo 27,Deportes,Gimnasio,BrandD,97.68,335,3.2
PROD-01993,Electrodomésticos EcoLine Modelo 60,Hogar y Cocina,Electrodomésticos,EcoLine,1457.92,154,3.5
PROD-01994,Accesorios Auto BrandD Modelo 44,Automotriz,Accesorios Auto,BrandD,948.22,224,3.2
PROD-01995,Bloques BrandD Modelo 75,Juguetes,Bloques,BrandD,846.31,239,4.9
PROD-01996,Decoración BrandE Modelo 12,Hogar y Cocina,Decoración,BrandE,536.98,267,3.1
PROD-01997,Muebles Essentials Modelo 42,Hogar y Cocina,Muebles,Essentials,881.96,66,4.0
PROD-01998,Maquillaje BrandF Modelo 90,Belleza y Cuidado Personal,Maquillaje,BrandF,838.64,184,3.3
PROD-01999,Skincare BrandF Modelo 98,Belleza y Cuidado Personal,Skincare,BrandF,1138.27,211,3.3
PROD-02000,Camping BrandA Modelo 86,Deportes,Camping,BrandA,812.22,207,4.3
PROD-02001,Muñecas BrandE Modelo 75,Juguetes,Muñecas,BrandE,1066.16,219,3.1
PROD-02002,No Ficción EcoLine Modelo 79,Libros,No Ficción,EcoLine,1169.08,207,4.7
PROD-02003,Accesorios Auto BrandE Modelo 15,Automotriz,Accesorios Auto,BrandE,310.38,297,3.8
PROD-02004,Camisas BrandD Modelo 10,Ropa y Calzado,Camisas,BrandD,883.41,329,3.1
PROD-02005,Muñecas Essentials Modelo 17,Juguetes,Muñecas,Essentials,858.36,259,3.1
PROD-02006,Running BrandA Modelo 17,Deportes,Running,BrandA,662.45,68,4.8
PROD-02007,No Ficción BrandB Modelo 80,Libros,No Ficción,BrandB,989.6,279,3.9
PROD-02008,Zapatos BrandA Modelo 38,Ropa y Calzado,Zapatos,BrandA,1268.94,348,3.6
PROD-02009,Cabello BrandA Modelo 98,Belleza y Cuidado Personal,Cabello,BrandA,1229.27,283,5.0
PROD-02010,Bloques BrandC Modelo 56,Juguetes,Bloques,BrandC,914.09,254,3.7
PROD-02011,Camping BrandC Modelo 88,Deportes,Camping,BrandC,126.27,124,5.0
PROD-02012,Biografías BrandD Modelo 46,Libros,Biografías,BrandD,990.91,172,4.3
PROD-02013,Accesorios Auto Essentials Modelo 57,Automotriz,Accesorios Auto,Essentials,361.21,295,3.4
PROD-02014,Teléfonos BrandB Modelo 42,Electrónica,Teléfonos,BrandB,681.39,59,4.9
PROD-02015,Herramientas BrandF Modelo 87,Automotriz,Herramientas,BrandF,263.1,168,3.4
PROD-02016,Herramientas PremiumCorp Modelo 77,Automotriz,Herramientas,PremiumCorp,1294.65,145,4.1
PROD-02017,Maquillaje BrandC Modelo 23,Belleza y Cuidado Personal,Maquillaje,BrandC,177.09,125,4.3
PROD-02018,Ciencia BrandD Modelo 78,Libros,Ciencia,BrandD,1250.3,142,4.9
PROD-02019,Juegos de Mesa BrandC Modelo 79,Juguetes,Juegos de Mesa,BrandC,723.37,54,3.4
PROD-02020,Ficción EcoLine Modelo 50,Libros,Ficción,EcoLine,447.57,307,4.1
PROD-02021,Limpieza PremiumCorp Modelo 72,Automotriz,Limpieza,PremiumCorp,1043.12,104,4.2
PROD-02022,Gimnasio PremiumCorp Modelo 83,Deportes,Gimnasio,PremiumCorp,1071.12,152,4.2
PROD-02023,Teléfonos BrandE Modelo 95,Electrónica,Teléfonos,BrandE,363.05,97,3.7
PROD-02024,Juegos de Mesa BrandA Modelo 22,Juguetes,Juegos de Mesa,BrandA,796.68,346,4.6
PROD-02025,Zapatos BrandD Modelo 81,Ropa y Calzado,Zapatos,BrandD,1228.9,338,3.3
PROD-02026,Skincare BrandD Modelo 35,Belleza y Cuidado Personal,Skincare,BrandD,438.9,78,3.7
PROD-02027,Herramientas BrandC Modelo 53,Automotriz,Herramientas,BrandC,1456.84,117,3.1
PROD-02028,Juegos de Mesa BrandB Modelo 53,Juguetes,Juegos de Mesa,BrandB,1311.24,19,4.8
PROD-02029,Skincare BrandF Modelo 30,Belleza y Cuidado Personal,Skincare,BrandF,1403.85,244,4.9
PROD-02030,Camping BrandB Modelo 42,Deportes,Camping,BrandB,523.14,2,4.3
PROD-02031,Radiocontrol EcoLine Modelo 80,Juguetes,Radiocontrol,EcoLine,813.19,180,4.2
PROD-02032,Electrodomésticos PremiumCorp Modelo 20,Hogar y Cocina,Electrodomésticos,PremiumCorp,1404.26,201,3.9
PROD-02033,Utensilios EcoLine Modelo 61,Hogar y Cocina,Utensilios,EcoLine,802.71,323,4.3
PROD-02034,Accesorios Auto BrandB Modelo 73,Automotriz,Accesorios Auto,BrandB,168.28,28,4.1
PROD-02035,Muebles BrandA Modelo 67,Hogar y Cocina,Muebles,BrandA,1393.75,35,3.1
PROD-02036,Accesorios Auto BrandC Modelo 54,Automotriz,Accesorios Auto,BrandC,1094.17,185,3.3
PROD-02037,Maquillaje BrandA Modelo 52,Belleza y Cuidado Personal,Maquillaje,BrandA,726.93,145,3.5
PROD-02038,Skincare EcoLine Modelo 40,Belleza y Cuidado Personal,Skincare,EcoLine,1351.47,25,3.6
PROD-02039,Zapatos BrandB Modelo 71,Ropa y Calzado,Zapatos,BrandB,543.75,171,4.8
PROD-02040,Limpieza PremiumCorp Modelo 57,Automotriz,Limpieza,PremiumCorp,962.65,148,3.0
PROD-02041,Camisas EcoLine Modelo 39,Ropa y Calzado,Camisas,EcoLine,1466.56,230,4.4
PROD-02042,Decoración BrandC Modelo 30,Hogar y Cocina,Decoración,BrandC,707.82,123,4.5
PROD-02043,Muebles BrandC Modelo 48,Hogar y Cocina,Muebles,BrandC,897.26,281,3.3
PROD-02044,Laptops BrandB Modelo 93,Electrónica,Laptops,BrandB,1103.19,165,3.7
PROD-02045,Laptops BrandC Modelo 74,Electrónica,Laptops,BrandC,989.33,4,4.0
PROD-02046,Ciencia PremiumCorp Modelo 59,Libros,Ciencia,PremiumCorp,601.9,138,4.1
PROD-02047,No Ficción BrandE Modelo 54,Libros,No Ficción,BrandE,588.97,277,4.2
PROD-02048,Perfumes EcoLine Modelo 90,Belleza y Cuidado Personal,Perfumes,EcoLine,420.09,275,4.8
PROD-02049,Maquillaje BrandD Modelo 97,Belleza y Cuidado Personal,Maquillaje,BrandD,344.52,264,3.1
PROD-02050,Muebles PremiumCorp Modelo 51,Hogar y Cocina,Muebles,PremiumCorp,407.38,79,4.6
PROD-02051,Limpieza BrandB Modelo 84,Automotriz,Limpieza,BrandB,854.06,254,3.7
PROD-02052,Muebles PremiumCorp Modelo 39,Hogar y Cocina,Muebles,PremiumCorp,1119.87,237,4.1
PROD-02053,Ciclismo BrandA Modelo 98,Deportes,Ciclismo,BrandA,469.78,327,4.2
PROD-02054,Laptops BrandF Modelo 25,Electrónica,Laptops,BrandF,223.56,183,4.4
PROD-02055,Radiocontrol BrandF Modelo 88,Juguetes,Radiocontrol,BrandF,1185.29,165,3.9
PROD-02056,Laptops Essentials Modelo 48,Electrónica,Laptops,Essentials,1447.66,317,4.6
PROD-02057,Chaqueta BrandA Modelo 26,Ropa y Calzado,Chaqueta,BrandA,1195.76,289,3.7
PROD-02058,Utensilios BrandD Modelo 31,Hogar y Cocina,Utensilios,BrandD,111.53,285,3.5
PROD-02059,No Ficción BrandF Modelo 79,Libros,No Ficción,BrandF,176.55,15,3.9
PROD-02060,Accesorios BrandA Modelo 84,Electrónica,Accesorios,BrandA,1499.38,312,4.1
PROD-02061,Accesorios Auto BrandB Modelo 18,Automotriz,Accesorios Auto,BrandB,940.9,274,4.8
PROD-02062,Ciclismo PremiumCorp Modelo 93,Deportes,Ciclismo,PremiumCorp,655.75,0,3.5
PROD-02063,Radiocontrol BrandC Modelo 63,Juguetes,Radiocontrol,BrandC,699.6,165,4.5
PROD-02064,Muñecas BrandB Modelo 34,Juguetes,Muñecas,BrandB,31.09,161,3.7
PROD-02065,Juegos de Mesa BrandF Modelo 73,Juguetes,Juegos de Mesa,BrandF,827.23,79,4.1
PROD-02066,Running BrandB Modelo 54,Deportes,Running,BrandB,188.84,115,4.7
PROD-02067,Accesorios Auto Essentials Modelo 13,Automotriz,Accesorios Auto,Essentials,377.02,97,3.0
PROD-02068,Decoración BrandE Modelo 27,Hogar y Cocina,Decoración,BrandE,1196.68,86,3.4
PROD-02069,Zapatos Essentials Modelo 15,Ropa y Calzado,Zapatos,Essentials,419.9,160,4.4
PROD-02070,Audio BrandE Modelo 95,Electrónica,Audio,BrandE,398.58,263,3.4
PROD-02071,Perfumes EcoLine Modelo 98,Belleza y Cuidado Personal,Perfumes,EcoLine,851.21,126,3.2
PROD-02072,No Ficción BrandD Modelo 10,Libros,No Ficción,BrandD,1263.77,64,4.4
PROD-02073,Pantalones BrandF Modelo 57,Ropa y Calzado,Pantalones,BrandF,1419.21,99,4.3
PROD-02074,Audio EcoLine Modelo 27,Electrónica,Audio,EcoLine,180.89,205,3.3
PROD-02075,Utensilios Essentials Modelo 96,Hogar y Cocina,Utensilios,Essentials,1227.55,130,4.5
PROD-02076,Pantalones Essentials Modelo 92,Ropa y Calzado,Pantalones,Essentials,882.83,42,4.8
PROD-02077,Muñecas BrandA Modelo 56,Juguetes,Muñecas,BrandA,1413.63,100,4.5
PROD-02078,Muebles PremiumCorp Modelo 67,Hogar y Cocina,Muebles,PremiumCorp,638.42,109,4.9
PROD-02079,Pantalones BrandE Modelo 97,Ropa y Calzado,Pantalones,BrandE,529.39,282,3.7
PROD-02080,Perfumes BrandC Modelo 22,Belleza y Cuidado Personal,Perfumes,BrandC,1485.6,227,3.8
PROD-02081,No Ficción Essentials Modelo 62,Libros,No Ficción,Essentials,1324.26,31,3.2
PROD-02082,Cabello BrandD Modelo 39,Belleza y Cuidado Personal,Cabello,BrandD,1403.64,343,5.0
PROD-02083,Biografías BrandB Modelo 87,Libros,Biografías,BrandB,1324.87,45,4.4
PROD-02084,Accesorios Auto BrandF Modelo 76,Automotriz,Accesorios Auto,BrandF,1384.76,72,3.4
PROD-02085,Zapatos BrandD Modelo 71,Ropa y Calzado,Zapatos,BrandD,113.09,226,4.2
PROD-02086,Chaqueta BrandB Modelo 27,Ropa y Calzado,Chaqueta,BrandB,454.69,317,4.8
PROD-02087,Chaqueta Essentials Modelo 63,Ropa y Calzado,Chaqueta,Essentials,841.86,253,4.6
PROD-02088,Ciclismo BrandC Modelo 50,Deportes,Ciclismo,BrandC,598.14,256,4.4
PROD-02089,Herramientas BrandC Modelo 96,Automotriz,Herramientas,BrandC,1236.64,141,3.2
PROD-02090,Biografías PremiumCorp Modelo 40,Libros,Biografías,PremiumCorp,385.15,188,4.2
PROD-02091,Camisas BrandC Modelo 17,Ropa y Calzado,Camisas,BrandC,490.35,273,4.0
PROD-02092,Muebles BrandC Modelo 80,Hogar y Cocina,Muebles,BrandC,1264.31,254,4.2
PROD-02093,Pantalones BrandC Modelo 33,Ropa y Calzado,Pantalones,BrandC,190.31,83,3.4
PROD-02094,Zapatos BrandC Modelo 43,Ropa y Calzado,Zapatos,BrandC,1455.41,146,4.7
PROD-02095,Pantalones PremiumCorp Modelo 99,Ropa y Calzado,Pantalones,PremiumCorp,193.93,83,4.1
PROD-02096,Laptops EcoLine Modelo 26,Electrónica,Laptops,EcoLine,234.77,345,3.1
PROD-02097,Perfumes BrandD Modelo 95,Belleza y Cuidado Personal,Perfumes,BrandD,1283.67,275,3.6
PROD-02098,Juegos de Mesa BrandA Modelo 76,Juguetes,Juegos de Mesa,BrandA,1302.02,40,3.6
PROD-02099,Electrodomésticos BrandF Modelo 24,Hogar y Cocina,Electrodomésticos,BrandF,280.61,76,3.7
PROD-02100,Skincare BrandA Modelo 53,Belleza y Cuidado Personal,Skincare,BrandA,348.36,283,4.4
PROD-02101,Laptops BrandC Modelo 13,Electrónica,Laptops,BrandC,1003.53,316,4.7
PROD-02102,Skincare BrandD Modelo 61,Belleza y Cuidado Personal,Skincare,BrandD,1335.98,283,3.4
PROD-02103,No Ficción EcoLine Modelo 55,Libros,No Ficción,EcoLine,741.84,345,4.4
PROD-02104,Camping PremiumCorp Modelo 31,Deportes,Camping,PremiumCorp,1317.25,25,4.1
PROD-02105,Accesorios Auto PremiumCorp Modelo 86,Automotriz,Accesorios Auto,PremiumCorp,1386.59,117,4.3
PROD-02106,Ficción BrandC Modelo 26,Libros,Ficción,BrandC,1105.73,121,4.8
PROD-02107,Radiocontrol PremiumCorp Modelo 68,Juguetes,Radiocontrol,PremiumCorp,373.59,119,4.2
PROD-02108,Herramientas BrandA Modelo 36,Automotriz,Herramientas,BrandA,111.96,232,3.3
PROD-02109,Decoración Essentials Modelo 31,Hogar y Cocina,Decoración,Essentials,672.49,108,3.3
PROD-02110,Electrodomésticos PremiumCorp Modelo 18,Hogar y Cocina,Electrodomésticos,PremiumCorp,675.49,272,5.0
PROD-02111,Juegos de Mesa BrandB Modelo 79,Juguetes,Juegos de Mesa,BrandB,337.18,197,4.9
PROD-02112,Zapatos BrandE Modelo 69,Ropa y Calzado,Zapatos,BrandE,1408.04,39,4.3
PROD-02113,No Ficción BrandA Modelo 93,Libros,No Ficción,BrandA,780.03,149,3.1
PROD-02114,Muñecas BrandD Modelo 63,Juguetes,Muñecas,BrandD,1473.78,88,3.7
PROD-02115,Teléfonos BrandA Modelo 47,Electrónica,Teléfonos,BrandA,1154.07,169,5.0
PROD-02116,Gimnasio EcoLine Modelo 18,Deportes,Gimnasio,EcoLine,700.67,135,4.7
PROD-02117,Pantalones Essentials Modelo 34,Ropa y Calzado,Pantalones,Essentials,920.29,130,3.3
PROD-02118,Chaqueta BrandF Modelo 14,Ropa y Calzado,Chaqueta,BrandF,756.87,294,4.2
PROD-02119,Herramientas BrandD Modelo 59,Automotriz,Herramientas,BrandD,1474.36,61,4.5
PROD-02120,Cabello PremiumCorp Modelo 16,Belleza y Cuidado Personal,Cabello,PremiumCorp,479.97,122,4.3
PROD-02121,Ficción Essentials Modelo 77,Libros,Ficción,Essentials,482.0,196,3.4
PROD-02122,Juegos de Mesa PremiumCorp Modelo 85,Juguetes,Juegos de Mesa,PremiumCorp,1367.08,99,3.1
PROD-02123,Teléfonos EcoLine Modelo 35,Electrónica,Teléfonos,EcoLine,700.3,256,3.2
PROD-02124,Electrodomésticos EcoLine Modelo 52,Hogar y Cocina,Electrodomésticos,EcoLine,397.63,11,4.0
PROD-02125,Audio BrandB Modelo 68,Electrónica,Audio,BrandB,817.23,233,4.4
PROD-02126,Decoración Essentials Modelo 35,Hogar y Cocina,Decoración,Essentials,277.57,224,5.0
PROD-02127,Audio BrandB Modelo 54,Electrónica,Audio,BrandB,732.09,169,4.0
PROD-02128,Biografías BrandA Modelo 91,Libros,Biografías,BrandA,1371.7,99,4.6
PROD-02129,Limpieza BrandE Modelo 17,Automotriz,Limpieza,BrandE,763.98,118,3.8
PROD-02130,Muñecas BrandF Modelo 70,Juguetes,Muñecas,BrandF,979.22,75,4.2
PROD-02131,Laptops BrandA Modelo 73,Electrónica,Laptops,BrandA,770.88,86,4.3
PROD-02132,Accesorios Auto BrandB Modelo 34,Automotriz,Accesorios Auto,BrandB,936.67,98,3.2
PROD-02133,Camisas BrandE Modelo 88,Ropa y Calzado,Camisas,BrandE,1453.82,93,4.9
PROD-02134,Maquillaje Essentials Modelo 28,Belleza y Cuidado Personal,Maquillaje,Essentials,353.38,166,4.0
PROD-02135,Zapatos PremiumCorp Modelo 70,Ropa y Calzado,Zapatos,PremiumCorp,1006.63,95,4.8
PROD-02136,Biografías BrandE Modelo 68,Libros,Biografías,BrandE,788.99,24,3.7
PROD-02137,Accesorios BrandC Modelo 34,Electrónica,Accesorios,BrandC,1202.18,157,3.6
PROD-02138,Accesorios BrandE Modelo 48,Electrónica,Accesorios,BrandE,221.87,300,4.2
PROD-02139,Camping BrandF Modelo 31,Deportes,Camping,BrandF,323.07,62,4.1
PROD-02140,Biografías BrandE Modelo 80,Libros,Biografías,BrandE,346.99,202,3.6
PROD-02141,Ciclismo BrandD Modelo 28,Deportes,Ciclismo,BrandD,1071.46,106,3.9
PROD-02142,Decoración BrandB Modelo 76,Hogar y Cocina,Decoración,BrandB,224.04,264,4.0
PROD-02143,Ciclismo BrandB Modelo 70,Deportes,Ciclismo,BrandB,1120.12,176,3.1
PROD-02144,Skincare BrandF Modelo 49,Belleza y Cuidado Personal,Skincare,BrandF,1459.23,7,3.1
PROD-02145,Accesorios BrandF Modelo 56,Electrónica,Accesorios,BrandF,765.84,129,3.9
PROD-02146,Juegos de Mesa EcoLine Modelo 85,Juguetes,Juegos de Mesa,EcoLine,169.54,267,3.1
PROD-02147,No Ficción BrandA Modelo 81,Libros,No Ficción,BrandA,57.56,253,3.3
PROD-02148,Pantalones BrandA Modelo 17,Ropa y Calzado,Pantalones,BrandA,1460.29,222,4.9
PROD-02149,Camisas EcoLine Modelo 60,Ropa y Calzado,Camisas,EcoLine,202.66,336,4.8
PROD-02150,Herramientas BrandF Modelo 66,Automotriz,Herramientas,BrandF,1078.16,230,3.5
PROD-02151,Gimnasio Essentials Modelo 46,Deportes,Gimnasio,Essentials,1114.99,32,3.6
PROD-02152,Bloques BrandF Modelo 88,Juguetes,Bloques,BrandF,420.69,31,3.6
PROD-02153,Gimnasio BrandB Modelo 38,Deportes,Gimnasio,BrandB,1249.02,158,3.5
PROD-02154,Camisas Essentials Modelo 27,Ropa y Calzado,Camisas,Essentials,1440.35,177,3.6
PROD-02155,Laptops Essentials Modelo 35,Electrónica,Laptops,Essentials,1481.47,329,4.8
PROD-02156,Accesorios BrandD Modelo 23,Electrónica,Accesorios,BrandD,1088.02,231,3.9
PROD-02157,Skincare BrandD Modelo 90,Belleza y Cuidado Personal,Skincare,BrandD,928.48,229,3.2
PROD-02158,Biografías PremiumCorp Modelo 41,Libros,Biografías,PremiumCorp,1016.46,77,3.6
PROD-02159,Ciencia EcoLine Modelo 15,Libros,Ciencia,EcoLine,383.91,310,3.5
PROD-02160,Laptops BrandF Modelo 66,Electrónica,Laptops,BrandF,171.18,201,3.9
PROD-02161,Laptops BrandF Modelo 92,Electrónica,Laptops,BrandF,432.36,16,4.5
PROD-02162,Utensilios BrandE Modelo 53,Hogar y Cocina,Utensilios,BrandE,444.55,257,4.4
PROD-02163,Ciencia BrandE Modelo 94,Libros,Ciencia,BrandE,1116.94,75,3.4
PROD-02164,Cabello BrandF Modelo 12,Belleza y Cuidado Personal,Cabello,BrandF,959.49,240,4.6
PROD-02165,Accesorios BrandF Modelo 78,Electrónica,Accesorios,BrandF,673.53,218,3.6
PROD-02166,Limpieza EcoLine Modelo 57,Automotriz,Limpieza,EcoLine,62.12,15,4.4
PROD-02167,Running BrandA Modelo 47,Deportes,Running,BrandA,385.52,163,4.2
PROD-02168,Radiocontrol BrandC Modelo 28,Juguetes,Radiocontrol,BrandC,881.37,135,3.6
PROD-02169,Zapatos BrandB Modelo 35,Ropa y Calzado,Zapatos,BrandB,448.64,253,4.9
PROD-02170,Biografías BrandE Modelo 27,Libros,Biografías,BrandE,1108.58,156,3.1
PROD-02171,Electrodomésticos BrandA Modelo 48,Hogar y Cocina,Electrodomésticos,BrandA,1453.74,6,3.6
PROD-02172,Camping Essentials Modelo 39,Deportes,Camping,Essentials,682.02,240,4.4
PROD-02173,Electrodomésticos BrandA Modelo 98,Hogar y Cocina,Electrodomésticos,BrandA,929.75,31,4.0
PROD-02174,Juegos de Mesa BrandF Modelo 83,Juguetes,Juegos de Mesa,BrandF,1258.49,101,3.9
PROD-02175,Audio Essentials Modelo 22,Electrónica,Audio,Essentials,895.84,154,3.6
PROD-02176,Audio BrandC Modelo 93,Electrónica,Audio,BrandC,222.79,287,4.2
PROD-02177,Perfumes BrandE Modelo 31,Belleza y Cuidado Personal,Perfumes,BrandE,1382.84,245,3.6
PROD-02178,Skincare BrandE Modelo 34,Belleza y Cuidado Personal,Skincare,BrandE,1339.68,62,3.8
PROD-02179,Gimnasio EcoLine Modelo 85,Deportes,Gimnasio,EcoLine,1258.51,74,4.0
PROD-02180,Cabello EcoLine Modelo 14,Belleza y Cuidado Personal,Cabello,EcoLine,456.05,50,3.4
PROD-02181,Limpieza BrandC Modelo 36,Automotriz,Limpieza,BrandC,1186.35,83,4.6
PROD-02182,Accesorios PremiumCorp Modelo 22,Electrónica,Accesorios,PremiumCorp,629.17,40,4.8
PROD-02183,Bloques BrandB Modelo 78,Juguetes,Bloques,BrandB,105.15,92,4.2
PROD-02184,Skincare PremiumCorp Modelo 14,Belleza y Cuidado Personal,Skincare,PremiumCorp,743.48,272,3.9
PROD-02185,Running EcoLine Modelo 89,Deportes,Running,EcoLine,266.16,23,4.3
PROD-02186,Electrodomésticos Essentials Modelo 16,Hogar y Cocina,Electrodomésticos,Essentials,437.98,146,4.9
PROD-02187,Zapatos BrandC Modelo 52,Ropa y Calzado,Zapatos,BrandC,94.69,108,3.3
PROD-02188,Juegos de Mesa BrandA Modelo 31,Juguetes,Juegos de Mesa,BrandA,954.52,56,4.5
PROD-02189,Audio Essentials Modelo 26,Electrónica,Audio,Essentials,1130.48,297,3.3
PROD-02190,Muñecas BrandA Modelo 38,Juguetes,Muñecas,BrandA,1222.15,149,4.6
PROD-02191,Utensilios BrandA Modelo 21,Hogar y Cocina,Utensilios,BrandA,854.48,198,3.9
PROD-02192,Decoración BrandC Modelo 97,Hogar y Cocina,Decoración,BrandC,704.6,250,3.0
PROD-02193,Electrodomésticos BrandE Modelo 66,Hogar y Cocina,Electrodomésticos,BrandE,13.05,284,3.8
PROD-02194,Chaqueta EcoLine Modelo 87,Ropa y Calzado,Chaqueta,EcoLine,1494.97,61,4.8
PROD-02195,Bloques Essentials Modelo 72,Juguetes,Bloques,Essentials,1471.89,72,4.0
PROD-02196,Teléfonos BrandA Modelo 81,Electrónica,Teléfonos,BrandA,702.02,88,4.2
PROD-02197,Utensilios Essentials Modelo 83,Hogar y Cocina,Utensilios,Essentials,597.65,279,4.7
PROD-02198,Ciencia Essentials Modelo 25,Libros,Ciencia,Essentials,1067.63,89,4.1
PROD-02199,Radiocontrol BrandD Modelo 50,Juguetes,Radiocontrol,BrandD,1078.87,308,3.8
PROD-02200,Utensilios BrandB Modelo 46,Hogar y Cocina,Utensilios,BrandB,1498.81,33,3.5
PROD-02201,Muebles Essentials Modelo 63,Hogar y Cocina,Muebles,Essentials,754.08,156,4.6
PROD-02202,Decoración BrandA Modelo 99,Hogar y Cocina,Decoración,BrandA,671.52,312,3.6
PROD-02203,Chaqueta EcoLine Modelo 71,Ropa y Calzado,Chaqueta,EcoLine,1413.17,330,4.1
PROD-02204,Pantalones Essentials Modelo 31,Ropa y Calzado,Pantalones,Essentials,580.5,16,4.3
PROD-02205,Ciclismo BrandF Modelo 15,Deportes,Ciclismo,BrandF,1389.01,61,4.3
PROD-02206,Decoración PremiumCorp Modelo 47,Hogar y Cocina,Decoración,PremiumCorp,489.94,328,4.2
PROD-02207,Decoración BrandB Modelo 70,Hogar y Cocina,Decoración,BrandB,938.58,236,4.6
PROD-02208,Ciencia BrandC Modelo 85,Libros,Ciencia,BrandC,693.46,8,4.9
PROD-02209,Electrodomésticos EcoLine Modelo 56,Hogar y Cocina,Electrodomésticos,EcoLine,354.21,237,3.2
PROD-02210,Accesorios Auto BrandA Modelo 90,Automotriz,Accesorios Auto,BrandA,75.36,78,3.9
PROD-02211,Utensilios BrandB Modelo 58,Hogar y Cocina,Utensilios,BrandB,975.53,284,3.9
PROD-02212,Radiocontrol BrandC Modelo 32,Juguetes,Radiocontrol,BrandC,1076.07,273,4.8
PROD-02213,Limpieza BrandA Modelo 80,Automotriz,Limpieza,BrandA,1028.23,102,3.0
PROD-02214,Maquillaje PremiumCorp Modelo 13,Belleza y Cuidado Personal,Maquillaje,PremiumCorp,1037.69,168,4.8
PROD-02215,Electrodomésticos BrandC Modelo 21,Hogar y Cocina,Electrodomésticos,BrandC,396.04,49,4.6
PROD-02216,Radiocontrol BrandD Modelo 35,Juguetes,Radiocontrol,BrandD,978.38,89,3.8
PROD-02217,Ciclismo PremiumCorp Modelo 52,Deportes,Ciclismo,PremiumCorp,782.53,124,4.2
PROD-02218,Maquillaje PremiumCorp Modelo 19,Belleza y Cuidado Personal,Maquillaje,PremiumCorp,885.1,220,4.6
PROD-02219,Ciclismo BrandD Modelo 32,Deportes,Ciclismo,BrandD,20.51,4,4.7
PROD-02220,Ciencia BrandF Modelo 68,Libros,Ciencia,BrandF,382.02,110,4.8
PROD-02221,Zapatos BrandD Modelo 77,Ropa y Calzado,Zapatos,BrandD,725.09,91,3.5
PROD-02222,Electrodomésticos BrandB Modelo 48,Hogar y Cocina,Electrodomésticos,BrandB,41.44,55,4.0
PROD-02223,Biografías BrandC Modelo 81,Libros,Biografías,BrandC,13.56,28,4.9
PROD-02224,Zapatos BrandB Modelo 63,Ropa y Calzado,Zapatos,BrandB,907.01,80,4.7
PROD-02225,Camisas BrandF Modelo 43,Ropa y Calzado,Camisas,BrandF,563.55,82,4.9
PROD-02226,Maquillaje BrandC Modelo 21,Belleza y Cuidado Personal,Maquillaje,BrandC,5.1,306,4.2
PROD-02227,Electrodomésticos BrandD Modelo 52,Hogar y Cocina,Electrodomésticos,BrandD,278.25,225,4.9
PROD-02228,Maquillaje BrandA Modelo 64,Belleza y Cuidado Personal,Maquillaje,BrandA,865.48,229,4.1
PROD-02229,Limpieza BrandA Modelo 54,Automotriz,Limpieza,BrandA,915.43,233,4.7
PROD-02230,Ciclismo BrandA Modelo 95,Deportes,Ciclismo,BrandA,437.13,278,4.2
PROD-02231,Chaqueta BrandB Modelo 71,Ropa y Calzado,Chaqueta,BrandB,68.84,313,4.3
PROD-02232,Camping BrandE Modelo 45,Deportes,Camping,BrandE,1326.12,113,4.8
PROD-02233,No Ficción BrandF Modelo 57,Libros,No Ficción,BrandF,432.28,84,4.9
PROD-02234,Electrodomésticos BrandA Modelo 67,Hogar y Cocina,Electrodomésticos,BrandA,932.56,322,4.1
PROD-02235,Radiocontrol Essentials Modelo 58,Juguetes,Radiocontrol,Essentials,393.23,96,3.5
PROD-02236,Herramientas BrandC Modelo 86,Automotriz,Herramientas,BrandC,730.34,99,3.6
PROD-02237,Radiocontrol BrandB Modelo 58,Juguetes,Radiocontrol,BrandB,683.02,158,4.6
PROD-02238,No Ficción BrandB Modelo 53,Libros,No Ficción,BrandB,1094.79,329,3.8
PROD-02239,Camping BrandE Modelo 25,Deportes,Camping,BrandE,268.02,16,4.5
PROD-02240,Camping BrandE Modelo 35,Deportes,Camping,BrandE,1016.56,93,3.0
PROD-02241,Perfumes EcoLine Modelo 15,Belleza y Cuidado Personal,Perfumes,EcoLine,1295.92,227,4.6
PROD-02242,Juegos de Mesa BrandE Modelo 61,Juguetes,Juegos de Mesa,BrandE,1002.46,131,3.8
PROD-02243,Gimnasio BrandD Modelo 16,Deportes,Gimnasio,BrandD,1207.21,32,4.7
PROD-02244,Maquillaje BrandB Modelo 13,Belleza y Cuidado Personal,Maquillaje,BrandB,483.16,62,4.9
PROD-02245,Ficción Essentials Modelo 60,Libros,Ficción,Essentials,790.16,135,3.3
PROD-02246,Skincare BrandD Modelo 45,Belleza y Cuidado Personal,Skincare,BrandD,1412.36,344,4.3
PROD-02247,No Ficción PremiumCorp Modelo 82,Libros,No Ficción,PremiumCorp,656.25,225,3.5
PROD-02248,Ciclismo BrandB Modelo 32,Deportes,Ciclismo,BrandB,1313.26,193,4.2
PROD-02249,Perfumes EcoLine Modelo 21,Belleza y Cuidado Personal,Perfumes,EcoLine,1412.79,21,4.7
PROD-02250,Gimnasio BrandF Modelo 79,Deportes,Gimnasio,BrandF,1426.24,81,5.0
PROD-02251,Camping EcoLine Modelo 80,Deportes,Camping,EcoLine,270.29,273,3.2
PROD-02252,Gimnasio EcoLine Modelo 14,Deportes,Gimnasio,EcoLine,605.97,223,4.0
PROD-02253,Accesorios Auto BrandC Modelo 89,Automotriz,Accesorios Auto,BrandC,541.9,117,3.4
PROD-02254,Muebles Essentials Modelo 39,Hogar y Cocina,Muebles,Essentials,312.2,86,3.4
PROD-02255,Maquillaje BrandC Modelo 68,Belleza y Cuidado Personal,Maquillaje,BrandC,1352.21,331,4.1
PROD-02256,Camping BrandA Modelo 72,Deportes,Camping,BrandA,946.87,185,4.4
PROD-02257,Teléfonos BrandF Modelo 45,Electrónica,Teléfonos,BrandF,76.03,276,4.0
PROD-02258,Camping BrandC Modelo 39,Deportes,Camping,BrandC,414.17,195,3.9
PROD-02259,Biografías PremiumCorp Modelo 73,Libros,Biografías,PremiumCorp,32.73,295,3.8
PROD-02260,Gimnasio BrandA Modelo 13,Deportes,Gimnasio,BrandA,473.53,33,4.3
PROD-02261,Accesorios BrandA Modelo 66,Electrónica,Accesorios,BrandA,718.33,350,4.3
PROD-02262,Decoración BrandE Modelo 88,Hogar y Cocina,Decoración,BrandE,307.84,85,3.5
PROD-02263,Pantalones EcoLine Modelo 96,Ropa y Calzado,Pantalones,EcoLine,398.44,145,3.7
PROD-02264,Ficción BrandB Modelo 67,Libros,Ficción,BrandB,171.05,230,4.4
PROD-02265,Limpieza Essentials Modelo 88,Automotriz,Limpieza,Essentials,835.49,97,4.5
PROD-02266,Laptops PremiumCorp Modelo 68,Electrónica,Laptops,PremiumCorp,898.36,19,3.4
PROD-02267,Gimnasio BrandE Modelo 29,Deportes,Gimnasio,BrandE,1248.74,235,4.2
PROD-02268,Maquillaje BrandB Modelo 20,Belleza y Cuidado Personal,Maquillaje,BrandB,503.3,108,4.2
PROD-02269,Muebles BrandA Modelo 17,Hogar y Cocina,Muebles,BrandA,977.17,107,4.4
PROD-02270,Teléfonos PremiumCorp Modelo 65,Electrónica,Teléfonos,PremiumCorp,1493.54,343,3.6
PROD-02271,Ciclismo PremiumCorp Modelo 94,Deportes,Ciclismo,PremiumCorp,772.29,206,4.6
PROD-02272,Accesorios PremiumCorp Modelo 53,Electrónica,Accesorios,PremiumCorp,1477.8,260,4.0
PROD-02273,Utensilios BrandB Modelo 44,Hogar y Cocina,Utensilios,BrandB,714.68,276,4.9
PROD-02274,Gimnasio BrandB Modelo 50,Deportes,Gimnasio,BrandB,477.64,124,3.3
PROD-02275,Muebles BrandC Modelo 46,Hogar y Cocina,Muebles,BrandC,1044.81,47,4.4
PROD-02276,Skincare BrandB Modelo 43,Belleza y Cuidado Personal,Skincare,BrandB,1312.62,250,3.3
PROD-02277,Bloques BrandC Modelo 80,Juguetes,Bloques,BrandC,958.82,141,3.6
PROD-02278,Cabello PremiumCorp Modelo 77,Belleza y Cuidado Personal,Cabello,PremiumCorp,439.0,30,3.9
PROD-02279,Accesorios Auto BrandB Modelo 39,Automotriz,Accesorios Auto,BrandB,1040.59,175,4.9
PROD-02280,Accesorios Auto BrandC Modelo 98,Automotriz,Accesorios Auto,BrandC,1183.31,120,4.2
PROD-02281,Juegos de Mesa BrandF Modelo 41,Juguetes,Juegos de Mesa,BrandF,1270.88,94,4.0
PROD-02282,No Ficción BrandE Modelo 34,Libros,No Ficción,BrandE,414.06,314,4.3
PROD-02283,Maquillaje EcoLine Modelo 50,Belleza y Cuidado Personal,Maquillaje,EcoLine,451.22,104,4.6
PROD-02284,Running BrandA Modelo 58,Deportes,Running,BrandA,1234.32,126,4.4
PROD-02285,Accesorios Auto BrandB Modelo 63,Automotriz,Accesorios Auto,BrandB,1364.54,161,4.2
PROD-02286,Juegos de Mesa PremiumCorp Modelo 60,Juguetes,Juegos de Mesa,PremiumCorp,169.73,237,3.3
PROD-02287,Utensilios BrandE Modelo 46,Hogar y Cocina,Utensilios,BrandE,1078.79,201,3.0
PROD-02288,Chaqueta Essentials Modelo 23,Ropa y Calzado,Chaqueta,Essentials,721.45,164,4.3
PROD-02289,Maquillaje BrandF Modelo 90,Belleza y Cuidado Personal,Maquillaje,BrandF,533.51,299,3.8
PROD-02290,Juegos de Mesa BrandA Modelo 15,Juguetes,Juegos de Mesa,BrandA,1336.29,121,4.8
PROD-02291,Ciclismo BrandC Modelo 27,Deportes,Ciclismo,BrandC,1288.1,74,4.6
PROD-02292,Running BrandA Modelo 14,Deportes,Running,BrandA,99.73,29,4.4
PROD-02293,Electrodomésticos EcoLine Modelo 88,Hogar y Cocina,Electrodomésticos,EcoLine,262.32,306,4.0
PROD-02294,Audio EcoLine Modelo 89,Electrónica,Audio,EcoLine,618.14,212,4.3
PROD-02295,Accesorios PremiumCorp Modelo 31,Electrónica,Accesorios,PremiumCorp,612.41,223,4.2
PROD-02296,Utensilios BrandF Modelo 56,Hogar y Cocina,Utensilios,BrandF,239.53,166,3.8
PROD-02297,Bloques BrandD Modelo 93,Juguetes,Bloques,BrandD,248.65,88,4.5
PROD-02298,Limpieza BrandE Modelo 69,Automotriz,Limpieza,BrandE,1266.59,223,4.2
PROD-02299,Camping BrandA Modelo 24,Deportes,Camping,BrandA,588.96,274,3.6
PROD-02300,Juegos de Mesa PremiumCorp Modelo 52,Juguetes,Juegos de Mesa,PremiumCorp,1230.9,32,4.3
PROD-02301,Muñecas BrandF Modelo 93,Juguetes,Muñecas,BrandF,1136.19,334,4.4
PROD-02302,Juegos de Mesa Essentials Modelo 87,Juguetes,Juegos de Mesa,Essentials,1339.46,80,3.0
PROD-02303,Zapatos BrandA Modelo 72,Ropa y Calzado,Zapatos,BrandA,1400.38,101,4.4
PROD-02304,Herramientas BrandE Modelo 46,Automotriz,Herramientas,BrandE,1147.67,347,4.4
PROD-02305,Camping BrandA Modelo 81,Deportes,Camping,BrandA,708.33,129,4.5
PROD-02306,Skincare BrandB Modelo 25,Belleza y Cuidado Personal,Skincare,BrandB,891.27,275,3.2
PROD-02307,Accesorios Auto BrandE Modelo 20,Automotriz,Accesorios Auto,BrandE,1220.36,307,4.9
PROD-02308,Herramientas BrandD Modelo 95,Automotriz,Herramientas,BrandD,792.36,215,4.3
PROD-02309,Running BrandA Modelo 80,Deportes,Running,BrandA,594.8,274,4.9
PROD-02310,Skincare BrandA Modelo 12,Belleza y Cuidado Personal,Skincare,BrandA,704.34,59,3.1
PROD-02311,Zapatos EcoLine Modelo 64,Ropa y Calzado,Zapatos,EcoLine,780.05,138,4.7
PROD-02312,Camping BrandD Modelo 49,Deportes,Camping,BrandD,720.06,325,4.8
PROD-02313,Accesorios Auto BrandC Modelo 39,Automotriz,Accesorios Auto,BrandC,1255.51,21,4.5
PROD-02314,Camping BrandA Modelo 44,Deportes,Camping,BrandA,1158.77,271,4.5
PROD-02315,Juegos de Mesa BrandF Modelo 46,Juguetes,Juegos de Mesa,BrandF,874.28,170,3.7
PROD-02316,Maquillaje BrandC Modelo 18,Belleza y Cuidado Personal,Maquillaje,BrandC,1212.19,46,4.5
PROD-02317,Decoración Essentials Modelo 89,Hogar y Cocina,Decoración,Essentials,894.77,247,4.6
PROD-02318,Limpieza BrandE Modelo 29,Automotriz,Limpieza,BrandE,1313.82,199,4.5
PROD-02319,Accesorios Auto BrandF Modelo 16,Automotriz,Accesorios Auto,BrandF,656.48,315,3.4
PROD-02320,Ciencia BrandA Modelo 41,Libros,Ciencia,BrandA,270.68,157,3.8
PROD-02321,Camping BrandC Modelo 42,Deportes,Camping,BrandC,1049.07,237,4.8
PROD-02322,Laptops BrandB Modelo 94,Electrónica,Laptops,BrandB,1490.5,39,3.8
PROD-02323,Running BrandE Modelo 78,Deportes,Running,BrandE,310.46,65,4.4
PROD-02324,Muñecas BrandC Modelo 59,Juguetes,Muñecas,BrandC,978.57,249,3.1
PROD-02325,Running BrandE Modelo 19,Deportes,Running,BrandE,382.84,83,3.9
PROD-02326,Audio BrandF Modelo 37,Electrónica,Audio,BrandF,1395.13,59,3.4
PROD-02327,Biografías EcoLine Modelo 57,Libros,Biografías,EcoLine,796.17,306,4.8
PROD-02328,Ficción BrandC Modelo 85,Libros,Ficción,BrandC,1049.81,88,4.0
PROD-02329,Running BrandF Modelo 47,Deportes,Running,BrandF,1474.58,321,4.9
PROD-02330,Accesorios Auto BrandF Modelo 30,Automotriz,Accesorios Auto,BrandF,83.87,317,4.0
PROD-02331,Herramientas BrandA Modelo 46,Automotriz,Herramientas,BrandA,370.38,177,4.5
PROD-02332,Teléfonos BrandC Modelo 15,Electrónica,Teléfonos,BrandC,310.31,327,3.9
PROD-02333,Electrodomésticos BrandA Modelo 25,Hogar y Cocina,Electrodomésticos,BrandA,1320.24,151,4.5
PROD-02334,Accesorios Auto BrandB Modelo 18,Automotriz,Accesorios Auto,BrandB,1103.99,213,4.4
PROD-02335,Skincare BrandE Modelo 30,Belleza y Cuidado Personal,Skincare,BrandE,1419.17,252,3.4
PROD-02336,No Ficción BrandC Modelo 82,Libros,No Ficción,BrandC,859.96,232,3.7
PROD-02337,Camisas BrandF Modelo 66,Ropa y Calzado,Camisas,BrandF,205.66,244,3.0
PROD-02338,Running BrandF Modelo 15,Deportes,Running,BrandF,1141.09,306,4.7
PROD-02339,Juegos de Mesa BrandF Modelo 25,Juguetes,Juegos de Mesa,BrandF,1115.79,320,4.0
PROD-02340,Herramientas Essentials Modelo 71,Automotriz,Herramientas,Essentials,240.89,295,3.8
PROD-02341,Audio BrandC Modelo 93,Electrónica,Audio,BrandC,329.31,289,3.5
PROD-02342,Accesorios Auto Essentials Modelo 52,Automotriz,Accesorios Auto,Essentials,491.95,19,4.5
PROD-02343,Accesorios Auto BrandB Modelo 53,Automotriz,Accesorios Auto,BrandB,586.19,231,4.2
PROD-02344,Teléfonos BrandF Modelo 68,Electrónica,Teléfonos,BrandF,50.02,37,3.2
PROD-02345,Ciencia BrandE Modelo 99,Libros,Ciencia,BrandE,1422.16,86,4.9
PROD-02346,Ciencia PremiumCorp Modelo 70,Libros,Ciencia,PremiumCorp,1074.09,10,3.4
PROD-02347,Teléfonos EcoLine Modelo 40,Electrónica,Teléfonos,EcoLine,1231.79,250,3.7
PROD-02348,Zapatos PremiumCorp Modelo 48,Ropa y Calzado,Zapatos,PremiumCorp,52.22,220,3.6
PROD-02349,Accesorios BrandC Modelo 56,Electrónica,Accesorios,BrandC,456.68,306,3.8
PROD-02350,Utensilios BrandC Modelo 22,Hogar y Cocina,Utensilios,BrandC,324.34,214,4.7
PROD-02351,Skincare EcoLine Modelo 70,Belleza y Cuidado Personal,Skincare,EcoLine,1257.84,164,4.8
PROD-02352,Decoración BrandE Modelo 20,Hogar y Cocina,Decoración,BrandE,1499.56,41,4.6
PROD-02353,Camisas BrandB Modelo 97,Ropa y Calzado,Camisas,BrandB,1349.14,191,3.1
PROD-02354,Gimnasio BrandA Modelo 85,Deportes,Gimnasio,BrandA,1331.72,27,3.9
PROD-02355,Camping EcoLine Modelo 74,Deportes,Camping,EcoLine,347.55,232,3.0
PROD-02356,Bloques Essentials Modelo 97,Juguetes,Bloques,Essentials,1212.52,277,3.7
PROD-02357,Gimnasio PremiumCorp Modelo 57,Deportes,Gimnasio,PremiumCorp,156.43,76,4.2
PROD-02358,Limpieza BrandA Modelo 30,Automotriz,Limpieza,BrandA,742.97,10,5.0
PROD-02359,Decoración PremiumCorp Modelo 86,Hogar y Cocina,Decoración,PremiumCorp,1318.93,248,4.4
PROD-02360,Zapatos Essentials Modelo 51,Ropa y Calzado,Zapatos,Essentials,1315.24,78,4.9
PROD-02361,Zapatos BrandC Modelo 86,Ropa y Calzado,Zapatos,BrandC,860.32,307,3.3
PROD-02362,Laptops BrandE Modelo 73,Electrónica,Laptops,BrandE,78.84,129,3.7
PROD-02363,Audio BrandA Modelo 99,Electrónica,Audio,BrandA,770.04,273,3.2
PROD-02364,Zapatos PremiumCorp Modelo 89,Ropa y Calzado,Zapatos,PremiumCorp,1057.14,283,3.4
PROD-02365,Audio BrandB Modelo 57,Electrónica,Audio,BrandB,407.8,28,4.9
PROD-02366,Muebles BrandB Modelo 85,Hogar y Cocina,Muebles,BrandB,1006.9,275,5.0
PROD-02367,Decoración BrandD Modelo 34,Hogar y Cocina,Decoración,BrandD,1315.15,279,4.7
PROD-02368,Decoración PremiumCorp Modelo 51,Hogar y Cocina,Decoración,PremiumCorp,1302.16,66,4.5
PROD-02369,Gimnasio BrandD Modelo 84,Deportes,Gimnasio,BrandD,68.87,107,4.5
PROD-02370,Teléfonos BrandD Modelo 11,Electrónica,Teléfonos,BrandD,29.77,134,4.4
PROD-02371,Biografías Essentials Modelo 42,Libros,Biografías,Essentials,11.36,279,4.6
PROD-02372,Electrodomésticos BrandB Modelo 99,Hogar y Cocina,Electrodomésticos,BrandB,1217.87,159,3.8
PROD-02373,Camisas BrandD Modelo 22,Ropa y Calzado,Camisas,BrandD,555.14,68,3.4
PROD-02374,Ciclismo BrandD Modelo 58,Deportes,Ciclismo,BrandD,831.44,225,3.9
PROD-02375,Chaqueta BrandE Modelo 52,Ropa y Calzado,Chaqueta,BrandE,662.42,275,4.4
PROD-02376,Biografías BrandA Modelo 37,Libros,Biografías,BrandA,7.4,27,3.7
PROD-02377,Perfumes BrandC Modelo 33,Belleza y Cuidado Personal,Perfumes,BrandC,701.06,23,5.0
PROD-02378,Ficción EcoLine Modelo 48,Libros,Ficción,EcoLine,357.35,202,4.1
PROD-02379,Camping EcoLine Modelo 50,Deportes,Camping,EcoLine,772.52,290,5.0
PROD-02380,Cabello BrandB Modelo 32,Belleza y Cuidado Personal,Cabello,BrandB,239.83,281,3.8
PROD-02381,Juegos de Mesa BrandA Modelo 22,Juguetes,Juegos de Mesa,BrandA,1492.76,170,4.0
PROD-02382,Zapatos BrandF Modelo 45,Ropa y Calzado,Zapatos,BrandF,540.17,146,3.9
PROD-02383,Teléfonos BrandF Modelo 35,Electrónica,Teléfonos,BrandF,461.58,167,4.9
PROD-02384,Teléfonos BrandF Modelo 96,Electrónica,Teléfonos,BrandF,526.72,249,4.9
PROD-02385,Juegos de Mesa BrandE Modelo 93,Juguetes,Juegos de Mesa,BrandE,28.95,146,4.0
PROD-02386,Camping BrandB Modelo 19,Deportes,Camping,BrandB,1222.09,336,3.3
PROD-02387,Camisas BrandF Modelo 69,Ropa y Calzado,Camisas,BrandF,548.39,44,3.4
PROD-02388,Camisas BrandA Modelo 60,Ropa y Calzado,Camisas,BrandA,461.08,128,4.7
PROD-02389,Ciclismo BrandA Modelo 44,Deportes,Ciclismo,BrandA,316.8,93,3.4
PROD-02390,Electrodomésticos PremiumCorp Modelo 67,Hogar y Cocina,Electrodomésticos,PremiumCorp,614.76,57,4.1
PROD-02391,Muñecas BrandB Modelo 27,Juguetes,Muñecas,BrandB,1068.35,326,4.5
PROD-02392,Zapatos PremiumCorp Modelo 91,Ropa y Calzado,Zapatos,PremiumCorp,610.95,77,4.3
PROD-02393,Accesorios Auto BrandF Modelo 24,Automotriz,Accesorios Auto,BrandF,935.76,24,3.4
PROD-02394,Ciencia BrandA Modelo 33,Libros,Ciencia,BrandA,530.17,8,4.3
PROD-02395,Maquillaje BrandD Modelo 22,Belleza y Cuidado Personal,Maquillaje,BrandD,235.05,66,4.8
PROD-02396,Audio Essentials Modelo 84,Electrónica,Audio,Essentials,1375.35,343,4.7
PROD-02397,Accesorios BrandD Modelo 52,Electrónica,Accesorios,BrandD,693.2,12,3.5
PROD-02398,Herramientas BrandC Modelo 41,Automotriz,Herramientas,BrandC,1157.38,198,3.3
PROD-02399,Muñecas BrandB Modelo 14,Juguetes,Muñecas,BrandB,572.22,205,3.2
PROD-02400,Utensilios BrandF Modelo 56,Hogar y Cocina,Utensilios,BrandF,1269.4,291,3.4
PROD-02401,Limpieza EcoLine Modelo 26,Automotriz,Limpieza,EcoLine,599.22,284,3.9
PROD-02402,Pantalones Essentials Modelo 53,Ropa y Calzado,Pantalones,Essentials,695.14,46,3.3
PROD-02403,Accesorios BrandD Modelo 70,Electrónica,Accesorios,BrandD,1040.23,293,4.0
PROD-02404,Zapatos BrandB Modelo 24,Ropa y Calzado,Zapatos,BrandB,1310.12,148,3.7
PROD-02405,Camping BrandB Modelo 92,Deportes,Camping,BrandB,50.75,274,3.4
PROD-02406,Ficción BrandD Modelo 80,Libros,Ficción,BrandD,588.37,283,3.4
PROD-02407,Skincare PremiumCorp Modelo 14,Belleza y Cuidado Personal,Skincare,PremiumCorp,282.36,213,3.4
PROD-02408,Ciencia PremiumCorp Modelo 23,Libros,Ciencia,PremiumCorp,25.8,194,3.5
PROD-02409,Gimnasio PremiumCorp Modelo 62,Deportes,Gimnasio,PremiumCorp,321.98,62,4.7
PROD-02410,Chaqueta BrandA Modelo 36,Ropa y Calzado,Chaqueta,BrandA,133.93,39,4.7
PROD-02411,Accesorios Auto Essentials Modelo 15,Automotriz,Accesorios Auto,Essentials,236.75,329,4.2
PROD-02412,Bloques BrandC Modelo 31,Juguetes,Bloques,BrandC,381.11,344,3.1
PROD-02413,Bloques BrandA Modelo 77,Juguetes,Bloques,BrandA,1265.85,188,3.1
PROD-02414,Perfumes BrandC Modelo 85,Belleza y Cuidado Personal,Perfumes,BrandC,1497.25,18,3.1
PROD-02415,Utensilios BrandC Modelo 38,Hogar y Cocina,Utensilios,BrandC,500.97,83,3.6
PROD-02416,Skincare BrandE Modelo 13,Belleza y Cuidado Personal,Skincare,BrandE,1192.42,143,3.3
PROD-02417,Ciclismo BrandE Modelo 16,Deportes,Ciclismo,BrandE,1291.74,221,3.8
PROD-02418,Limpieza BrandB Modelo 42,Automotriz,Limpieza,BrandB,159.24,254,4.1
PROD-02419,Zapatos Essentials Modelo 37,Ropa y Calzado,Zapatos,Essentials,693.52,74,3.9
PROD-02420,Juegos de Mesa BrandC Modelo 32,Juguetes,Juegos de Mesa,BrandC,1186.09,241,4.7
PROD-02421,Decoración BrandD Modelo 24,Hogar y Cocina,Decoración,BrandD,976.78,290,3.4
PROD-02422,Biografías BrandD Modelo 58,Libros,Biografías,BrandD,32.4,252,3.1
PROD-02423,Laptops BrandE Modelo 40,Electrónica,Laptops,BrandE,627.33,212,4.4
PROD-02424,Maquillaje BrandA Modelo 25,Belleza y Cuidado Personal,Maquillaje,BrandA,1005.1,108,3.5
PROD-02425,Muñecas BrandC Modelo 92,Juguetes,Muñecas,BrandC,590.28,107,4.1
PROD-02426,Chaqueta EcoLine Modelo 13,Ropa y Calzado,Chaqueta,EcoLine,1375.09,61,3.6
PROD-02427,Utensilios BrandE Modelo 88,Hogar y Cocina,Utensilios,BrandE,334.78,33,3.3
PROD-02428,Utensilios BrandD Modelo 92,Hogar y Cocina,Utensilios,BrandD,714.47,338,4.0
PROD-02429,Chaqueta BrandD Modelo 38,Ropa y Calzado,Chaqueta,BrandD,1028.74,331,3.9
PROD-02430,Ciclismo BrandC Modelo 70,Deportes,Ciclismo,BrandC,346.6,1,4.1
PROD-02431,Radiocontrol PremiumCorp Modelo 38,Juguetes,Radiocontrol,PremiumCorp,1097.33,254,5.0
PROD-02432,Camisas BrandC Modelo 30,Ropa y Calzado,Camisas,BrandC,778.81,79,4.7
PROD-02433,No Ficción BrandB Modelo 39,Libros,No Ficción,BrandB,1359.69,28,3.1
PROD-02434,Juegos de Mesa BrandB Modelo 30,Juguetes,Juegos de Mesa,BrandB,56.29,158,4.4
PROD-02435,Perfumes BrandB Modelo 91,Belleza y Cuidado Personal,Perfumes,BrandB,219.93,233,4.2
PROD-02436,Accesorios Essentials Modelo 72,Electrónica,Accesorios,Essentials,1276.99,318,4.2
PROD-02437,Electrodomésticos BrandD Modelo 86,Hogar y Cocina,Electrodomésticos,BrandD,612.46,304,4.9
PROD-02438,Audio BrandE Modelo 14,Electrónica,Audio,BrandE,1121.67,152,4.5
PROD-02439,Bloques BrandE Modelo 86,Juguetes,Bloques,BrandE,1196.45,260,4.0
PROD-02440,Zapatos EcoLine Modelo 45,Ropa y Calzado,Zapatos,EcoLine,759.51,304,3.6
PROD-02441,Ciclismo PremiumCorp Modelo 99,Deportes,Ciclismo,PremiumCorp,122.63,131,3.7
PROD-02442,Perfumes BrandC Modelo 23,Belleza y Cuidado Personal,Perfumes,BrandC,393.29,252,3.9
PROD-02443,Pantalones BrandD Modelo 52,Ropa y Calzado,Pantalones,BrandD,1473.62,101,4.3
PROD-02444,Utensilios BrandE Modelo 46,Hogar y Cocina,Utensilios,BrandE,492.79,7,4.3
PROD-02445,Skincare EcoLine Modelo 12,Belleza y Cuidado Personal,Skincare,EcoLine,1323.79,280,3.3
PROD-02446,No Ficción BrandC Modelo 62,Libros,No Ficción,BrandC,165.92,75,4.9
PROD-02447,Limpieza BrandD Modelo 77,Automotriz,Limpieza,BrandD,1455.08,199,3.7
PROD-02448,Laptops BrandD Modelo 99,Electrónica,Laptops,BrandD,1253.39,203,4.6
PROD-02449,Ciclismo BrandB Modelo 30,Deportes,Ciclismo,BrandB,1124.18,220,3.3
PROD-02450,Chaqueta Essentials Modelo 67,Ropa y Calzado,Chaqueta,Essentials,380.49,90,3.7
PROD-02451,Muñecas BrandA Modelo 33,Juguetes,Muñecas,BrandA,335.74,244,3.5
PROD-02452,Limpieza BrandC Modelo 81,Automotriz,Limpieza,BrandC,775.31,181,4.9
PROD-02453,Running PremiumCorp Modelo 55,Deportes,Running,PremiumCorp,1308.59,165,3.9
PROD-02454,Teléfonos PremiumCorp Modelo 59,Electrónica,Teléfonos,PremiumCorp,1495.54,274,4.9
PROD-02455,Skincare BrandE Modelo 66,Belleza y Cuidado Personal,Skincare,BrandE,161.26,66,4.9
PROD-02456,Accesorios Auto BrandF Modelo 59,Automotriz,Accesorios Auto,BrandF,1310.23,231,4.1
PROD-02457,Perfumes BrandF Modelo 81,Belleza y Cuidado Personal,Perfumes,BrandF,1181.38,148,3.5
PROD-02458,Audio Essentials Modelo 10,Electrónica,Audio,Essentials,1051.64,67,4.7
PROD-02459,Gimnasio PremiumCorp Modelo 38,Deportes,Gimnasio,PremiumCorp,1045.61,51,3.6
PROD-02460,Accesorios Auto BrandE Modelo 27,Automotriz,Accesorios Auto,BrandE,1220.7,136,3.8
PROD-02461,Utensilios PremiumCorp Modelo 90,Hogar y Cocina,Utensilios,PremiumCorp,1108.82,258,4.2
PROD-02462,Accesorios Auto BrandB Modelo 85,Automotriz,Accesorios Auto,BrandB,1090.38,80,3.7
PROD-02463,No Ficción BrandA Modelo 30,Libros,No Ficción,BrandA,266.3,129,4.2
PROD-02464,Muñecas BrandD Modelo 52,Juguetes,Muñecas,BrandD,1302.24,162,3.2
PROD-02465,Chaqueta PremiumCorp Modelo 85,Ropa y Calzado,Chaqueta,PremiumCorp,1392.44,196,4.1
PROD-02466,No Ficción EcoLine Modelo 67,Libros,No Ficción,EcoLine,1060.6,174,3.4
PROD-02467,Accesorios Auto BrandC Modelo 77,Automotriz,Accesorios Auto,BrandC,765.67,117,4.3
PROD-02468,Chaqueta BrandD Modelo 64,Ropa y Calzado,Chaqueta,BrandD,1198.61,27,3.6
PROD-02469,Muñecas Essentials Modelo 97,Juguetes,Muñecas,Essentials,280.13,155,3.8
PROD-02470,Muebles BrandF Modelo 44,Hogar y Cocina,Muebles,BrandF,713.47,216,3.5
PROD-02471,Zapatos BrandC Modelo 60,Ropa y Calzado,Zapatos,BrandC,1118.47,274,3.3
PROD-02472,Utensilios Essentials Modelo 63,Hogar y Cocina,Utensilios,Essentials,1029.09,216,4.0
PROD-02473,Camping BrandC Modelo 22,Deportes,Camping,BrandC,828.8,171,3.3
PROD-02474,Accesorios BrandA Modelo 79,Electrónica,Accesorios,BrandA,29.97,338,3.0
PROD-02475,Accesorios EcoLine Modelo 21,Electrónica,Accesorios,EcoLine,1401.26,261,3.9
PROD-02476,Ciclismo BrandA Modelo 81,Deportes,Ciclismo,BrandA,426.36,255,4.7
PROD-02477,Radiocontrol BrandD Modelo 76,Juguetes,Radiocontrol,BrandD,992.92,311,3.7
PROD-02478,Radiocontrol BrandB Modelo 64,Juguetes,Radiocontrol,BrandB,743.73,7,4.2
PROD-02479,Teléfonos PremiumCorp Modelo 13,Electrónica,Teléfonos,PremiumCorp,1334.46,188,3.5
PROD-02480,Muebles BrandA Modelo 17,Hogar y Cocina,Muebles,BrandA,23.8,201,4.3
PROD-02481,Utensilios BrandC Modelo 14,Hogar y Cocina,Utensilios,BrandC,142.09,26,3.3
PROD-02482,Ciencia BrandB Modelo 10,Libros,Ciencia,BrandB,178.71,161,4.3
PROD-02483,Ciclismo EcoLine Modelo 71,Deportes,Ciclismo,EcoLine,422.86,41,4.0
PROD-02484,Ficción Essentials Modelo 50,Libros,Ficción,Essentials,131.55,207,3.9
PROD-02485,Muñecas BrandA Modelo 23,Juguetes,Muñecas,BrandA,665.11,340,4.0
PROD-02486,Running Essentials Modelo 88,Deportes,Running,Essentials,622.48,271,4.4
PROD-02487,Laptops BrandE Modelo 65,Electrónica,Laptops,BrandE,945.6,102,3.9
PROD-02488,Chaqueta BrandE Modelo 54,Ropa y Calzado,Chaqueta,BrandE,956.55,286,3.8
PROD-02489,Muebles BrandC Modelo 50,Hogar y Cocina,Muebles,BrandC,1161.98,270,4.8
PROD-02490,Electrodomésticos BrandD Modelo 23,Hogar y Cocina,Electrodomésticos,BrandD,950.7,300,3.2
PROD-02491,Muebles BrandB Modelo 16,Hogar y Cocina,Muebles,BrandB,521.92,268,4.5
PROD-02492,Perfumes BrandC Modelo 34,Belleza y Cuidado Personal,Perfumes,BrandC,1473.68,28,3.4
PROD-02493,Limpieza EcoLine Modelo 77,Automotriz,Limpieza,EcoLine,191.69,110,3.3
PROD-02494,Juegos de Mesa EcoLine Modelo 86,Juguetes,Juegos de Mesa,EcoLine,1436.61,298,4.5
PROD-02495,Bloques BrandC Modelo 89,Juguetes,Bloques,BrandC,1306.85,60,4.9
PROD-02496,Audio BrandD Modelo 85,Electrónica,Audio,BrandD,282.41,243,3.1
PROD-02497,Muñecas BrandD Modelo 23,Juguetes,Muñecas,BrandD,176.4,74,3.4
PROD-02498,Herramientas BrandA Modelo 29,Automotriz,Herramientas,BrandA,924.94,132,4.1
PROD-02499,Accesorios BrandC Modelo 27,Electrónica,Accesorios,BrandC,938.33,255,4.2
PROD-02500,Ciclismo PremiumCorp Modelo 81,Deportes,Ciclismo,PremiumCorp,994.41,84,4.8
PROD-02501,Audio BrandE Modelo 91,Electrónica,Audio,BrandE,279.39,84,4.6
PROD-02502,Radiocontrol BrandC Modelo 75,Juguetes,Radiocontrol,BrandC,1234.46,208,4.7
PROD-02503,Skincare BrandE Modelo 83,Belleza y Cuidado Personal,Skincare,BrandE,1358.06,105,3.4
PROD-02504,Teléfonos BrandD Modelo 44,Electrónica,Teléfonos,BrandD,227.07,133,4.9
PROD-02505,Muebles EcoLine Modelo 93,Hogar y Cocina,Muebles,EcoLine,1177.05,129,3.6
PROD-02506,Laptops Essentials Modelo 11,Electrónica,Laptops,Essentials,999.09,24,3.3
PROD-02507,Zapatos BrandA Modelo 13,Ropa y Calzado,Zapatos,BrandA,1015.32,240,3.2
PROD-02508,Ficción BrandE Modelo 10,Libros,Ficción,BrandE,956.76,190,3.1
PROD-02509,Herramientas PremiumCorp Modelo 94,Automotriz,Herramientas,PremiumCorp,873.65,323,3.7
PROD-02510,Electrodomésticos PremiumCorp Modelo 97,Hogar y Cocina,Electrodomésticos,PremiumCorp,1042.93,294,3.1
PROD-02511,Audio Essentials Modelo 41,Electrónica,Audio,Essentials,1303.51,228,3.6
PROD-02512,Radiocontrol BrandD Modelo 97,Juguetes,Radiocontrol,BrandD,993.58,233,3.3
PROD-02513,No Ficción PremiumCorp Modelo 14,Libros,No Ficción,PremiumCorp,94.34,201,3.4
PROD-02514,Running BrandF Modelo 78,Deportes,Running,BrandF,1359.64,76,4.5
PROD-02515,Zapatos BrandF Modelo 72,Ropa y Calzado,Zapatos,BrandF,1011.04,56,3.8
PROD-02516,Cabello BrandC Modelo 25,Belleza y Cuidado Personal,Cabello,BrandC,1033.25,89,3.1
PROD-02517,Limpieza BrandC Modelo 55,Automotriz,Limpieza,BrandC,1202.59,127,4.5
PROD-02518,Muñecas EcoLine Modelo 80,Juguetes,Muñecas,EcoLine,1224.21,26,3.5
PROD-02519,Biografías BrandA Modelo 79,Libros,Biografías,BrandA,1061.27,263,4.8
PROD-02520,Electrodomésticos BrandD Modelo 21,Hogar y Cocina,Electrodomésticos,BrandD,1235.12,70,3.4
PROD-02521,Pantalones PremiumCorp Modelo 90,Ropa y Calzado,Pantalones,PremiumCorp,1216.03,266,3.7
PROD-02522,Laptops PremiumCorp Modelo 98,Electrónica,Laptops,PremiumCorp,169.66,215,3.9
PROD-02523,Accesorios BrandC Modelo 37,Electrónica,Accesorios,BrandC,583.27,308,4.3
PROD-02524,Muñecas BrandC Modelo 41,Juguetes,Muñecas,BrandC,825.81,75,4.8
PROD-02525,Maquillaje BrandD Modelo 62,Belleza y Cuidado Personal,Maquillaje,BrandD,1204.14,184,4.0
PROD-02526,Muñecas BrandC Modelo 84,Juguetes,Muñecas,BrandC,766.85,197,4.6
PROD-02527,Limpieza BrandF Modelo 84,Automotriz,Limpieza,BrandF,1314.35,348,5.0
PROD-02528,Zapatos BrandD Modelo 92,Ropa y Calzado,Zapatos,BrandD,738.25,239,4.7
PROD-02529,Chaqueta EcoLine Modelo 88,Ropa y Calzado,Chaqueta,EcoLine,707.72,171,4.2
PROD-02530,Chaqueta BrandA Modelo 24,Ropa y Calzado,Chaqueta,BrandA,1456.54,36,3.8
PROD-02531,Utensilios BrandE Modelo 69,Hogar y Cocina,Utensilios,BrandE,1338.58,183,4.2
PROD-02532,Limpieza EcoLine Modelo 65,Automotriz,Limpieza,EcoLine,819.57,200,4.0
PROD-02533,Accesorios Auto BrandC Modelo 22,Automotriz,Accesorios Auto,BrandC,824.08,139,4.3
PROD-02534,Gimnasio BrandA Modelo 27,Deportes,Gimnasio,BrandA,1081.07,306,5.0
PROD-02535,Zapatos BrandC Modelo 84,Ropa y Calzado,Zapatos,BrandC,363.25,81,4.6
PROD-02536,Camisas Essentials Modelo 75,Ropa y Calzado,Camisas,Essentials,1395.56,201,3.4
PROD-02537,Running PremiumCorp Modelo 36,Deportes,Running,PremiumCorp,568.34,293,3.2
PROD-02538,Chaqueta Essentials Modelo 38,Ropa y Calzado,Chaqueta,Essentials,468.54,336,3.6
PROD-02539,Utensilios BrandE Modelo 90,Hogar y Cocina,Utensilios,BrandE,675.03,256,3.2
PROD-02540,Muñecas BrandE Modelo 26,Juguetes,Muñecas,BrandE,404.66,177,4.9
PROD-02541,Accesorios BrandE Modelo 96,Electrónica,Accesorios,BrandE,914.86,17,3.5
PROD-02542,Gimnasio Essentials Modelo 81,Deportes,Gimnasio,Essentials,1448.21,80,4.4
PROD-02543,Perfumes BrandD Modelo 18,Belleza y Cuidado Personal,Perfumes,BrandD,997.11,6,4.7
PROD-02544,Herramientas BrandB Modelo 49,Automotriz,Herramientas,BrandB,961.18,134,3.4
PROD-02545,Electrodomésticos BrandC Modelo 79,Hogar y Cocina,Electrodomésticos,BrandC,1270.52,255,4.0
PROD-02546,Radiocontrol BrandF Modelo 49,Juguetes,Radiocontrol,BrandF,543.25,277,3.1
PROD-02547,Pantalones Essentials Modelo 62,Ropa y Calzado,Pantalones,Essentials,1207.6,10,4.2
PROD-02548,No Ficción BrandD Modelo 60,Libros,No Ficción,BrandD,960.77,173,3.4
PROD-02549,Herramientas BrandD Modelo 92,Automotriz,Herramientas,BrandD,713.12,338,4.3
PROD-02550,No Ficción BrandA Modelo 51,Libros,No Ficción,BrandA,1057.1,275,3.3
PROD-02551,Limpieza Essentials Modelo 33,Automotriz,Limpieza,Essentials,55.63,236,4.1
PROD-02552,Camisas BrandB Modelo 92,Ropa y Calzado,Camisas,BrandB,203.96,59,4.9
PROD-02553,Audio BrandA Modelo 41,Electrónica,Audio,BrandA,662.3,258,3.2
PROD-02554,Zapatos BrandD Modelo 31,Ropa y Calzado,Zapatos,BrandD,1497.53,219,3.7
PROD-02555,Cabello BrandB Modelo 75,Belleza y Cuidado Personal,Cabello,BrandB,1130.81,36,4.7
PROD-02556,Juegos de Mesa BrandA Modelo 31,Juguetes,Juegos de Mesa,BrandA,95.13,114,3.0
PROD-02557,Audio PremiumCorp Modelo 97,Electrónica,Audio,PremiumCorp,1323.89,170,3.5
PROD-02558,Radiocontrol BrandA Modelo 12,Juguetes,Radiocontrol,BrandA,1489.98,178,4.6
PROD-02559,Biografías Essentials Modelo 84,Libros,Biografías,Essentials,1293.02,235,3.0
PROD-02560,Chaqueta PremiumCorp Modelo 83,Ropa y Calzado,Chaqueta,PremiumCorp,755.99,294,3.9
PROD-02561,Skincare BrandD Modelo 56,Belleza y Cuidado Personal,Skincare,BrandD,988.87,233,4.1
PROD-02562,Perfumes BrandA Modelo 88,Belleza y Cuidado Personal,Perfumes,BrandA,916.94,88,3.7
PROD-02563,Decoración Essentials Modelo 12,Hogar y Cocina,Decoración,Essentials,536.9,324,3.6
PROD-02564,Skincare PremiumCorp Modelo 61,Belleza y Cuidado Personal,Skincare,PremiumCorp,471.59,279,3.1
PROD-02565,Running BrandC Modelo 99,Deportes,Running,BrandC,942.4,239,4.2
PROD-02566,Skincare BrandF Modelo 54,Belleza y Cuidado Personal,Skincare,BrandF,428.75,94,4.0
PROD-02567,Zapatos BrandC Modelo 40,Ropa y Calzado,Zapatos,BrandC,412.06,88,4.5
PROD-02568,Biografías BrandA Modelo 65,Libros,Biografías,BrandA,1000.84,176,3.0
PROD-02569,Skincare BrandA Modelo 68,Belleza y Cuidado Personal,Skincare,BrandA,835.15,90,4.1
PROD-02570,Ciclismo BrandC Modelo 32,Deportes,Ciclismo,BrandC,689.78,74,4.9
PROD-02571,Laptops EcoLine Modelo 73,Electrónica,Laptops,EcoLine,6.86,242,4.9
PROD-02572,Utensilios BrandE Modelo 82,Hogar y Cocina,Utensilios,BrandE,798.36,45,4.3
PROD-02573,Accesorios PremiumCorp Modelo 95,Electrónica,Accesorios,PremiumCorp,805.75,162,4.5
PROD-02574,Ciclismo BrandB Modelo 23,Deportes,Ciclismo,BrandB,980.02,14,3.1
PROD-02575,Running BrandF Modelo 97,Deportes,Running,BrandF,425.55,264,4.0
PROD-02576,Running BrandA Modelo 49,Deportes,Running,BrandA,565.32,87,3.3
PROD-02577,Accesorios Auto BrandE Modelo 14,Automotriz,Accesorios Auto,BrandE,1257.91,87,3.0
PROD-02578,Cabello Essentials Modelo 78,Belleza y Cuidado Personal,Cabello,Essentials,1222.3,183,3.2
PROD-02579,Herramientas BrandC Modelo 27,Automotriz,Herramientas,BrandC,1260.84,25,4.0
PROD-02580,Biografías Essentials Modelo 82,Libros,Biografías,Essentials,1192.51,0,4.4
PROD-02581,Pantalones BrandC Modelo 63,Ropa y Calzado,Pantalones,BrandC,758.73,298,4.5
PROD-02582,Gimnasio Essentials Modelo 83,Deportes,Gimnasio,Essentials,364.1,41,4.6
PROD-02583,Camisas BrandF Modelo 93,Ropa y Calzado,Camisas,BrandF,921.82,122,4.9
PROD-02584,Laptops BrandF Modelo 93,Electrónica,Laptops,BrandF,1114.48,226,4.3
PROD-02585,Biografías BrandF Modelo 73,Libros,Biografías,BrandF,1021.66,176,3.6
PROD-02586,Muebles BrandC Modelo 73,Hogar y Cocina,Muebles,BrandC,1489.54,41,3.9
PROD-02587,Ciclismo BrandB Modelo 38,Deportes,Ciclismo,BrandB,555.16,291,3.4
PROD-02588,Zapatos BrandB Modelo 38,Ropa y Calzado,Zapatos,BrandB,1305.33,285,3.3
PROD-02589,Accesorios BrandA Modelo 27,Electrónica,Accesorios,BrandA,524.64,28,3.3
PROD-02590,No Ficción Essentials Modelo 24,Libros,No Ficción,Essentials,492.29,74,4.8
PROD-02591,Bloques BrandE Modelo 15,Juguetes,Bloques,BrandE,403.12,94,4.6
PROD-02592,Audio BrandD Modelo 73,Electrónica,Audio,BrandD,906.49,146,4.2
PROD-02593,Skincare BrandF Modelo 67,Belleza y Cuidado Personal,Skincare,BrandF,1360.03,128,3.2
PROD-02594,Camping BrandA Modelo 76,Deportes,Camping,BrandA,6.57,330,5.0
PROD-02595,Teléfonos BrandB Modelo 28,Electrónica,Teléfonos,BrandB,322.06,81,4.5
PROD-02596,Cabello PremiumCorp Modelo 83,Belleza y Cuidado Personal,Cabello,PremiumCorp,503.85,61,4.9
PROD-02597,Cabello Essentials Modelo 73,Belleza y Cuidado Personal,Cabello,Essentials,637.6,21,4.4
PROD-02598,Gimnasio BrandC Modelo 46,Deportes,Gimnasio,BrandC,744.3,85,3.4
PROD-02599,Teléfonos BrandE Modelo 55,Electrónica,Teléfonos,BrandE,977.41,80,4.4
PROD-02600,Ciencia BrandD Modelo 48,Libros,Ciencia,BrandD,998.3,112,4.7
PROD-02601,Accesorios Auto PremiumCorp Modelo 57,Automotriz,Accesorios Auto,PremiumCorp,1248.84,81,4.1
PROD-02602,Electrodomésticos BrandE Modelo 94,Hogar y Cocina,Electrodomésticos,BrandE,498.54,268,4.2
PROD-02603,Ciencia BrandD Modelo 67,Libros,Ciencia,BrandD,676.11,128,4.8
PROD-02604,Laptops BrandF Modelo 98,Electrónica,Laptops,BrandF,109.5,32,3.3
PROD-02605,No Ficción BrandD Modelo 73,Libros,No Ficción,BrandD,720.25,199,3.6
PROD-02606,Accesorios BrandC Modelo 78,Electrónica,Accesorios,BrandC,425.62,214,4.5
PROD-02607,Herramientas BrandC Modelo 72,Automotriz,Herramientas,BrandC,410.05,109,3.2
PROD-02608,Decoración BrandD Modelo 80,Hogar y Cocina,Decoración,BrandD,1360.96,104,4.8
PROD-02609,Muebles BrandF Modelo 79,Hogar y Cocina,Muebles,BrandF,1273.99,161,4.5
PROD-02610,Herramientas BrandB Modelo 16,Automotriz,Herramientas,BrandB,706.1,64,3.5
PROD-02611,Muñecas BrandD Modelo 53,Juguetes,Muñecas,BrandD,1201.51,336,4.5
PROD-02612,Ficción Essentials Modelo 86,Libros,Ficción,Essentials,20.35,100,4.2
PROD-02613,Chaqueta BrandA Modelo 51,Ropa y Calzado,Chaqueta,BrandA,1301.94,330,4.1
PROD-02614,Ficción BrandD Modelo 12,Libros,Ficción,BrandD,43.85,140,3.3
PROD-02615,Juegos de Mesa BrandB Modelo 12,Juguetes,Juegos de Mesa,BrandB,975.99,275,4.2
PROD-02616,Perfumes BrandE Modelo 98,Belleza y Cuidado Personal,Perfumes,BrandE,83.09,16,4.8
PROD-02617,Maquillaje BrandF Modelo 10,Belleza y Cuidado Personal,Maquillaje,BrandF,1366.49,27,3.2
PROD-02618,Ciclismo Essentials Modelo 27,Deportes,Ciclismo,Essentials,738.09,176,3.8
PROD-02619,Muebles EcoLine Modelo 98,Hogar y Cocina,Muebles,EcoLine,1166.56,109,3.7
PROD-02620,Ciclismo BrandA Modelo 87,Deportes,Ciclismo,BrandA,218.02,245,4.8
PROD-02621,Accesorios EcoLine Modelo 86,Electrónica,Accesorios,EcoLine,1257.73,98,4.7
PROD-02622,Running BrandF Modelo 92,Deportes,Running,BrandF,275.55,155,4.1
PROD-02623,Audio BrandD Modelo 50,Electrónica,Audio,BrandD,399.58,59,3.0
PROD-02624,Teléfonos BrandF Modelo 75,Electrónica,Teléfonos,BrandF,1025.14,336,3.3
PROD-02625,Muñecas BrandA Modelo 95,Juguetes,Muñecas,BrandA,277.77,232,3.4
PROD-02626,Accesorios Auto BrandB Modelo 90,Automotriz,Accesorios Auto,BrandB,169.78,5,4.7
PROD-02627,Muebles BrandE Modelo 88,Hogar y Cocina,Muebles,BrandE,188.54,284,4.3
PROD-02628,Zapatos EcoLine Modelo 56,Ropa y Calzado,Zapatos,EcoLine,1011.44,287,4.4
PROD-02629,Laptops BrandB Modelo 78,Electrónica,Laptops,BrandB,987.19,167,3.9
PROD-02630,Gimnasio BrandF Modelo 42,Deportes,Gimnasio,BrandF,490.17,308,3.5
PROD-02631,No Ficción Essentials Modelo 63,Libros,No Ficción,Essentials,141.07,64,3.8
PROD-02632,Herramientas PremiumCorp Modelo 17,Automotriz,Herramientas,PremiumCorp,820.37,110,3.8
PROD-02633,Accesorios BrandC Modelo 16,Electrónica,Accesorios,BrandC,1102.09,53,4.9
PROD-02634,Radiocontrol BrandD Modelo 61,Juguetes,Radiocontrol,BrandD,668.14,35,4.0
PROD-02635,Bloques BrandA Modelo 35,Juguetes,Bloques,BrandA,22.34,168,4.9
PROD-02636,Accesorios EcoLine Modelo 98,Electrónica,Accesorios,EcoLine,1276.78,57,3.8
PROD-02637,Utensilios BrandE Modelo 67,Hogar y Cocina,Utensilios,BrandE,1250.04,53,4.2
PROD-02638,Cabello PremiumCorp Modelo 73,Belleza y Cuidado Personal,Cabello,PremiumCorp,962.92,53,4.2
PROD-02639,Herramientas EcoLine Modelo 82,Automotriz,Herramientas,EcoLine,591.54,131,4.4
PROD-02640,Utensilios BrandD Modelo 45,Hogar y Cocina,Utensilios,BrandD,520.76,340,3.2
PROD-02641,Utensilios BrandC Modelo 51,Hogar y Cocina,Utensilios,BrandC,129.31,137,4.9
PROD-02642,Teléfonos BrandB Modelo 79,Electrónica,Teléfonos,BrandB,231.64,133,3.3
PROD-02643,Camisas BrandC Modelo 87,Ropa y Calzado,Camisas,BrandC,1452.27,21,3.7
PROD-02644,Pantalones BrandA Modelo 73,Ropa y Calzado,Pantalones,BrandA,576.31,158,3.8
PROD-02645,Bloques Essentials Modelo 12,Juguetes,Bloques,Essentials,942.33,338,4.4
PROD-02646,Muñecas BrandB Modelo 81,Juguetes,Muñecas,BrandB,781.85,3,4.2
PROD-02647,Ciclismo BrandE Modelo 79,Deportes,Ciclismo,BrandE,1109.15,16,4.4
PROD-02648,Teléfonos PremiumCorp Modelo 38,Electrónica,Teléfonos,PremiumCorp,165.43,130,3.7
PROD-02649,Muebles BrandE Modelo 15,Hogar y Cocina,Muebles,BrandE,1081.52,332,4.9
PROD-02650,Gimnasio Essentials Modelo 45,Deportes,Gimnasio,Essentials,299.71,259,4.4
PROD-02651,Teléfonos EcoLine Modelo 54,Electrónica,Teléfonos,EcoLine,1321.67,84,3.4
PROD-02652,Ciencia BrandC Modelo 23,Libros,Ciencia,BrandC,1260.07,237,3.8
PROD-02653,Limpieza BrandE Modelo 52,Automotriz,Limpieza,BrandE,1356.09,330,4.7
PROD-02654,Limpieza BrandC Modelo 33,Automotriz,Limpieza,BrandC,242.25,78,4.0
PROD-02655,Decoración BrandA Modelo 74,Hogar y Cocina,Decoración,BrandA,1445.29,105,4.0
PROD-02656,Laptops EcoLine Modelo 23,Electrónica,Laptops,EcoLine,91.14,266,3.7
PROD-02657,Limpieza EcoLine Modelo 57,Automotriz,Limpieza,EcoLine,918.76,254,3.1
PROD-02658,Limpieza BrandA Modelo 87,Automotriz,Limpieza,BrandA,1319.81,57,4.2
PROD-02659,Teléfonos Essentials Modelo 91,Electrónica,Teléfonos,Essentials,581.78,256,3.2
PROD-02660,Accesorios Auto BrandC Modelo 55,Automotriz,Accesorios Auto,BrandC,1274.49,320,4.1
PROD-02661,Perfumes PremiumCorp Modelo 38,Belleza y Cuidado Personal,Perfumes,PremiumCorp,11.48,322,4.9
PROD-02662,Teléfonos BrandE Modelo 47,Electrónica,Teléfonos,BrandE,1267.2,88,4.7
PROD-02663,Accesorios Auto BrandE Modelo 30,Automotriz,Accesorios Auto,BrandE,1161.24,27,4.4
PROD-02664,Gimnasio PremiumCorp Modelo 49,Deportes,Gimnasio,PremiumCorp,815.95,104,3.8
PROD-02665,Zapatos BrandC Modelo 55,Ropa y Calzado,Zapatos,BrandC,1334.94,194,3.5
PROD-02666,Gimnasio BrandB Modelo 29,Deportes,Gimnasio,BrandB,728.8,295,4.6
PROD-02667,Camisas Essentials Modelo 24,Ropa y Calzado,Camisas,Essentials,1492.81,270,4.4
PROD-02668,Ciclismo BrandF Modelo 81,Deportes,Ciclismo,BrandF,1086.67,186,4.2
PROD-02669,Camisas BrandB Modelo 52,Ropa y Calzado,Camisas,BrandB,740.3,196,4.7
PROD-02670,Accesorios Auto PremiumCorp Modelo 55,Automotriz,Accesorios Auto,PremiumCorp,545.68,212,4.9
PROD-02671,Ficción BrandF Modelo 40,Libros,Ficción,BrandF,1149.12,58,4.4
PROD-02672,Laptops BrandB Modelo 96,Electrónica,Laptops,BrandB,1124.61,189,4.7
PROD-02673,Camisas EcoLine Modelo 46,Ropa y Calzado,Camisas,EcoLine,713.7,172,4.8
PROD-02674,Cabello EcoLine Modelo 39,Belleza y Cuidado Personal,Cabello,EcoLine,820.73,221,3.8
PROD-02675,Camping BrandC Modelo 39,Deportes,Camping,BrandC,519.58,195,4.6
PROD-02676,Juegos de Mesa BrandC Modelo 41,Juguetes,Juegos de Mesa,BrandC,1441.23,205,4.0
PROD-02677,Accesorios Auto BrandC Modelo 68,Automotriz,Accesorios Auto,BrandC,1203.27,168,3.1
PROD-02678,Muebles PremiumCorp Modelo 27,Hogar y Cocina,Muebles,PremiumCorp,276.94,3,4.1
PROD-02679,Muebles Essentials Modelo 41,Hogar y Cocina,Muebles,Essentials,914.4,90,4.0
PROD-02680,Cabello BrandB Modelo 26,Belleza y Cuidado Personal,Cabello,BrandB,76.78,189,4.8
PROD-02681,Juegos de Mesa BrandD Modelo 44,Juguetes,Juegos de Mesa,BrandD,183.56,245,4.2
PROD-02682,Teléfonos BrandA Modelo 35,Electrónica,Teléfonos,BrandA,94.11,171,4.0
PROD-02683,Pantalones BrandA Modelo 62,Ropa y Calzado,Pantalones,BrandA,275.08,149,3.9
PROD-02684,Accesorios BrandD Modelo 42,Electrónica,Accesorios,BrandD,1436.65,325,3.3
PROD-02685,Laptops Essentials Modelo 17,Electrónica,Laptops,Essentials,42.19,187,4.0
PROD-02686,Skincare PremiumCorp Modelo 81,Belleza y Cuidado Personal,Skincare,PremiumCorp,901.83,19,4.7
PROD-02687,Radiocontrol BrandA Modelo 36,Juguetes,Radiocontrol,BrandA,1297.88,310,4.2
PROD-02688,Accesorios BrandB Modelo 79,Electrónica,Accesorios,BrandB,616.02,177,4.0
PROD-02689,Camping Essentials Modelo 72,Deportes,Camping,Essentials,29.34,156,4.6
PROD-02690,Limpieza BrandE Modelo 63,Automotriz,Limpieza,BrandE,506.91,74,3.3
PROD-02691,Limpieza BrandC Modelo 20,Automotriz,Limpieza,BrandC,100.79,251,3.2
PROD-02692,Utensilios BrandB Modelo 63,Hogar y Cocina,Utensilios,BrandB,944.51,200,4.6
PROD-02693,Ciencia BrandF Modelo 56,Libros,Ciencia,BrandF,175.78,19,3.1
PROD-02694,Juegos de Mesa BrandE Modelo 66,Juguetes,Juegos de Mesa,BrandE,815.68,175,3.4
PROD-02695,Camping PremiumCorp Modelo 83,Deportes,Camping,PremiumCorp,183.97,65,4.2
PROD-02696,Teléfonos BrandA Modelo 96,Electrónica,Teléfonos,BrandA,760.91,114,3.1
PROD-02697,Decoración BrandA Modelo 82,Hogar y Cocina,Decoración,BrandA,248.77,283,3.5
PROD-02698,Bloques Essentials Modelo 55,Juguetes,Bloques,Essentials,455.56,226,3.2
PROD-02699,Perfumes BrandA Modelo 86,Belleza y Cuidado Personal,Perfumes,BrandA,808.57,249,4.9
PROD-02700,Electrodomésticos EcoLine Modelo 13,Hogar y Cocina,Electrodomésticos,EcoLine,1110.97,4,3.9
PROD-02701,Audio EcoLine Modelo 65,Electrónica,Audio,EcoLine,464.92,170,3.8
PROD-02702,Chaqueta BrandD Modelo 36,Ropa y Calzado,Chaqueta,BrandD,410.54,3,3.5
PROD-02703,No Ficción EcoLine Modelo 79,Libros,No Ficción,EcoLine,603.87,172,4.2
PROD-02704,Gimnasio EcoLine Modelo 53,Deportes,Gimnasio,EcoLine,1430.65,344,4.9
PROD-02705,Ficción BrandD Modelo 66,Libros,Ficción,BrandD,559.78,107,4.3
PROD-02706,Juegos de Mesa BrandB Modelo 92,Juguetes,Juegos de Mesa,BrandB,336.81,293,4.0
PROD-02707,Running BrandD Modelo 50,Deportes,Running,BrandD,619.07,237,4.8
PROD-02708,Cabello BrandE Modelo 48,Belleza y Cuidado Personal,Cabello,BrandE,943.39,211,3.7
PROD-02709,Ciclismo BrandB Modelo 91,Deportes,Ciclismo,BrandB,1215.99,158,3.8
PROD-02710,Ficción BrandF Modelo 87,Libros,Ficción,BrandF,86.32,141,3.3
PROD-02711,Juegos de Mesa PremiumCorp Modelo 90,Juguetes,Juegos de Mesa,PremiumCorp,889.11,181,4.6
PROD-02712,Limpieza BrandD Modelo 62,Automotriz,Limpieza,BrandD,1387.0,245,4.8
PROD-02713,Ficción BrandA Modelo 29,Libros,Ficción,BrandA,325.62,55,3.7
PROD-02714,No Ficción Essentials Modelo 54,Libros,No Ficción,Essentials,847.49,133,4.5
PROD-02715,Muebles BrandC Modelo 10,Hogar y Cocina,Muebles,BrandC,244.27,85,4.5
PROD-02716,Laptops PremiumCorp Modelo 43,Electrónica,Laptops,PremiumCorp,705.92,100,3.7
PROD-02717,Zapatos BrandA Modelo 69,Ropa y Calzado,Zapatos,BrandA,1490.94,306,4.0
PROD-02718,Skincare BrandC Modelo 99,Belleza y Cuidado Personal,Skincare,BrandC,835.0,208,3.1
PROD-02719,Maquillaje EcoLine Modelo 82,Belleza y Cuidado Personal,Maquillaje,EcoLine,545.1,211,5.0
PROD-02720,Perfumes BrandB Modelo 84,Belleza y Cuidado Personal,Perfumes,BrandB,1279.26,142,4.1
PROD-02721,Perfumes BrandD Modelo 88,Belleza y Cuidado Personal,Perfumes,BrandD,477.75,192,3.2
PROD-02722,Juegos de Mesa Essentials Modelo 91,Juguetes,Juegos de Mesa,Essentials,273.91,281,4.4
PROD-02723,Decoración BrandC Modelo 92,Hogar y Cocina,Decoración,BrandC,969.21,192,3.7
PROD-02724,Muñecas EcoLine Modelo 80,Juguetes,Muñecas,EcoLine,1135.47,293,3.3
PROD-02725,Perfumes EcoLine Modelo 30,Belleza y Cuidado Personal,Perfumes,EcoLine,597.05,20,4.7
PROD-02726,Bloques Essentials Modelo 57,Juguetes,Bloques,Essentials,983.9,160,3.7
PROD-02727,Limpieza BrandD Modelo 11,Automotriz,Limpieza,BrandD,862.82,218,3.7
PROD-02728,Muñecas EcoLine Modelo 38,Juguetes,Muñecas,EcoLine,1419.79,241,4.1
PROD-02729,Bloques BrandE Modelo 57,Juguetes,Bloques,BrandE,28.68,106,4.6
PROD-02730,Maquillaje Essentials Modelo 22,Belleza y Cuidado Personal,Maquillaje,Essentials,753.39,66,3.2
PROD-02731,Ficción BrandD Modelo 64,Libros,Ficción,BrandD,319.8,319,3.2
PROD-02732,Maquillaje BrandB Modelo 24,Belleza y Cuidado Personal,Maquillaje,BrandB,480.62,178,3.5
PROD-02733,Running Essentials Modelo 27,Deportes,Running,Essentials,1363.2,313,3.9
PROD-02734,Utensilios BrandE Modelo 42,Hogar y Cocina,Utensilios,BrandE,992.23,69,3.6
PROD-02735,Accesorios Auto EcoLine Modelo 62,Automotriz,Accesorios Auto,EcoLine,133.72,208,4.4
PROD-02736,Cabello BrandB Modelo 47,Belleza y Cuidado Personal,Cabello,BrandB,669.87,345,4.2
PROD-02737,Camping BrandF Modelo 52,Deportes,Camping,BrandF,86.83,54,4.4
PROD-02738,Ciclismo Essentials Modelo 87,Deportes,Ciclismo,Essentials,946.97,165,3.2
PROD-02739,Ciclismo BrandF Modelo 66,Deportes,Ciclismo,BrandF,123.55,167,3.0
PROD-02740,Electrodomésticos BrandD Modelo 27,Hogar y Cocina,Electrodomésticos,BrandD,784.98,340,3.0
PROD-02741,Skincare BrandA Modelo 49,Belleza y Cuidado Personal,Skincare,BrandA,1036.36,342,3.4
PROD-02742,Audio EcoLine Modelo 98,Electrónica,Audio,EcoLine,99.51,64,3.5
PROD-02743,Maquillaje BrandD Modelo 53,Belleza y Cuidado Personal,Maquillaje,BrandD,635.76,93,4.0
PROD-02744,Muebles Essentials Modelo 32,Hogar y Cocina,Muebles,Essentials,617.0,5,3.3
PROD-02745,No Ficción BrandA Modelo 80,Libros,No Ficción,BrandA,252.63,111,3.4
PROD-02746,Muñecas BrandD Modelo 56,Juguetes,Muñecas,BrandD,368.83,89,4.0
PROD-02747,Juegos de Mesa EcoLine Modelo 99,Juguetes,Juegos de Mesa,EcoLine,1455.46,153,5.0
PROD-02748,Ciclismo EcoLine Modelo 36,Deportes,Ciclismo,EcoLine,566.07,222,3.4
PROD-02749,Pantalones PremiumCorp Modelo 88,Ropa y Calzado,Pantalones,PremiumCorp,1440.05,57,3.4
PROD-02750,Gimnasio BrandC Modelo 55,Deportes,Gimnasio,BrandC,357.5,61,4.3
PROD-02751,Zapatos EcoLine Modelo 42,Ropa y Calzado,Zapatos,EcoLine,936.94,224,4.5
PROD-02752,Accesorios Auto BrandD Modelo 14,Automotriz,Accesorios Auto,BrandD,813.73,134,4.3
PROD-02753,Limpieza EcoLine Modelo 12,Automotriz,Limpieza,EcoLine,1145.1,84,4.7
PROD-02754,Laptops BrandB Modelo 30,Electrónica,Laptops,BrandB,1264.71,174,3.7
PROD-02755,Maquillaje PremiumCorp Modelo 76,Belleza y Cuidado Personal,Maquillaje,PremiumCorp,567.15,163,3.8
PROD-02756,Audio BrandD Modelo 96,Electrónica,Audio,BrandD,776.89,269,4.9
PROD-02757,Accesorios Auto BrandB Modelo 62,Automotriz,Accesorios Auto,BrandB,238.51,188,4.5
PROD-02758,Radiocontrol PremiumCorp Modelo 83,Juguetes,Radiocontrol,PremiumCorp,1104.04,59,4.7
PROD-02759,Teléfonos Essentials Modelo 23,Electrónica,Teléfonos,Essentials,268.64,342,4.8
PROD-02760,Biografías BrandE Modelo 64,Libros,Biografías,BrandE,1348.24,324,3.0
PROD-02761,Laptops BrandD Modelo 61,Electrónica,Laptops,BrandD,56.99,54,3.9
PROD-02762,Accesorios BrandF Modelo 79,Electrónica,Accesorios,BrandF,747.99,120,3.1
PROD-02763,Accesorios Auto BrandB Modelo 77,Automotriz,Accesorios Auto,BrandB,1289.19,268,3.2
PROD-02764,Cabello BrandB Modelo 25,Belleza y Cuidado Personal,Cabello,BrandB,248.48,63,4.9
PROD-02765,Muebles BrandF Modelo 33,Hogar y Cocina,Muebles,BrandF,415.91,239,3.7
PROD-02766,Bloques BrandE Modelo 24,Juguetes,Bloques,BrandE,254.14,102,4.9
PROD-02767,Pantalones BrandC Modelo 68,Ropa y Calzado,Pantalones,BrandC,705.17,63,4.0
PROD-02768,Maquillaje Essentials Modelo 69,Belleza y Cuidado Personal,Maquillaje,Essentials,14.89,102,4.3
PROD-02769,Pantalones BrandD Modelo 38,Ropa y Calzado,Pantalones,BrandD,1058.17,324,3.5
PROD-02770,Camping BrandD Modelo 87,Deportes,Camping,BrandD,943.25,182,3.3
PROD-02771,Muebles BrandE Modelo 87,Hogar y Cocina,Muebles,BrandE,512.9,57,3.6
PROD-02772,Biografías BrandD Modelo 22,Libros,Biografías,BrandD,939.7,156,4.3
PROD-02773,Maquillaje EcoLine Modelo 80,Belleza y Cuidado Personal,Maquillaje,EcoLine,585.47,341,3.3
PROD-02774,Chaqueta PremiumCorp Modelo 54,Ropa y Calzado,Chaqueta,PremiumCorp,310.25,132,3.1
PROD-02775,Audio BrandF Modelo 12,Electrónica,Audio,BrandF,153.16,338,4.6
PROD-02776,Pantalones BrandC Modelo 42,Ropa y Calzado,Pantalones,BrandC,499.27,48,3.1
PROD-02777,Decoración PremiumCorp Modelo 75,Hogar y Cocina,Decoración,PremiumCorp,1362.61,326,5.0
PROD-02778,Muñecas BrandA Modelo 73,Juguetes,Muñecas,BrandA,1265.3,0,4.8
PROD-02779,Perfumes BrandA Modelo 73,Belleza y Cuidado Personal,Perfumes,BrandA,435.06,146,4.9
PROD-02780,Accesorios BrandD Modelo 33,Electrónica,Accesorios,BrandD,1456.04,309,3.4
PROD-02781,Limpieza BrandF Modelo 99,Automotriz,Limpieza,BrandF,809.37,249,3.2
PROD-02782,Radiocontrol BrandF Modelo 56,Juguetes,Radiocontrol,BrandF,160.1,333,3.5
PROD-02783,Accesorios Essentials Modelo 32,Electrónica,Accesorios,Essentials,545.2,118,3.5
PROD-02784,Camping Essentials Modelo 62,Deportes,Camping,Essentials,177.18,68,3.5
PROD-02785,Perfumes BrandD Modelo 61,Belleza y Cuidado Personal,Perfumes,BrandD,389.36,3,4.3
PROD-02786,Biografías BrandD Modelo 89,Libros,Biografías,BrandD,1114.03,218,4.9
PROD-02787,Cabello EcoLine Modelo 10,Belleza y Cuidado Personal,Cabello,EcoLine,740.53,227,4.6
PROD-02788,Camisas BrandD Modelo 71,Ropa y Calzado,Camisas,BrandD,1463.52,43,4.5
PROD-02789,Ficción BrandA Modelo 57,Libros,Ficción,BrandA,720.0,339,3.4
PROD-02790,Decoración BrandC Modelo 82,Hogar y Cocina,Decoración,BrandC,720.92,250,4.2
PROD-02791,Decoración BrandC Modelo 58,Hogar y Cocina,Decoración,BrandC,1190.39,161,4.7
PROD-02792,Limpieza EcoLine Modelo 74,Automotriz,Limpieza,EcoLine,863.9,159,4.7
PROD-02793,Radiocontrol BrandC Modelo 66,Juguetes,Radiocontrol,BrandC,801.83,316,4.5
PROD-02794,Ciencia BrandD Modelo 67,Libros,Ciencia,BrandD,398.99,223,4.6
PROD-02795,Laptops BrandE Modelo 53,Electrónica,Laptops,BrandE,1456.19,54,3.7
PROD-02796,Decoración PremiumCorp Modelo 13,Hogar y Cocina,Decoración,PremiumCorp,77.98,248,4.9
PROD-02797,Muebles BrandB Modelo 43,Hogar y Cocina,Muebles,BrandB,1079.88,191,4.3
PROD-02798,Accesorios Auto BrandF Modelo 29,Automotriz,Accesorios Auto,BrandF,365.13,27,3.9
PROD-02799,Gimnasio PremiumCorp Modelo 19,Deportes,Gimnasio,PremiumCorp,113.04,327,4.5
PROD-02800,Muñecas BrandA Modelo 47,Juguetes,Muñecas,BrandA,297.12,60,4.9
PROD-02801,Laptops BrandE Modelo 63,Electrónica,Laptops,BrandE,1299.03,268,3.1
PROD-02802,Decoración BrandE Modelo 45,Hogar y Cocina,Decoración,BrandE,432.8,236,4.9
PROD-02803,Ciencia BrandE Modelo 35,Libros,Ciencia,BrandE,950.72,203,3.6
PROD-02804,Skincare BrandF Modelo 41,Belleza y Cuidado Personal,Skincare,BrandF,307.15,201,4.7
PROD-02805,Biografías BrandB Modelo 63,Libros,Biografías,BrandB,1176.81,247,3.2
PROD-02806,Laptops BrandD Modelo 15,Electrónica,Laptops,BrandD,1057.84,76,3.7
PROD-02807,Camping PremiumCorp Modelo 53,Deportes,Camping,PremiumCorp,884.3,68,3.6
PROD-02808,Decoración BrandF Modelo 10,Hogar y Cocina,Decoración,BrandF,663.93,244,4.0
PROD-02809,Bloques BrandB Modelo 18,Juguetes,Bloques,BrandB,1391.35,18,4.2
PROD-02810,Camisas EcoLine Modelo 69,Ropa y Calzado,Camisas,EcoLine,298.86,34,3.8
PROD-02811,Decoración BrandE Modelo 93,Hogar y Cocina,Decoración,BrandE,558.44,32,4.0
PROD-02812,Accesorios BrandC Modelo 73,Electrónica,Accesorios,BrandC,1241.18,119,4.4
PROD-02813,Camisas Essentials Modelo 47,Ropa y Calzado,Camisas,Essentials,1110.68,87,4.8
PROD-02814,Muebles EcoLine Modelo 12,Hogar y Cocina,Muebles,EcoLine,858.34,16,4.7
PROD-02815,Decoración BrandB Modelo 75,Hogar y Cocina,Decoración,BrandB,290.83,60,4.5
PROD-02816,Cabello PremiumCorp Modelo 71,Belleza y Cuidado Personal,Cabello,PremiumCorp,15.71,45,4.1
PROD-02817,Chaqueta BrandE Modelo 47,Ropa y Calzado,Chaqueta,BrandE,580.69,142,4.9
PROD-02818,Ciencia Essentials Modelo 60,Libros,Ciencia,Essentials,136.8,279,3.9
PROD-02819,Accesorios BrandE Modelo 82,Electrónica,Accesorios,BrandE,866.86,236,4.2
PROD-02820,Ciencia BrandA Modelo 90,Libros,Ciencia,BrandA,129.5,349,3.8
PROD-02821,Cabello BrandA Modelo 28,Belleza y Cuidado Personal,Cabello,BrandA,1206.71,80,4.9
PROD-02822,Decoración EcoLine Modelo 53,Hogar y Cocina,Decoración,EcoLine,810.91,142,3.2
PROD-02823,Teléfonos BrandC Modelo 71,Electrónica,Teléfonos,BrandC,979.86,193,3.0
PROD-02824,Muebles EcoLine Modelo 11,Hogar y Cocina,Muebles,EcoLine,1019.52,268,4.4
PROD-02825,Accesorios PremiumCorp Modelo 57,Electrónica,Accesorios,PremiumCorp,265.0,190,3.0
PROD-02826,Skincare BrandC Modelo 12,Belleza y Cuidado Personal,Skincare,BrandC,289.8,123,4.0
PROD-02827,Perfumes BrandF Modelo 23,Belleza y Cuidado Personal,Perfumes,BrandF,801.0,95,3.0
PROD-02828,Camping BrandC Modelo 63,Deportes,Camping,BrandC,1488.72,139,4.5
PROD-02829,Electrodomésticos PremiumCorp Modelo 50,Hogar y Cocina,Electrodomésticos,PremiumCorp,470.27,217,4.7
PROD-02830,Muebles BrandA Modelo 23,Hogar y Cocina,Muebles,BrandA,949.51,325,4.3
PROD-02831,Ciencia BrandB Modelo 23,Libros,Ciencia,BrandB,960.4,194,3.5
PROD-02832,Running BrandB Modelo 58,Deportes,Running,BrandB,605.03,238,4.9
PROD-02833,Radiocontrol Essentials Modelo 63,Juguetes,Radiocontrol,Essentials,1141.8,260,4.2
PROD-02834,Electrodomésticos PremiumCorp Modelo 12,Hogar y Cocina,Electrodomésticos,PremiumCorp,1420.99,287,4.5
PROD-02835,Maquillaje BrandE Modelo 59,Belleza y Cuidado Personal,Maquillaje,BrandE,153.83,185,3.5
PROD-02836,Herramientas BrandA Modelo 51,Automotriz,Herramientas,BrandA,24.01,309,4.3
PROD-02837,Teléfonos Essentials Modelo 98,Electrónica,Teléfonos,Essentials,1121.8,39,4.7
PROD-02838,Herramientas BrandB Modelo 19,Automotriz,Herramientas,BrandB,322.3,168,3.8
PROD-02839,Accesorios Auto BrandC Modelo 23,Automotriz,Accesorios Auto,BrandC,1285.21,131,3.2
PROD-02840,Utensilios BrandF Modelo 81,Hogar y Cocina,Utensilios,BrandF,446.9,323,4.4
PROD-02841,Ciclismo PremiumCorp Modelo 17,Deportes,Ciclismo,PremiumCorp,405.82,121,4.2
PROD-02842,Chaqueta BrandB Modelo 19,Ropa y Calzado,Chaqueta,BrandB,678.2,188,3.2
PROD-02843,Limpieza Essentials Modelo 98,Automotriz,Limpieza,Essentials,828.63,307,3.9
PROD-02844,Teléfonos PremiumCorp Modelo 21,Electrónica,Teléfonos,PremiumCorp,1135.88,87,4.2
PROD-02845,Teléfonos PremiumCorp Modelo 79,Electrónica,Teléfonos,PremiumCorp,949.75,58,3.8
PROD-02846,Cabello BrandC Modelo 86,Belleza y Cuidado Personal,Cabello,BrandC,427.19,262,4.4
PROD-02847,Skincare BrandB Modelo 93,Belleza y Cuidado Personal,Skincare,BrandB,1348.96,261,4.6
PROD-02848,Maquillaje PremiumCorp Modelo 70,Belleza y Cuidado Personal,Maquillaje,PremiumCorp,358.13,84,4.3
PROD-02849,Utensilios BrandE Modelo 75,Hogar y Cocina,Utensilios,BrandE,756.1,306,4.8
PROD-02850,Audio PremiumCorp Modelo 70,Electrónica,Audio,PremiumCorp,800.05,262,4.3
PROD-02851,Audio BrandA Modelo 91,Electrónica,Audio,BrandA,1055.45,318,3.7
PROD-02852,Limpieza BrandE Modelo 22,Automotriz,Limpieza,BrandE,858.1,183,4.3
PROD-02853,Accesorios Auto BrandE Modelo 18,Automotriz,Accesorios Auto,BrandE,1390.21,148,4.6
PROD-02854,Pantalones BrandC Modelo 95,Ropa y Calzado,Pantalones,BrandC,1283.66,106,3.9
PROD-02855,Accesorios Auto BrandC Modelo 41,Automotriz,Accesorios Auto,BrandC,346.92,288,4.1
PROD-02856,Radiocontrol BrandA Modelo 45,Juguetes,Radiocontrol,BrandA,102.6,313,4.7
PROD-02857,Chaqueta BrandB Modelo 82,Ropa y Calzado,Chaqueta,BrandB,1130.99,140,4.6
PROD-02858,Decoración BrandF Modelo 33,Hogar y Cocina,Decoración,BrandF,401.15,267,3.3
PROD-02859,Muebles BrandA Modelo 10,Hogar y Cocina,Muebles,BrandA,1456.64,148,3.5
PROD-02860,Herramientas Essentials Modelo 70,Automotriz,Herramientas,Essentials,321.63,160,3.3
PROD-02861,Utensilios EcoLine Modelo 65,Hogar y Cocina,Utensilios,EcoLine,288.26,67,3.3
PROD-02862,Electrodomésticos EcoLine Modelo 46,Hogar y Cocina,Electrodomésticos,EcoLine,345.23,83,3.5
PROD-02863,Juegos de Mesa BrandD Modelo 36,Juguetes,Juegos de Mesa,BrandD,821.31,80,3.5
PROD-02864,Bloques BrandB Modelo 77,Juguetes,Bloques,BrandB,803.36,199,3.1
PROD-02865,Laptops BrandA Modelo 93,Electrónica,Laptops,BrandA,410.87,79,3.7
PROD-02866,Ficción BrandE Modelo 20,Libros,Ficción,BrandE,769.56,248,3.5
PROD-02867,Ciclismo PremiumCorp Modelo 72,Deportes,Ciclismo,PremiumCorp,399.16,229,4.0
PROD-02868,Chaqueta BrandD Modelo 67,Ropa y Calzado,Chaqueta,BrandD,724.4,136,3.5
PROD-02869,Cabello BrandC Modelo 82,Belleza y Cuidado Personal,Cabello,BrandC,1499.89,169,5.0
PROD-02870,Teléfonos Essentials Modelo 76,Electrónica,Teléfonos,Essentials,267.26,117,3.3
PROD-02871,Juegos de Mesa EcoLine Modelo 48,Juguetes,Juegos de Mesa,EcoLine,1252.15,200,4.1
PROD-02872,Accesorios Auto BrandC Modelo 58,Automotriz,Accesorios Auto,BrandC,697.58,94,4.3
PROD-02873,Ciclismo BrandE Modelo 48,Deportes,Ciclismo,BrandE,1443.19,177,3.3
PROD-02874,Utensilios BrandA Modelo 74,Hogar y Cocina,Utensilios,BrandA,496.85,155,4.2
PROD-02875,Running Essentials Modelo 76,Deportes,Running,Essentials,897.49,135,3.7
PROD-02876,Accesorios BrandE Modelo 96,Electrónica,Accesorios,BrandE,1429.32,247,3.6
PROD-02877,Cabello BrandF Modelo 37,Belleza y Cuidado Personal,Cabello,BrandF,1415.74,210,3.3
PROD-02878,Skincare BrandA Modelo 28,Belleza y Cuidado Personal,Skincare,BrandA,1095.45,83,3.0
PROD-02879,Cabello BrandD Modelo 20,Belleza y Cuidado Personal,Cabello,BrandD,356.68,5,4.6
PROD-02880,Biografías PremiumCorp Modelo 40,Libros,Biografías,PremiumCorp,1241.22,160,3.3
PROD-02881,Limpieza BrandE Modelo 77,Automotriz,Limpieza,BrandE,1033.44,34,4.3
PROD-02882,Ciclismo BrandC Modelo 59,Deportes,Ciclismo,BrandC,1091.72,91,4.5
PROD-02883,Decoración BrandF Modelo 61,Hogar y Cocina,Decoración,BrandF,404.3,181,4.8
PROD-02884,Ficción BrandE Modelo 32,Libros,Ficción,BrandE,1053.78,180,3.4
PROD-02885,No Ficción BrandF Modelo 89,Libros,No Ficción,BrandF,1294.28,329,3.5
PROD-02886,Skincare BrandC Modelo 42,Belleza y Cuidado Personal,Skincare,BrandC,492.36,172,3.3
PROD-02887,Ciencia BrandF Modelo 33,Libros,Ciencia,BrandF,309.81,99,4.2
PROD-02888,Electrodomésticos Essentials Modelo 35,Hogar y Cocina,Electrodomésticos,Essentials,696.96,293,4.3
PROD-02889,Decoración BrandF Modelo 40,Hogar y Cocina,Decoración,BrandF,1322.87,345,3.3
PROD-02890,Pantalones BrandA Modelo 74,Ropa y Calzado,Pantalones,BrandA,577.9,217,3.2
PROD-02891,Accesorios Auto BrandC Modelo 29,Automotriz,Accesorios Auto,BrandC,1236.01,252,5.0
PROD-02892,Ficción BrandA Modelo 55,Libros,Ficción,BrandA,171.73,61,4.7
PROD-02893,Zapatos BrandF Modelo 16,Ropa y Calzado,Zapatos,BrandF,1096.06,208,3.5
PROD-02894,Maquillaje BrandF Modelo 17,Belleza y Cuidado Personal,Maquillaje,BrandF,296.41,312,3.8
PROD-02895,Ficción BrandB Modelo 42,Libros,Ficción,BrandB,1419.14,345,4.0
PROD-02896,Radiocontrol BrandD Modelo 84,Juguetes,Radiocontrol,BrandD,563.97,94,4.6
PROD-02897,Juegos de Mesa Essentials Modelo 92,Juguetes,Juegos de Mesa,Essentials,593.63,170,3.2
PROD-02898,Radiocontrol Essentials Modelo 46,Juguetes,Radiocontrol,Essentials,1050.55,173,4.3
PROD-02899,Herramientas Essentials Modelo 49,Automotriz,Herramientas,Essentials,381.66,100,4.3
PROD-02900,Zapatos BrandF Modelo 54,Ropa y Calzado,Zapatos,BrandF,913.62,272,4.8
PROD-02901,Limpieza BrandF Modelo 59,Automotriz,Limpieza,BrandF,937.49,340,4.3
PROD-02902,Ficción BrandE Modelo 48,Libros,Ficción,BrandE,1111.71,179,3.2
PROD-02903,Radiocontrol Essentials Modelo 59,Juguetes,Radiocontrol,Essentials,1231.91,227,4.5
PROD-02904,Running EcoLine Modelo 32,Deportes,Running,EcoLine,672.95,235,4.1
PROD-02905,Utensilios BrandD Modelo 91,Hogar y Cocina,Utensilios,BrandD,1401.41,323,4.1
PROD-02906,Muñecas BrandB Modelo 40,Juguetes,Muñecas,BrandB,737.97,13,4.7
PROD-02907,Running BrandE Modelo 59,Deportes,Running,BrandE,548.99,186,4.1
PROD-02908,Limpieza BrandA Modelo 99,Automotriz,Limpieza,BrandA,452.76,161,4.8
PROD-02909,Radiocontrol BrandC Modelo 10,Juguetes,Radiocontrol,BrandC,1146.31,135,3.5
PROD-02910,Cabello PremiumCorp Modelo 81,Belleza y Cuidado Personal,Cabello,PremiumCorp,489.86,319,3.8
PROD-02911,Bloques BrandC Modelo 99,Juguetes,Bloques,BrandC,374.21,78,4.2
PROD-02912,Zapatos BrandA Modelo 66,Ropa y Calzado,Zapatos,BrandA,773.68,67,3.8
PROD-02913,Accesorios Essentials Modelo 18,Electrónica,Accesorios,Essentials,789.24,12,3.8
PROD-02914,Decoración BrandA Modelo 92,Hogar y Cocina,Decoración,BrandA,330.6,110,4.6
PROD-02915,Muebles BrandB Modelo 82,Hogar y Cocina,Muebles,BrandB,478.38,246,4.9
PROD-02916,Audio BrandA Modelo 50,Electrónica,Audio,BrandA,826.79,131,3.7
PROD-02917,Bloques Essentials Modelo 47,Juguetes,Bloques,Essentials,1245.14,176,4.6
PROD-02918,Accesorios BrandC Modelo 28,Electrónica,Accesorios,BrandC,963.46,41,3.1
PROD-02919,Biografías BrandE Modelo 33,Libros,Biografías,BrandE,1157.42,98,4.0
PROD-02920,Cabello BrandD Modelo 14,Belleza y Cuidado Personal,Cabello,BrandD,843.56,161,3.1
PROD-02921,Cabello BrandC Modelo 95,Belleza y Cuidado Personal,Cabello,BrandC,663.97,159,4.9
PROD-02922,Electrodomésticos BrandC Modelo 40,Hogar y Cocina,Electrodomésticos,BrandC,355.93,69,3.6
PROD-02923,No Ficción PremiumCorp Modelo 55,Libros,No Ficción,PremiumCorp,1199.89,344,3.6
PROD-02924,Herramientas BrandF Modelo 19,Automotriz,Herramientas,BrandF,933.16,198,3.5
PROD-02925,Herramientas BrandD Modelo 14,Automotriz,Herramientas,BrandD,817.94,139,3.7
PROD-02926,Ciclismo EcoLine Modelo 21,Deportes,Ciclismo,EcoLine,1148.32,161,4.1
PROD-02927,Audio BrandB Modelo 30,Electrónica,Audio,BrandB,1473.44,154,3.2
PROD-02928,Ciclismo BrandB Modelo 88,Deportes,Ciclismo,BrandB,673.44,125,4.2
PROD-02929,Ciclismo BrandF Modelo 18,Deportes,Ciclismo,BrandF,48.97,299,4.0
PROD-02930,Audio BrandF Modelo 23,Electrónica,Audio,BrandF,1001.48,53,4.6
PROD-02931,Pantalones EcoLine Modelo 75,Ropa y Calzado,Pantalones,EcoLine,183.9,261,4.3
PROD-02932,Maquillaje PremiumCorp Modelo 23,Belleza y Cuidado Personal,Maquillaje,PremiumCorp,688.5,180,4.3
PROD-02933,Herramientas BrandF Modelo 82,Automotriz,Herramientas,BrandF,1363.04,257,4.0
PROD-02934,Maquillaje PremiumCorp Modelo 71,Belleza y Cuidado Personal,Maquillaje,PremiumCorp,233.11,99,3.7
PROD-02935,Chaqueta PremiumCorp Modelo 96,Ropa y Calzado,Chaqueta,PremiumCorp,68.65,192,4.8
PROD-02936,Decoración BrandE Modelo 79,Hogar y Cocina,Decoración,BrandE,1058.83,242,3.7
PROD-02937,Ficción BrandB Modelo 28,Libros,Ficción,BrandB,562.98,155,3.7
PROD-02938,Audio BrandD Modelo 42,Electrónica,Audio,BrandD,235.46,191,4.0
PROD-02939,No Ficción PremiumCorp Modelo 38,Libros,No Ficción,PremiumCorp,168.33,314,3.5
PROD-02940,Skincare BrandE Modelo 22,Belleza y Cuidado Personal,Skincare,BrandE,1369.27,161,3.8
PROD-02941,Zapatos PremiumCorp Modelo 29,Ropa y Calzado,Zapatos,PremiumCorp,590.87,147,4.2
PROD-02942,Limpieza EcoLine Modelo 83,Automotriz,Limpieza,EcoLine,997.44,261,3.0
PROD-02943,Audio BrandD Modelo 43,Electrónica,Audio,BrandD,1034.63,173,3.0
PROD-02944,Juegos de Mesa BrandA Modelo 83,Juguetes,Juegos de Mesa,BrandA,1290.9,166,3.2
PROD-02945,No Ficción EcoLine Modelo 38,Libros,No Ficción,EcoLine,1055.08,110,3.6
PROD-02946,Cabello BrandE Modelo 52,Belleza y Cuidado Personal,Cabello,BrandE,1432.73,86,4.7
PROD-02947,Utensilios EcoLine Modelo 62,Hogar y Cocina,Utensilios,EcoLine,1244.56,98,3.5
PROD-02948,Accesorios BrandC Modelo 61,Electrónica,Accesorios,BrandC,992.44,183,3.0
PROD-02949,Muñecas BrandD Modelo 50,Juguetes,Muñecas,BrandD,1229.22,334,4.9
PROD-02950,Biografías BrandD Modelo 47,Libros,Biografías,BrandD,1088.66,219,3.9
PROD-02951,Decoración BrandC Modelo 17,Hogar y Cocina,Decoración,BrandC,380.08,43,3.5
PROD-02952,Electrodomésticos BrandB Modelo 78,Hogar y Cocina,Electrodomésticos,BrandB,863.26,52,4.8
PROD-02953,Laptops BrandD Modelo 79,Electrónica,Laptops,BrandD,335.58,98,4.3
PROD-02954,Zapatos BrandC Modelo 82,Ropa y Calzado,Zapatos,BrandC,563.0,52,4.3
PROD-02955,Cabello EcoLine Modelo 11,Belleza y Cuidado Personal,Cabello,EcoLine,987.07,70,3.0
PROD-02956,Accesorios Auto BrandA Modelo 60,Automotriz,Accesorios Auto,BrandA,1408.0,47,4.4
PROD-02957,Cabello BrandA Modelo 76,Belleza y Cuidado Personal,Cabello,BrandA,95.96,89,4.0
PROD-02958,Skincare BrandD Modelo 62,Belleza y Cuidado Personal,Skincare,BrandD,1277.28,303,4.2
PROD-02959,Accesorios Auto PremiumCorp Modelo 42,Automotriz,Accesorios Auto,PremiumCorp,1285.62,330,4.7
PROD-02960,Pantalones PremiumCorp Modelo 96,Ropa y Calzado,Pantalones,PremiumCorp,670.9,339,3.8
PROD-02961,Radiocontrol BrandF Modelo 27,Juguetes,Radiocontrol,BrandF,1428.59,125,3.6
PROD-02962,Camping Essentials Modelo 58,Deportes,Camping,Essentials,107.59,116,3.1
PROD-02963,Teléfonos BrandB Modelo 88,Electrónica,Teléfonos,BrandB,1185.14,60,4.6
PROD-02964,Muñecas BrandD Modelo 93,Juguetes,Muñecas,BrandD,432.76,51,4.3
PROD-02965,Muñecas BrandE Modelo 98,Juguetes,Muñecas,BrandE,1393.82,70,4.7
PROD-02966,Ciclismo BrandD Modelo 82,Deportes,Ciclismo,BrandD,1213.82,313,3.8
PROD-02967,Decoración BrandA Modelo 65,Hogar y Cocina,Decoración,BrandA,511.74,303,3.3
PROD-02968,Muebles Essentials Modelo 14,Hogar y Cocina,Muebles,Essentials,823.69,128,3.1
PROD-02969,Camisas PremiumCorp Modelo 70,Ropa y Calzado,Camisas,PremiumCorp,829.44,9,4.7
PROD-02970,Muñecas BrandA Modelo 19,Juguetes,Muñecas,BrandA,1051.75,217,4.6
PROD-02971,Limpieza EcoLine Modelo 57,Automotriz,Limpieza,EcoLine,509.34,168,3.9
PROD-02972,Accesorios Auto BrandF Modelo 62,Automotriz,Accesorios Auto,BrandF,891.43,99,3.3
PROD-02973,Pantalones BrandF Modelo 94,Ropa y Calzado,Pantalones,BrandF,708.52,144,5.0
PROD-02974,Laptops BrandE Modelo 57,Electrónica,Laptops,BrandE,716.84,9,3.4
PROD-02975,Gimnasio BrandF Modelo 41,Deportes,Gimnasio,BrandF,910.08,34,4.5
PROD-02976,Teléfonos BrandA Modelo 34,Electrónica,Teléfonos,BrandA,1214.6,67,4.9
PROD-02977,Perfumes BrandB Modelo 32,Belleza y Cuidado Personal,Perfumes,BrandB,254.01,183,3.6
PROD-02978,Ciencia BrandB Modelo 92,Libros,Ciencia,BrandB,96.98,136,4.6
PROD-02979,Perfumes BrandC Modelo 48,Belleza y Cuidado Personal,Perfumes,BrandC,190.19,343,3.0
PROD-02980,Ciencia BrandF Modelo 66,Libros,Ciencia,BrandF,921.02,148,4.4
PROD-02981,Cabello BrandB Modelo 95,Belleza y Cuidado Personal,Cabello,BrandB,497.6,230,4.1
PROD-02982,Accesorios BrandF Modelo 43,Electrónica,Accesorios,BrandF,161.59,302,3.7
PROD-02983,Laptops BrandD Modelo 58,Electrónica,Laptops,BrandD,1228.72,108,3.5
PROD-02984,Herramientas EcoLine Modelo 56,Automotriz,Herramientas,EcoLine,744.44,163,4.2
PROD-02985,Zapatos BrandF Modelo 43,Ropa y Calzado,Zapatos,BrandF,1379.66,147,4.5
PROD-02986,Chaqueta BrandC Modelo 95,Ropa y Calzado,Chaqueta,BrandC,705.23,295,4.7
PROD-02987,Bloques BrandD Modelo 90,Juguetes,Bloques,BrandD,785.43,226,4.7
PROD-02988,Ciencia BrandE Modelo 98,Libros,Ciencia,BrandE,560.9,159,3.7
PROD-02989,Bloques BrandC Modelo 75,Juguetes,Bloques,BrandC,985.98,296,3.2
PROD-02990,Electrodomésticos BrandC Modelo 33,Hogar y Cocina,Electrodomésticos,BrandC,1180.67,59,3.4
PROD-02991,Cabello BrandF Modelo 79,Belleza y Cuidado Personal,Cabello,BrandF,912.68,9,4.4
PROD-02992,Pantalones EcoLine Modelo 55,Ropa y Calzado,Pantalones,EcoLine,802.67,282,4.7
PROD-02993,Skincare BrandD Modelo 93,Belleza y Cuidado Personal,Skincare,BrandD,1496.45,13,3.4
PROD-02994,Accesorios EcoLine Modelo 50,Electrónica,Accesorios,EcoLine,277.14,120,4.9
PROD-02995,Biografías BrandE Modelo 30,Libros,Biografías,BrandE,1376.28,266,4.0
PROD-02996,Muñecas BrandE Modelo 81,Juguetes,Muñecas,BrandE,613.28,254,4.5
PROD-02997,Accesorios Auto Essentials Modelo 34,Automotriz,Accesorios Auto,Essentials,737.4,167,3.4
PROD-02998,Maquillaje BrandB Modelo 72,Belleza y Cuidado Personal,Maquillaje,BrandB,303.48,241,4.7
PROD-02999,Ciclismo BrandB Modelo 85,Deportes,Ciclismo,BrandB,557.98,281,4.0
PROD-03000,Perfumes BrandF Modelo 44,Belleza y Cuidado Personal,Perfumes,BrandF,914.78,156,3.5
PROD-03001,No Ficción Essentials Modelo 42,Libros,No Ficción,Essentials,410.79,165,3.7
PROD-03002,Ciencia Essentials Modelo 44,Libros,Ciencia,Essentials,793.4,73,3.2
PROD-03003,Cabello BrandD Modelo 45,Belleza y Cuidado Personal,Cabello,BrandD,938.86,129,3.5
PROD-03004,Gimnasio BrandE Modelo 91,Deportes,Gimnasio,BrandE,751.86,226,3.8
PROD-03005,Electrodomésticos BrandA Modelo 26,Hogar y Cocina,Electrodomésticos,BrandA,927.12,310,4.4
PROD-03006,Muñecas EcoLine Modelo 63,Juguetes,Muñecas,EcoLine,1124.45,76,3.9
PROD-03007,Ciclismo Essentials Modelo 53,Deportes,Ciclismo,Essentials,1424.67,282,4.5
PROD-03008,Ficción BrandB Modelo 41,Libros,Ficción,BrandB,443.55,275,3.3
PROD-03009,Maquillaje BrandD Modelo 14,Belleza y Cuidado Personal,Maquillaje,BrandD,1493.21,336,3.0
PROD-03010,Accesorios Essentials Modelo 17,Electrónica,Accesorios,Essentials,210.31,3,3.7
PROD-03011,Perfumes PremiumCorp Modelo 33,Belleza y Cuidado Personal,Perfumes,PremiumCorp,550.93,178,3.2
PROD-03012,Herramientas BrandC Modelo 50,Automotriz,Herramientas,BrandC,11.12,287,4.2
PROD-03013,Utensilios BrandA Modelo 32,Hogar y Cocina,Utensilios,BrandA,1447.84,317,3.0
PROD-03014,Skincare BrandE Modelo 42,Belleza y Cuidado Personal,Skincare,BrandE,1497.76,273,3.5
PROD-03015,Muebles BrandD Modelo 87,Hogar y Cocina,Muebles,BrandD,952.52,349,3.5
PROD-03016,Electrodomésticos BrandD Modelo 48,Hogar y Cocina,Electrodomésticos,BrandD,764.34,312,3.5
PROD-03017,Teléfonos BrandA Modelo 64,Electrónica,Teléfonos,BrandA,397.69,82,3.2
PROD-03018,Gimnasio BrandB Modelo 50,Deportes,Gimnasio,BrandB,192.81,60,4.8
PROD-03019,Gimnasio BrandA Modelo 35,Deportes,Gimnasio,BrandA,1295.36,143,5.0
PROD-03020,Herramientas BrandA Modelo 10,Automotriz,Herramientas,BrandA,238.97,144,4.4
PROD-03021,Skincare BrandE Modelo 62,Belleza y Cuidado Personal,Skincare,BrandE,1126.97,289,3.2
PROD-03022,Running EcoLine Modelo 82,Deportes,Running,EcoLine,765.76,332,4.9
PROD-03023,Camping PremiumCorp Modelo 10,Deportes,Camping,PremiumCorp,394.73,166,4.2
PROD-03024,Ciclismo BrandD Modelo 76,Deportes,Ciclismo,BrandD,1351.07,234,3.0
PROD-03025,Accesorios BrandB Modelo 26,Electrónica,Accesorios,BrandB,914.49,46,4.4
PROD-03026,Running BrandA Modelo 87,Deportes,Running,BrandA,974.1,203,3.2
PROD-03027,Juegos de Mesa BrandF Modelo 12,Juguetes,Juegos de Mesa,BrandF,323.73,343,4.0
PROD-03028,Bloques BrandB Modelo 76,Juguetes,Bloques,BrandB,1392.49,275,4.4
PROD-03029,No Ficción BrandA Modelo 77,Libros,No Ficción,BrandA,1288.28,341,3.7
PROD-03030,Muñecas BrandE Modelo 34,Juguetes,Muñecas,BrandE,1189.63,189,4.8
PROD-03031,Ciencia BrandB Modelo 49,Libros,Ciencia,BrandB,1258.32,197,3.4
PROD-03032,Accesorios Auto BrandB Modelo 73,Automotriz,Accesorios Auto,BrandB,882.76,252,4.8
PROD-03033,Bloques BrandD Modelo 47,Juguetes,Bloques,BrandD,1179.03,217,3.8
PROD-03034,Limpieza BrandB Modelo 20,Automotriz,Limpieza,BrandB,1267.46,234,4.4
PROD-03035,Chaqueta EcoLine Modelo 21,Ropa y Calzado,Chaqueta,EcoLine,817.88,26,3.1
PROD-03036,Camping BrandA Modelo 35,Deportes,Camping,BrandA,239.92,285,4.1
PROD-03037,Laptops BrandD Modelo 27,Electrónica,Laptops,BrandD,828.7,169,3.4
PROD-03038,Ciencia BrandB Modelo 34,Libros,Ciencia,BrandB,823.7,273,3.3
PROD-03039,Laptops BrandB Modelo 51,Electrónica,Laptops,BrandB,1268.97,45,4.6
PROD-03040,Camisas BrandB Modelo 66,Ropa y Calzado,Camisas,BrandB,547.09,190,4.9
PROD-03041,Audio BrandF Modelo 91,Electrónica,Audio,BrandF,589.79,335,4.2
PROD-03042,Accesorios Auto PremiumCorp Modelo 58,Automotriz,Accesorios Auto,PremiumCorp,901.23,260,4.1
PROD-03043,Accesorios BrandE Modelo 99,Electrónica,Accesorios,BrandE,625.76,161,3.6
PROD-03044,Running BrandC Modelo 91,Deportes,Running,BrandC,284.01,213,3.4
PROD-03045,Limpieza BrandD Modelo 42,Automotriz,Limpieza,BrandD,1266.01,143,4.8
PROD-03046,Running BrandC Modelo 58,Deportes,Running,BrandC,278.64,134,4.0
PROD-03047,Muñecas EcoLine Modelo 59,Juguetes,Muñecas,EcoLine,350.98,247,4.2
PROD-03048,Accesorios Auto BrandF Modelo 83,Automotriz,Accesorios Auto,BrandF,1471.36,346,3.4
PROD-03049,Accesorios BrandA Modelo 55,Electrónica,Accesorios,BrandA,986.62,204,4.2
PROD-03050,Perfumes BrandE Modelo 46,Belleza y Cuidado Personal,Perfumes,BrandE,810.53,170,3.9
PROD-03051,Running BrandA Modelo 81,Deportes,Running,BrandA,236.77,297,4.0
PROD-03052,Audio EcoLine Modelo 18,Electrónica,Audio,EcoLine,256.73,118,4.8
PROD-03053,Perfumes EcoLine Modelo 57,Belleza y Cuidado Personal,Perfumes,EcoLine,1157.55,306,4.7
PROD-03054,Pantalones Essentials Modelo 40,Ropa y Calzado,Pantalones,Essentials,1354.75,225,4.7
PROD-03055,Muebles BrandD Modelo 63,Hogar y Cocina,Muebles,BrandD,1346.3,116,3.1
PROD-03056,Camping Essentials Modelo 17,Deportes,Camping,Essentials,141.1,51,3.4
PROD-03057,Decoración BrandF Modelo 41,Hogar y Cocina,Decoración,BrandF,619.71,6,4.6
PROD-03058,Running Essentials Modelo 49,Deportes,Running,Essentials,151.14,62,3.4
PROD-03059,Decoración BrandF Modelo 94,Hogar y Cocina,Decoración,BrandF,784.65,316,4.3
PROD-03060,Running PremiumCorp Modelo 15,Deportes,Running,PremiumCorp,587.43,14,4.6
PROD-03061,Limpieza Essentials Modelo 15,Automotriz,Limpieza,Essentials,570.69,12,4.4
PROD-03062,Ciclismo BrandF Modelo 70,Deportes,Ciclismo,BrandF,1385.31,217,3.9
PROD-03063,Herramientas BrandD Modelo 87,Automotriz,Herramientas,BrandD,165.31,54,4.9
PROD-03064,Herramientas PremiumCorp Modelo 50,Automotriz,Herramientas,PremiumCorp,747.68,13,3.5
PROD-03065,Limpieza Essentials Modelo 88,Automotriz,Limpieza,Essentials,1425.68,113,3.9
PROD-03066,Pantalones BrandD Modelo 58,Ropa y Calzado,Pantalones,BrandD,156.31,269,4.6
PROD-03067,Radiocontrol BrandC Modelo 21,Juguetes,Radiocontrol,BrandC,585.11,192,3.0
PROD-03068,Ciencia PremiumCorp Modelo 99,Libros,Ciencia,PremiumCorp,668.11,206,3.0
PROD-03069,Ciencia BrandB Modelo 82,Libros,Ciencia,BrandB,746.61,122,3.8
PROD-03070,Ficción BrandA Modelo 78,Libros,Ficción,BrandA,411.33,182,3.2
PROD-03071,Ficción BrandF Modelo 25,Libros,Ficción,BrandF,1326.98,150,4.5
PROD-03072,Ciencia PremiumCorp Modelo 59,Libros,Ciencia,PremiumCorp,1259.38,71,4.7
PROD-03073,Teléfonos BrandD Modelo 69,Electrónica,Teléfonos,BrandD,53.39,70,3.3
PROD-03074,Decoración BrandE Modelo 92,Hogar y Cocina,Decoración,BrandE,1276.38,71,4.9
PROD-03075,Camping BrandF Modelo 33,Deportes,Camping,BrandF,858.71,156,3.8
PROD-03076,Biografías PremiumCorp Modelo 66,Libros,Biografías,PremiumCorp,141.88,97,3.6
PROD-03077,Muñecas BrandE Modelo 52,Juguetes,Muñecas,BrandE,400.72,29,4.5
PROD-03078,Herramientas PremiumCorp Modelo 96,Automotriz,Herramientas,PremiumCorp,277.57,57,4.4
PROD-03079,Camping BrandD Modelo 21,Deportes,Camping,BrandD,246.23,308,4.1
PROD-03080,Perfumes BrandA Modelo 94,Belleza y Cuidado Personal,Perfumes,BrandA,748.54,93,3.6
PROD-03081,Accesorios Auto BrandD Modelo 19,Automotriz,Accesorios Auto,BrandD,573.26,188,4.5
PROD-03082,Bloques BrandE Modelo 79,Juguetes,Bloques,BrandE,995.07,263,3.0
PROD-03083,No Ficción EcoLine Modelo 64,Libros,No Ficción,EcoLine,212.61,78,4.1
PROD-03084,Maquillaje BrandB Modelo 88,Belleza y Cuidado Personal,Maquillaje,BrandB,547.87,67,3.8
PROD-03085,Accesorios Auto BrandB Modelo 32,Automotriz,Accesorios Auto,BrandB,1108.81,294,4.6
PROD-03086,Ficción BrandC Modelo 63,Libros,Ficción,BrandC,307.19,309,3.6
PROD-03087,Accesorios Auto BrandA Modelo 26,Automotriz,Accesorios Auto,BrandA,404.71,312,4.8
PROD-03088,Zapatos EcoLine Modelo 96,Ropa y Calzado,Zapatos,EcoLine,1121.09,186,4.4
PROD-03089,Muebles BrandB Modelo 83,Hogar y Cocina,Muebles,BrandB,46.93,297,3.0
PROD-03090,Running BrandD Modelo 78,Deportes,Running,BrandD,634.3,201,3.5
PROD-03091,Pantalones BrandD Modelo 95,Ropa y Calzado,Pantalones,BrandD,1377.25,263,3.1
PROD-03092,Herramientas BrandF Modelo 10,Automotriz,Herramientas,BrandF,306.24,332,4.8
PROD-03093,Maquillaje EcoLine Modelo 97,Belleza y Cuidado Personal,Maquillaje,EcoLine,825.07,298,3.2
PROD-03094,Electrodomésticos BrandF Modelo 36,Hogar y Cocina,Electrodomésticos,BrandF,1363.56,288,4.7
PROD-03095,Muebles PremiumCorp Modelo 76,Hogar y Cocina,Muebles,PremiumCorp,454.16,276,3.3
PROD-03096,Muebles BrandF Modelo 66,Hogar y Cocina,Muebles,BrandF,478.84,264,3.2
PROD-03097,Ciencia BrandB Modelo 28,Libros,Ciencia,BrandB,756.07,10,3.4
PROD-03098,Radiocontrol BrandB Modelo 26,Juguetes,Radiocontrol,BrandB,1178.23,3,4.9
PROD-03099,Radiocontrol BrandA Modelo 13,Juguetes,Radiocontrol,BrandA,939.58,122,3.4
PROD-03100,Teléfonos BrandE Modelo 26,Electrónica,Teléfonos,BrandE,146.44,8,4.1
PROD-03101,Maquillaje BrandE Modelo 19,Belleza y Cuidado Personal,Maquillaje,BrandE,763.3,306,3.1
PROD-03102,Accesorios BrandD Modelo 92,Electrónica,Accesorios,BrandD,371.1,16,3.0
PROD-03103,Camisas BrandA Modelo 45,Ropa y Calzado,Camisas,BrandA,1040.9,211,3.4
PROD-03104,Audio BrandE Modelo 92,Electrónica,Audio,BrandE,610.51,49,4.5
PROD-03105,Ciclismo BrandC Modelo 15,Deportes,Ciclismo,BrandC,543.04,108,4.4
PROD-03106,Accesorios Auto Essentials Modelo 57,Automotriz,Accesorios Auto,Essentials,881.46,147,3.8
PROD-03107,Accesorios BrandD Modelo 28,Electrónica,Accesorios,BrandD,651.29,323,3.8
PROD-03108,Accesorios Auto BrandB Modelo 36,Automotriz,Accesorios Auto,BrandB,604.09,348,4.4
PROD-03109,Limpieza BrandF Modelo 79,Automotriz,Limpieza,BrandF,1405.94,336,4.0
PROD-03110,Pantalones BrandB Modelo 64,Ropa y Calzado,Pantalones,BrandB,82.74,119,3.6
PROD-03111,Camisas BrandB Modelo 53,Ropa y Calzado,Camisas,BrandB,233.46,268,3.9
PROD-03112,Ciencia BrandF Modelo 95,Libros,Ciencia,BrandF,1480.66,181,4.1
PROD-03113,Muñecas EcoLine Modelo 89,Juguetes,Muñecas,EcoLine,597.18,249,4.6
PROD-03114,Ciencia BrandD Modelo 43,Libros,Ciencia,BrandD,850.2,161,4.1
PROD-03115,Chaqueta BrandD Modelo 40,Ropa y Calzado,Chaqueta,BrandD,263.6,55,4.0
PROD-03116,Camisas BrandC Modelo 54,Ropa y Calzado,Camisas,BrandC,385.37,240,4.6
PROD-03117,Gimnasio Essentials Modelo 98,Deportes,Gimnasio,Essentials,1212.86,240,3.1
PROD-03118,Ficción EcoLine Modelo 83,Libros,Ficción,EcoLine,1142.66,332,4.8
PROD-03119,Accesorios Auto BrandA Modelo 31,Automotriz,Accesorios Auto,BrandA,515.44,227,3.3
PROD-03120,Skincare BrandA Modelo 83,Belleza y Cuidado Personal,Skincare,BrandA,660.04,311,3.4
PROD-03121,Perfumes Essentials Modelo 28,Belleza y Cuidado Personal,Perfumes,Essentials,1012.09,139,4.8
PROD-03122,Audio BrandB Modelo 54,Electrónica,Audio,BrandB,372.17,256,3.3
PROD-03123,Juegos de Mesa EcoLine Modelo 99,Juguetes,Juegos de Mesa,EcoLine,1251.48,242,3.4
PROD-03124,Maquillaje PremiumCorp Modelo 23,Belleza y Cuidado Personal,Maquillaje,PremiumCorp,1052.13,263,3.4
PROD-03125,Maquillaje BrandF Modelo 69,Belleza y Cuidado Personal,Maquillaje,BrandF,1408.67,80,4.9
PROD-03126,Ciclismo BrandA Modelo 13,Deportes,Ciclismo,BrandA,324.42,239,4.0
PROD-03127,Perfumes BrandE Modelo 60,Belleza y Cuidado Personal,Perfumes,BrandE,346.31,141,4.4
PROD-03128,Zapatos BrandE Modelo 11,Ropa y Calzado,Zapatos,BrandE,1138.02,209,3.7
PROD-03129,Gimnasio BrandC Modelo 67,Deportes,Gimnasio,BrandC,1461.17,44,3.5
PROD-03130,Teléfonos PremiumCorp Modelo 94,Electrónica,Teléfonos,PremiumCorp,774.22,341,3.0
PROD-03131,Accesorios Auto Essentials Modelo 28,Automotriz,Accesorios Auto,Essentials,1013.62,31,4.1
PROD-03132,Muebles Essentials Modelo 19,Hogar y Cocina,Muebles,Essentials,155.57,193,4.4
PROD-03133,Muebles BrandE Modelo 79,Hogar y Cocina,Muebles,BrandE,48.82,95,3.8
PROD-03134,Ficción BrandC Modelo 61,Libros,Ficción,BrandC,811.77,67,3.1
PROD-03135,Perfumes EcoLine Modelo 68,Belleza y Cuidado Personal,Perfumes,EcoLine,634.02,249,4.8
PROD-03136,Juegos de Mesa BrandE Modelo 77,Juguetes,Juegos de Mesa,BrandE,1415.82,73,4.4
PROD-03137,Gimnasio PremiumCorp Modelo 60,Deportes,Gimnasio,PremiumCorp,440.64,34,3.9
PROD-03138,Chaqueta BrandF Modelo 49,Ropa y Calzado,Chaqueta,BrandF,536.64,247,4.8
PROD-03139,Biografías BrandE Modelo 44,Libros,Biografías,BrandE,1465.64,1,3.6
PROD-03140,Accesorios PremiumCorp Modelo 12,Electrónica,Accesorios,PremiumCorp,775.55,173,3.8
PROD-03141,Decoración BrandF Modelo 54,Hogar y Cocina,Decoración,BrandF,793.97,65,4.1
PROD-03142,Juegos de Mesa Essentials Modelo 10,Juguetes,Juegos de Mesa,Essentials,589.12,102,4.3
PROD-03143,Juegos de Mesa BrandA Modelo 27,Juguetes,Juegos de Mesa,BrandA,756.91,213,3.2
PROD-03144,Maquillaje BrandF Modelo 29,Belleza y Cuidado Personal,Maquillaje,BrandF,522.86,59,3.1
PROD-03145,Laptops BrandE Modelo 25,Electrónica,Laptops,BrandE,726.55,279,3.8
PROD-03146,Herramientas BrandD Modelo 98,Automotriz,Herramientas,BrandD,386.65,28,3.5
PROD-03147,No Ficción EcoLine Modelo 65,Libros,No Ficción,EcoLine,1222.68,86,5.0
PROD-03148,Limpieza PremiumCorp Modelo 94,Automotriz,Limpieza,PremiumCorp,384.13,309,4.2
PROD-03149,Ficción BrandF Modelo 13,Libros,Ficción,BrandF,610.5,35,3.0
PROD-03150,Audio EcoLine Modelo 36,Electrónica,Audio,EcoLine,917.02,38,4.4
PROD-03151,Limpieza BrandC Modelo 98,Automotriz,Limpieza,BrandC,1006.44,332,4.9
PROD-03152,Bloques BrandB Modelo 70,Juguetes,Bloques,BrandB,1240.33,57,3.7
PROD-03153,Juegos de Mesa BrandD Modelo 24,Juguetes,Juegos de Mesa,BrandD,1383.97,1,4.7
PROD-03154,No Ficción EcoLine Modelo 34,Libros,No Ficción,EcoLine,354.56,154,3.6
PROD-03155,Camping BrandB Modelo 34,Deportes,Camping,BrandB,1208.18,75,3.9
PROD-03156,Ficción BrandF Modelo 27,Libros,Ficción,BrandF,1137.87,223,4.1
PROD-03157,Limpieza BrandD Modelo 70,Automotriz,Limpieza,BrandD,967.98,223,3.3
PROD-03158,Accesorios PremiumCorp Modelo 61,Electrónica,Accesorios,PremiumCorp,884.89,201,3.2
PROD-03159,Biografías BrandA Modelo 42,Libros,Biografías,BrandA,550.35,177,4.5
PROD-03160,Running Essentials Modelo 45,Deportes,Running,Essentials,465.2,28,4.1
PROD-03161,Laptops EcoLine Modelo 75,Electrónica,Laptops,EcoLine,999.98,79,4.7
PROD-03162,Maquillaje BrandD Modelo 58,Belleza y Cuidado Personal,Maquillaje,BrandD,803.06,197,3.8
PROD-03163,No Ficción EcoLine Modelo 67,Libros,No Ficción,EcoLine,133.3,328,4.3
PROD-03164,No Ficción BrandF Modelo 72,Libros,No Ficción,BrandF,1311.62,263,4.5
PROD-03165,Utensilios BrandF Modelo 12,Hogar y Cocina,Utensilios,BrandF,1363.07,122,4.3
PROD-03166,Ciclismo EcoLine Modelo 92,Deportes,Ciclismo,EcoLine,326.92,250,4.1
PROD-03167,Skincare EcoLine Modelo 24,Belleza y Cuidado Personal,Skincare,EcoLine,1243.63,327,3.4
PROD-03168,Bloques BrandB Modelo 85,Juguetes,Bloques,BrandB,228.57,20,4.0
PROD-03169,Teléfonos BrandA Modelo 27,Electrónica,Teléfonos,BrandA,588.69,99,3.2
PROD-03170,Perfumes PremiumCorp Modelo 37,Belleza y Cuidado Personal,Perfumes,PremiumCorp,787.05,183,3.6
PROD-03171,Muñecas BrandB Modelo 12,Juguetes,Muñecas,BrandB,790.74,115,4.0
PROD-03172,Muñecas BrandB Modelo 94,Juguetes,Muñecas,BrandB,1084.88,175,3.7
PROD-03173,Muñecas PremiumCorp Modelo 95,Juguetes,Muñecas,PremiumCorp,563.28,229,3.2
PROD-03174,No Ficción BrandD Modelo 37,Libros,No Ficción,BrandD,176.53,209,4.3
PROD-03175,Ciencia BrandC Modelo 41,Libros,Ciencia,BrandC,913.72,295,4.1
PROD-03176,Accesorios Auto BrandC Modelo 27,Automotriz,Accesorios Auto,BrandC,1260.88,87,4.5
PROD-03177,Skincare BrandE Modelo 85,Belleza y Cuidado Personal,Skincare,BrandE,178.51,79,3.5
PROD-03178,Accesorios Auto BrandF Modelo 70,Automotriz,Accesorios Auto,BrandF,7.05,139,4.4
PROD-03179,Juegos de Mesa BrandB Modelo 16,Juguetes,Juegos de Mesa,BrandB,414.61,253,4.4
PROD-03180,Cabello EcoLine Modelo 47,Belleza y Cuidado Personal,Cabello,EcoLine,138.27,144,4.4
PROD-03181,Biografías BrandE Modelo 48,Libros,Biografías,BrandE,777.82,341,4.2
PROD-03182,Audio EcoLine Modelo 48,Electrónica,Audio,EcoLine,1255.12,272,3.9
PROD-03183,Radiocontrol EcoLine Modelo 85,Juguetes,Radiocontrol,EcoLine,520.15,120,4.4
PROD-03184,Running PremiumCorp Modelo 15,Deportes,Running,PremiumCorp,110.66,15,3.7
PROD-03185,Accesorios BrandE Modelo 81,Electrónica,Accesorios,BrandE,483.94,276,4.9
PROD-03186,Audio BrandA Modelo 23,Electrónica,Audio,BrandA,771.76,91,3.1
PROD-03187,Utensilios BrandC Modelo 51,Hogar y Cocina,Utensilios,BrandC,1083.64,239,3.2
PROD-03188,Accesorios BrandA Modelo 29,Electrónica,Accesorios,BrandA,1429.74,28,3.4
PROD-03189,Limpieza EcoLine Modelo 13,Automotriz,Limpieza,EcoLine,685.77,26,4.9
PROD-03190,Perfumes BrandF Modelo 65,Belleza y Cuidado Personal,Perfumes,BrandF,932.48,260,4.2
PROD-03191,Zapatos BrandE Modelo 33,Ropa y Calzado,Zapatos,BrandE,804.47,350,4.1
PROD-03192,Teléfonos BrandB Modelo 51,Electrónica,Teléfonos,BrandB,1212.19,196,3.9
PROD-03193,Teléfonos BrandA Modelo 10,Electrónica,Teléfonos,BrandA,280.58,147,4.3
PROD-03194,Gimnasio PremiumCorp Modelo 80,Deportes,Gimnasio,PremiumCorp,700.35,164,3.4
PROD-03195,Limpieza EcoLine Modelo 58,Automotriz,Limpieza,EcoLine,339.4,159,3.4
PROD-03196,Biografías EcoLine Modelo 87,Libros,Biografías,EcoLine,1372.02,122,4.6
PROD-03197,Camisas BrandC Modelo 99,Ropa y Calzado,Camisas,BrandC,493.11,159,4.7
PROD-03198,Electrodomésticos EcoLine Modelo 13,Hogar y Cocina,Electrodomésticos,EcoLine,746.98,95,4.2
PROD-03199,Maquillaje EcoLine Modelo 43,Belleza y Cuidado Personal,Maquillaje,EcoLine,437.56,113,4.1
PROD-03200,Bloques BrandA Modelo 71,Juguetes,Bloques,BrandA,977.16,125,5.0
PROD-03201,Chaqueta BrandE Modelo 45,Ropa y Calzado,Chaqueta,BrandE,1328.54,75,4.8
PROD-03202,No Ficción Essentials Modelo 79,Libros,No Ficción,Essentials,531.16,130,3.6
PROD-03203,Camisas BrandC Modelo 17,Ropa y Calzado,Camisas,BrandC,1062.15,198,3.2
PROD-03204,Ficción BrandD Modelo 76,Libros,Ficción,BrandD,1101.13,173,3.7
PROD-03205,Limpieza EcoLine Modelo 41,Automotriz,Limpieza,EcoLine,533.62,284,4.2
PROD-03206,Audio Essentials Modelo 44,Electrónica,Audio,Essentials,296.15,146,4.8
PROD-03207,Cabello BrandE Modelo 89,Belleza y Cuidado Personal,Cabello,BrandE,177.64,118,4.1
PROD-03208,Herramientas BrandC Modelo 46,Automotriz,Herramientas,BrandC,1313.11,303,3.5
PROD-03209,Muebles BrandA Modelo 42,Hogar y Cocina,Muebles,BrandA,1220.64,78,4.8
PROD-03210,Teléfonos EcoLine Modelo 20,Electrónica,Teléfonos,EcoLine,1323.16,339,4.5
PROD-03211,Accesorios Auto Essentials Modelo 77,Automotriz,Accesorios Auto,Essentials,135.79,337,4.2
PROD-03212,Limpieza BrandE Modelo 22,Automotriz,Limpieza,BrandE,376.52,18,4.0
PROD-03213,Camping PremiumCorp Modelo 66,Deportes,Camping,PremiumCorp,803.39,205,4.4
PROD-03214,Teléfonos BrandE Modelo 84,Electrónica,Teléfonos,BrandE,423.58,171,4.5
PROD-03215,Teléfonos BrandE Modelo 50,Electrónica,Teléfonos,BrandE,73.4,181,4.1
PROD-03216,Juegos de Mesa BrandA Modelo 69,Juguetes,Juegos de Mesa,BrandA,1476.16,24,3.8
PROD-03217,Ciencia BrandC Modelo 74,Libros,Ciencia,BrandC,130.79,220,4.2
PROD-03218,Juegos de Mesa BrandA Modelo 29,Juguetes,Juegos de Mesa,BrandA,21.12,139,4.3
PROD-03219,Herramientas BrandC Modelo 70,Automotriz,Herramientas,BrandC,607.86,57,3.6
PROD-03220,Ciencia BrandA Modelo 56,Libros,Ciencia,BrandA,767.63,16,3.4
PROD-03221,Limpieza BrandB Modelo 62,Automotriz,Limpieza,BrandB,1193.82,225,3.2
PROD-03222,Accesorios Auto Essentials Modelo 26,Automotriz,Accesorios Auto,Essentials,12.35,169,3.4
PROD-03223,Radiocontrol BrandC Modelo 15,Juguetes,Radiocontrol,BrandC,287.88,201,4.2
PROD-03224,Accesorios BrandC Modelo 95,Electrónica,Accesorios,BrandC,1139.08,198,3.7
PROD-03225,Skincare BrandC Modelo 31,Belleza y Cuidado Personal,Skincare,BrandC,1380.96,205,3.7
PROD-03226,Teléfonos PremiumCorp Modelo 93,Electrónica,Teléfonos,PremiumCorp,390.73,120,4.6
PROD-03227,Cabello BrandC Modelo 39,Belleza y Cuidado Personal,Cabello,BrandC,977.67,191,3.0
PROD-03228,Ciencia BrandB Modelo 57,Libros,Ciencia,BrandB,990.76,212,3.2
PROD-03229,Utensilios Essentials Modelo 76,Hogar y Cocina,Utensilios,Essentials,917.15,248,4.6
PROD-03230,Laptops BrandA Modelo 79,Electrónica,Laptops,BrandA,466.95,107,3.6
PROD-03231,Bloques BrandE Modelo 43,Juguetes,Bloques,BrandE,670.2,108,4.4
PROD-03232,Chaqueta BrandC Modelo 42,Ropa y Calzado,Chaqueta,BrandC,631.4,299,3.9
PROD-03233,Gimnasio BrandB Modelo 24,Deportes,Gimnasio,BrandB,1267.43,251,3.4
PROD-03234,Perfumes BrandF Modelo 91,Belleza y Cuidado Personal,Perfumes,BrandF,865.05,121,4.6
PROD-03235,Pantalones BrandE Modelo 95,Ropa y Calzado,Pantalones,BrandE,46.4,163,4.0
PROD-03236,Bloques BrandB Modelo 29,Juguetes,Bloques,BrandB,1398.39,312,3.5
PROD-03237,Utensilios BrandC Modelo 98,Hogar y Cocina,Utensilios,BrandC,958.48,262,4.6
PROD-03238,Ciclismo BrandD Modelo 50,Deportes,Ciclismo,BrandD,1042.26,152,3.8
PROD-03239,Cabello BrandE Modelo 41,Belleza y Cuidado Personal,Cabello,BrandE,1195.68,287,4.3
PROD-03240,Maquillaje BrandE Modelo 57,Belleza y Cuidado Personal,Maquillaje,BrandE,853.97,87,3.3
PROD-03241,Bloques BrandE Modelo 95,Juguetes,Bloques,BrandE,148.99,270,3.4
PROD-03242,Maquillaje BrandC Modelo 29,Belleza y Cuidado Personal,Maquillaje,BrandC,330.09,0,4.6
PROD-03243,Accesorios Auto BrandE Modelo 32,Automotriz,Accesorios Auto,BrandE,1221.23,36,4.1
PROD-03244,Camping BrandC Modelo 20,Deportes,Camping,BrandC,1225.75,320,4.9
PROD-03245,Muebles BrandD Modelo 13,Hogar y Cocina,Muebles,BrandD,1336.88,241,4.1
PROD-03246,Camisas BrandD Modelo 93,Ropa y Calzado,Camisas,BrandD,1466.6,49,3.1
PROD-03247,Teléfonos BrandA Modelo 15,Electrónica,Teléfonos,BrandA,996.81,198,3.4
PROD-03248,Limpieza BrandB Modelo 93,Automotriz,Limpieza,BrandB,890.01,315,3.8
PROD-03249,Chaqueta BrandE Modelo 46,Ropa y Calzado,Chaqueta,BrandE,410.77,276,4.9
PROD-03250,Accesorios EcoLine Modelo 52,Electrónica,Accesorios,EcoLine,1478.96,294,4.6
PROD-03251,Herramientas BrandC Modelo 65,Automotriz,Herramientas,BrandC,1411.32,283,4.1
PROD-03252,Electrodomésticos PremiumCorp Modelo 29,Hogar y Cocina,Electrodomésticos,PremiumCorp,12.42,19,3.0
PROD-03253,Ciencia EcoLine Modelo 92,Libros,Ciencia,EcoLine,863.51,136,4.4
PROD-03254,Limpieza BrandB Modelo 58,Automotriz,Limpieza,BrandB,633.96,88,3.4
PROD-03255,Laptops BrandD Modelo 30,Electrónica,Laptops,BrandD,834.99,154,3.9
PROD-03256,Limpieza BrandE Modelo 73,Automotriz,Limpieza,BrandE,347.08,89,4.9
PROD-03257,Bloques PremiumCorp Modelo 55,Juguetes,Bloques,PremiumCorp,1227.43,109,4.9
PROD-03258,Audio Essentials Modelo 67,Electrónica,Audio,Essentials,818.32,99,3.9
PROD-03259,Accesorios Auto BrandC Modelo 15,Automotriz,Accesorios Auto,BrandC,991.38,292,4.7
PROD-03260,Herramientas BrandB Modelo 32,Automotriz,Herramientas,BrandB,1020.43,320,4.5
PROD-03261,Ciencia BrandE Modelo 23,Libros,Ciencia,BrandE,903.07,119,3.1
PROD-03262,Limpieza Essentials Modelo 43,Automotriz,Limpieza,Essentials,89.72,322,4.2
PROD-03263,Zapatos EcoLine Modelo 28,Ropa y Calzado,Zapatos,EcoLine,809.79,171,4.3
PROD-03264,Limpieza EcoLine Modelo 53,Automotriz,Limpieza,EcoLine,506.76,125,3.1
PROD-03265,Camisas BrandA Modelo 66,Ropa y Calzado,Camisas,BrandA,702.05,210,4.7
PROD-03266,Biografías BrandB Modelo 30,Libros,Biografías,BrandB,737.44,325,4.3
PROD-03267,Running BrandE Modelo 91,Deportes,Running,BrandE,1281.88,154,4.3
PROD-03268,Radiocontrol BrandC Modelo 48,Juguetes,Radiocontrol,BrandC,501.14,84,3.2
PROD-03269,Bloques BrandB Modelo 59,Juguetes,Bloques,BrandB,1359.4,210,3.4
PROD-03270,Laptops BrandD Modelo 12,Electrónica,Laptops,BrandD,161.7,66,3.4
PROD-03271,Ciclismo EcoLine Modelo 19,Deportes,Ciclismo,EcoLine,1325.58,173,3.5
PROD-03272,Limpieza PremiumCorp Modelo 65,Automotriz,Limpieza,PremiumCorp,636.64,341,3.8
PROD-03273,Chaqueta EcoLine Modelo 51,Ropa y Calzado,Chaqueta,EcoLine,349.69,308,4.7
PROD-03274,Bloques BrandE Modelo 71,Juguetes,Bloques,BrandE,1103.01,238,4.0
PROD-03275,Ciclismo Essentials Modelo 26,Deportes,Ciclismo,Essentials,1247.53,224,4.9
PROD-03276,Zapatos EcoLine Modelo 41,Ropa y Calzado,Zapatos,EcoLine,1291.09,257,4.1
PROD-03277,Skincare BrandB Modelo 75,Belleza y Cuidado Personal,Skincare,BrandB,1167.98,198,4.3
PROD-03278,Teléfonos BrandC Modelo 16,Electrónica,Teléfonos,BrandC,335.7,93,3.8
PROD-03279,Running EcoLine Modelo 61,Deportes,Running,EcoLine,1176.63,261,4.9
PROD-03280,Muebles BrandA Modelo 92,Hogar y Cocina,Muebles,BrandA,980.51,66,4.4
PROD-03281,Bloques BrandE Modelo 19,Juguetes,Bloques,BrandE,1297.69,255,4.6
PROD-03282,Cabello BrandE Modelo 16,Belleza y Cuidado Personal,Cabello,BrandE,1145.49,262,4.1
PROD-03283,Ciencia PremiumCorp Modelo 29,Libros,Ciencia,PremiumCorp,839.33,327,5.0
PROD-03284,Teléfonos Essentials Modelo 87,Electrónica,Teléfonos,Essentials,507.29,258,3.5
PROD-03285,No Ficción EcoLine Modelo 55,Libros,No Ficción,EcoLine,972.27,346,4.8
PROD-03286,No Ficción BrandE Modelo 90,Libros,No Ficción,BrandE,1069.51,27,3.6
PROD-03287,Camping PremiumCorp Modelo 91,Deportes,Camping,PremiumCorp,1461.05,254,4.1
PROD-03288,Zapatos EcoLine Modelo 39,Ropa y Calzado,Zapatos,EcoLine,1254.68,233,3.8
PROD-03289,Limpieza BrandF Modelo 51,Automotriz,Limpieza,BrandF,26.47,55,3.7
PROD-03290,Muebles BrandB Modelo 99,Hogar y Cocina,Muebles,BrandB,988.11,86,4.6
PROD-03291,Chaqueta BrandE Modelo 81,Ropa y Calzado,Chaqueta,BrandE,173.86,103,4.1
PROD-03292,Cabello BrandF Modelo 76,Belleza y Cuidado Personal,Cabello,BrandF,1318.55,40,4.1
PROD-03293,Muñecas BrandB Modelo 53,Juguetes,Muñecas,BrandB,445.43,254,4.2
PROD-03294,Teléfonos PremiumCorp Modelo 80,Electrónica,Teléfonos,PremiumCorp,731.81,270,4.7
PROD-03295,No Ficción BrandA Modelo 53,Libros,No Ficción,BrandA,1439.68,57,4.2
PROD-03296,Chaqueta BrandA Modelo 24,Ropa y Calzado,Chaqueta,BrandA,1031.0,279,4.2
PROD-03297,Muebles BrandF Modelo 77,Hogar y Cocina,Muebles,BrandF,711.61,259,4.6
PROD-03298,Cabello BrandF Modelo 87,Belleza y Cuidado Personal,Cabello,BrandF,331.45,336,3.7
PROD-03299,Laptops Essentials Modelo 63,Electrónica,Laptops,Essentials,1148.86,117,3.3
PROD-03300,Maquillaje BrandD Modelo 66,Belleza y Cuidado Personal,Maquillaje,BrandD,1319.34,8,4.0
PROD-03301,Accesorios Auto BrandB Modelo 99,Automotriz,Accesorios Auto,BrandB,808.22,48,4.6
PROD-03302,No Ficción BrandA Modelo 37,Libros,No Ficción,BrandA,6.22,293,3.3
PROD-03303,Biografías BrandB Modelo 76,Libros,Biografías,BrandB,1105.12,233,3.6
PROD-03304,Camping EcoLine Modelo 69,Deportes,Camping,EcoLine,706.78,217,3.6
PROD-03305,Electrodomésticos BrandA Modelo 96,Hogar y Cocina,Electrodomésticos,BrandA,196.87,253,3.5
PROD-03306,Muñecas Essentials Modelo 57,Juguetes,Muñecas,Essentials,24.39,197,4.5
PROD-03307,Zapatos BrandF Modelo 47,Ropa y Calzado,Zapatos,BrandF,1353.0,25,4.9
PROD-03308,No Ficción BrandA Modelo 49,Libros,No Ficción,BrandA,1138.94,348,4.6
PROD-03309,Skincare BrandC Modelo 58,Belleza y Cuidado Personal,Skincare,BrandC,414.73,39,3.1
PROD-03310,Herramientas BrandE Modelo 26,Automotriz,Herramientas,BrandE,253.43,252,5.0
PROD-03311,Decoración PremiumCorp Modelo 91,Hogar y Cocina,Decoración,PremiumCorp,93.33,228,3.1
PROD-03312,Camping BrandF Modelo 37,Deportes,Camping,BrandF,23.51,266,3.7
PROD-03313,Skincare BrandD Modelo 46,Belleza y Cuidado Personal,Skincare,BrandD,231.32,22,4.7
PROD-03314,Herramientas BrandB Modelo 37,Automotriz,Herramientas,BrandB,854.23,333,4.7
PROD-03315,Ciclismo BrandD Modelo 27,Deportes,Ciclismo,BrandD,1371.32,322,4.3
PROD-03316,Ciencia BrandC Modelo 31,Libros,Ciencia,BrandC,1034.78,66,4.6
PROD-03317,Zapatos Essentials Modelo 70,Ropa y Calzado,Zapatos,Essentials,1403.57,258,4.1
PROD-03318,Audio BrandB Modelo 94,Electrónica,Audio,BrandB,1043.13,68,4.5
PROD-03319,Skincare BrandF Modelo 15,Belleza y Cuidado Personal,Skincare,BrandF,720.11,284,4.1
PROD-03320,Muebles BrandB Modelo 70,Hogar y Cocina,Muebles,BrandB,550.87,103,4.7
PROD-03321,Laptops BrandD Modelo 87,Electrónica,Laptops,BrandD,284.62,78,4.3
PROD-03322,Utensilios BrandB Modelo 46,Hogar y Cocina,Utensilios,BrandB,414.97,89,4.2
PROD-03323,Muebles BrandA Modelo 65,Hogar y Cocina,Muebles,BrandA,666.25,174,4.1
PROD-03324,Radiocontrol BrandF Modelo 14,Juguetes,Radiocontrol,BrandF,149.98,144,3.2
PROD-03325,Laptops BrandB Modelo 19,Electrónica,Laptops,BrandB,1280.66,310,3.8
PROD-03326,Juegos de Mesa BrandC Modelo 19,Juguetes,Juegos de Mesa,BrandC,905.77,305,4.4
PROD-03327,Herramientas BrandE Modelo 70,Automotriz,Herramientas,BrandE,53.9,99,5.0
PROD-03328,Running Essentials Modelo 98,Deportes,Running,Essentials,578.28,224,4.7
PROD-03329,Perfumes EcoLine Modelo 78,Belleza y Cuidado Personal,Perfumes,EcoLine,678.04,60,3.3
PROD-03330,Ficción BrandD Modelo 65,Libros,Ficción,BrandD,318.06,293,3.5
PROD-03331,Biografías Essentials Modelo 54,Libros,Biografías,Essentials,114.77,310,3.9
PROD-03332,Accesorios Auto BrandF Modelo 89,Automotriz,Accesorios Auto,BrandF,1221.31,33,4.9
PROD-03333,Herramientas BrandD Modelo 51,Automotriz,Herramientas,BrandD,888.73,22,3.3
PROD-03334,Camisas BrandE Modelo 26,Ropa y Calzado,Camisas,BrandE,1043.36,167,4.8
PROD-03335,Muebles BrandD Modelo 65,Hogar y Cocina,Muebles,BrandD,1321.96,311,4.6
PROD-03336,Accesorios EcoLine Modelo 87,Electrónica,Accesorios,EcoLine,1026.88,15,3.8
PROD-03337,Chaqueta BrandE Modelo 67,Ropa y Calzado,Chaqueta,BrandE,338.65,166,3.2
PROD-03338,Running BrandB Modelo 56,Deportes,Running,BrandB,70.88,8,4.6
PROD-03339,Laptops BrandF Modelo 71,Electrónica,Laptops,BrandF,581.93,110,4.7
PROD-03340,Utensilios EcoLine Modelo 53,Hogar y Cocina,Utensilios,EcoLine,902.5,159,3.5
PROD-03341,Juegos de Mesa BrandE Modelo 10,Juguetes,Juegos de Mesa,BrandE,969.21,350,4.1
PROD-03342,Radiocontrol BrandA Modelo 33,Juguetes,Radiocontrol,BrandA,1375.13,95,5.0
PROD-03343,Laptops BrandA Modelo 17,Electrónica,Laptops,BrandA,1161.44,337,3.9
PROD-03344,Electrodomésticos EcoLine Modelo 35,Hogar y Cocina,Electrodomésticos,EcoLine,356.48,294,4.7
PROD-03345,Herramientas BrandC Modelo 34,Automotriz,Herramientas,BrandC,446.58,249,3.4
PROD-03346,Skincare BrandE Modelo 30,Belleza y Cuidado Personal,Skincare,BrandE,746.03,109,4.2
PROD-03347,Skincare BrandF Modelo 17,Belleza y Cuidado Personal,Skincare,BrandF,599.27,193,4.7
PROD-03348,Skincare BrandF Modelo 84,Belleza y Cuidado Personal,Skincare,BrandF,24.86,7,3.8
PROD-03349,Radiocontrol BrandD Modelo 25,Juguetes,Radiocontrol,BrandD,695.24,84,3.0
PROD-03350,Decoración BrandB Modelo 71,Hogar y Cocina,Decoración,BrandB,441.02,242,3.4
PROD-03351,No Ficción BrandE Modelo 54,Libros,No Ficción,BrandE,1112.31,7,3.6
PROD-03352,Pantalones BrandF Modelo 75,Ropa y Calzado,Pantalones,BrandF,1019.17,126,4.0
PROD-03353,Audio EcoLine Modelo 58,Electrónica,Audio,EcoLine,658.42,196,3.8
PROD-03354,Herramientas Essentials Modelo 78,Automotriz,Herramientas,Essentials,327.9,125,3.4
PROD-03355,Maquillaje BrandE Modelo 30,Belleza y Cuidado Personal,Maquillaje,BrandE,819.02,93,3.8
PROD-03356,Running BrandC Modelo 28,Deportes,Running,BrandC,308.64,343,4.8
PROD-03357,Camping EcoLine Modelo 70,Deportes,Camping,EcoLine,799.03,82,5.0
PROD-03358,Laptops BrandE Modelo 18,Electrónica,Laptops,BrandE,694.65,20,3.7
PROD-03359,Zapatos BrandD Modelo 82,Ropa y Calzado,Zapatos,BrandD,1370.54,17,4.2
PROD-03360,Zapatos BrandD Modelo 80,Ropa y Calzado,Zapatos,BrandD,1027.85,203,4.0
PROD-03361,Audio BrandF Modelo 92,Electrónica,Audio,BrandF,1438.19,260,3.6
PROD-03362,Camping BrandD Modelo 29,Deportes,Camping,BrandD,1293.33,315,3.3
PROD-03363,Herramientas BrandE Modelo 31,Automotriz,Herramientas,BrandE,945.71,109,4.9
PROD-03364,Camisas BrandC Modelo 42,Ropa y Calzado,Camisas,BrandC,266.44,22,4.6
PROD-03365,Radiocontrol EcoLine Modelo 34,Juguetes,Radiocontrol,EcoLine,769.09,197,4.4
PROD-03366,Cabello BrandA Modelo 27,Belleza y Cuidado Personal,Cabello,BrandA,577.8,230,4.5
PROD-03367,Juegos de Mesa BrandA Modelo 37,Juguetes,Juegos de Mesa,BrandA,1291.79,2,3.6
PROD-03368,Bloques BrandE Modelo 16,Juguetes,Bloques,BrandE,1465.08,169,3.3
PROD-03369,Limpieza PremiumCorp Modelo 43,Automotriz,Limpieza,PremiumCorp,598.91,70,4.2
PROD-03370,Radiocontrol BrandF Modelo 88,Juguetes,Radiocontrol,BrandF,809.51,314,3.3
PROD-03371,Decoración BrandB Modelo 29,Hogar y Cocina,Decoración,BrandB,708.16,213,3.4
PROD-03372,Decoración Essentials Modelo 49,Hogar y Cocina,Decoración,Essentials,85.42,81,4.3
PROD-03373,Camisas BrandD Modelo 29,Ropa y Calzado,Camisas,BrandD,438.73,77,4.2
PROD-03374,Pantalones BrandB Modelo 35,Ropa y Calzado,Pantalones,BrandB,1170.6,97,4.0
PROD-03375,Ficción EcoLine Modelo 99,Libros,Ficción,EcoLine,72.63,319,3.8
PROD-03376,Ciclismo BrandD Modelo 53,Deportes,Ciclismo,BrandD,558.29,59,3.2
PROD-03377,Ficción PremiumCorp Modelo 86,Libros,Ficción,PremiumCorp,935.68,89,3.6
PROD-03378,No Ficción BrandC Modelo 39,Libros,No Ficción,BrandC,68.58,326,3.7
PROD-03379,Muebles EcoLine Modelo 39,Hogar y Cocina,Muebles,EcoLine,139.04,217,4.2
PROD-03380,Decoración BrandF Modelo 11,Hogar y Cocina,Decoración,BrandF,255.06,234,4.2
PROD-03381,Maquillaje Essentials Modelo 25,Belleza y Cuidado Personal,Maquillaje,Essentials,635.51,196,3.2
PROD-03382,Camisas BrandE Modelo 55,Ropa y Calzado,Camisas,BrandE,1367.69,204,4.2
PROD-03383,No Ficción EcoLine Modelo 82,Libros,No Ficción,EcoLine,1327.84,194,3.6
PROD-03384,Ficción EcoLine Modelo 43,Libros,Ficción,EcoLine,374.21,202,3.9
PROD-03385,Gimnasio BrandD Modelo 80,Deportes,Gimnasio,BrandD,1356.34,6,4.7
PROD-03386,Muñecas BrandA Modelo 72,Juguetes,Muñecas,BrandA,360.6,317,3.3
PROD-03387,Skincare BrandB Modelo 18,Belleza y Cuidado Personal,Skincare,BrandB,980.81,169,4.4
PROD-03388,Gimnasio Essentials Modelo 99,Deportes,Gimnasio,Essentials,373.94,290,4.9
PROD-03389,Audio BrandC Modelo 45,Electrónica,Audio,BrandC,563.98,217,3.5
PROD-03390,Laptops BrandC Modelo 31,Electrónica,Laptops,BrandC,477.88,224,3.4
PROD-03391,Teléfonos BrandA Modelo 90,Electrónica,Teléfonos,BrandA,856.29,166,3.0
PROD-03392,Camisas BrandA Modelo 60,Ropa y Calzado,Camisas,BrandA,867.92,346,3.5
PROD-03393,Perfumes BrandA Modelo 93,Belleza y Cuidado Personal,Perfumes,BrandA,1245.31,29,4.2
PROD-03394,Accesorios Auto BrandC Modelo 10,Automotriz,Accesorios Auto,BrandC,1495.82,145,4.1
PROD-03395,Herramientas PremiumCorp Modelo 14,Automotriz,Herramientas,PremiumCorp,1466.4,222,4.6
PROD-03396,Biografías BrandA Modelo 65,Libros,Biografías,BrandA,626.64,73,3.5
PROD-03397,Muñecas BrandE Modelo 32,Juguetes,Muñecas,BrandE,252.55,257,4.4
PROD-03398,Utensilios BrandC Modelo 53,Hogar y Cocina,Utensilios,BrandC,152.05,135,3.5
PROD-03399,Juegos de Mesa Essentials Modelo 11,Juguetes,Juegos de Mesa,Essentials,1403.37,305,3.5
PROD-03400,Gimnasio Essentials Modelo 50,Deportes,Gimnasio,Essentials,827.52,21,3.6
PROD-03401,Teléfonos BrandD Modelo 83,Electrónica,Teléfonos,BrandD,65.3,215,4.5
PROD-03402,Accesorios BrandB Modelo 84,Electrónica,Accesorios,BrandB,1359.36,5,3.5
PROD-03403,Cabello BrandF Modelo 42,Belleza y Cuidado Personal,Cabello,BrandF,539.05,18,4.9
PROD-03404,No Ficción EcoLine Modelo 88,Libros,No Ficción,EcoLine,1141.51,113,4.9
PROD-03405,Teléfonos BrandC Modelo 35,Electrónica,Teléfonos,BrandC,247.07,338,3.2
PROD-03406,Ficción BrandE Modelo 91,Libros,Ficción,BrandE,1201.07,131,3.3
PROD-03407,Biografías BrandA Modelo 56,Libros,Biografías,BrandA,102.74,50,4.6
PROD-03408,Audio BrandF Modelo 99,Electrónica,Audio,BrandF,1089.19,191,4.5
PROD-03409,Decoración PremiumCorp Modelo 25,Hogar y Cocina,Decoración,PremiumCorp,194.71,329,3.9
PROD-03410,Gimnasio PremiumCorp Modelo 61,Deportes,Gimnasio,PremiumCorp,1142.38,284,3.6
PROD-03411,Electrodomésticos Essentials Modelo 67,Hogar y Cocina,Electrodomésticos,Essentials,985.97,231,3.3
PROD-03412,Accesorios Auto Essentials Modelo 50,Automotriz,Accesorios Auto,Essentials,902.42,278,4.1
PROD-03413,Limpieza BrandD Modelo 48,Automotriz,Limpieza,BrandD,260.22,79,4.1
PROD-03414,Muebles BrandC Modelo 81,Hogar y Cocina,Muebles,BrandC,1067.55,136,4.3
PROD-03415,Utensilios BrandC Modelo 19,Hogar y Cocina,Utensilios,BrandC,1473.12,234,5.0
PROD-03416,Ciencia BrandA Modelo 82,Libros,Ciencia,BrandA,277.88,47,5.0
PROD-03417,Utensilios BrandC Modelo 51,Hogar y Cocina,Utensilios,BrandC,476.08,84,3.5
PROD-03418,Audio EcoLine Modelo 11,Electrónica,Audio,EcoLine,1490.38,93,4.8
PROD-03419,Juegos de Mesa BrandD Modelo 87,Juguetes,Juegos de Mesa,BrandD,221.02,3,4.0
PROD-03420,Laptops BrandE Modelo 87,Electrónica,Laptops,BrandE,186.53,54,4.4
PROD-03421,Ciclismo BrandA Modelo 69,Deportes,Ciclismo,BrandA,626.53,92,3.8
PROD-03422,Juegos de Mesa BrandA Modelo 45,Juguetes,Juegos de Mesa,BrandA,808.05,194,4.8
PROD-03423,Muebles BrandA Modelo 83,Hogar y Cocina,Muebles,BrandA,1098.21,35,3.7
PROD-03424,Biografías BrandC Modelo 75,Libros,Biografías,BrandC,660.57,326,4.8
PROD-03425,Ficción BrandD Modelo 32,Libros,Ficción,BrandD,827.35,323,3.1
PROD-03426,Camisas BrandC Modelo 92,Ropa y Calzado,Camisas,BrandC,1112.92,163,4.2
PROD-03427,No Ficción BrandB Modelo 52,Libros,No Ficción,BrandB,1410.5,57,3.0
PROD-03428,Camping BrandB Modelo 35,Deportes,Camping,BrandB,1466.4,33,4.2
PROD-03429,Laptops BrandD Modelo 68,Electrónica,Laptops,BrandD,1352.35,108,3.5
PROD-03430,Chaqueta BrandC Modelo 96,Ropa y Calzado,Chaqueta,BrandC,1372.21,70,3.3
PROD-03431,Juegos de Mesa BrandE Modelo 71,Juguetes,Juegos de Mesa,BrandE,897.24,98,4.1
PROD-03432,Zapatos BrandC Modelo 47,Ropa y Calzado,Zapatos,BrandC,509.25,250,3.2
PROD-03433,Perfumes BrandC Modelo 48,Belleza y Cuidado Personal,Perfumes,BrandC,194.78,79,3.9
PROD-03434,Gimnasio BrandD Modelo 98,Deportes,Gimnasio,BrandD,139.82,146,4.1
PROD-03435,Teléfonos BrandD Modelo 40,Electrónica,Teléfonos,BrandD,1103.37,73,4.7
PROD-03436,Perfumes BrandD Modelo 32,Belleza y Cuidado Personal,Perfumes,BrandD,59.67,160,4.7
PROD-03437,Camisas BrandA Modelo 40,Ropa y Calzado,Camisas,BrandA,1072.51,192,3.4
PROD-03438,Radiocontrol BrandB Modelo 29,Juguetes,Radiocontrol,BrandB,510.16,71,3.1
PROD-03439,Gimnasio BrandD Modelo 40,Deportes,Gimnasio,BrandD,285.55,86,3.5
PROD-03440,Pantalones BrandB Modelo 93,Ropa y Calzado,Pantalones,BrandB,717.62,43,3.0
PROD-03441,Muebles BrandD Modelo 10,Hogar y Cocina,Muebles,BrandD,1154.23,318,3.3
PROD-03442,Limpieza BrandA Modelo 81,Automotriz,Limpieza,BrandA,137.08,272,3.8
PROD-03443,Accesorios Auto BrandE Modelo 92,Automotriz,Accesorios Auto,BrandE,178.09,274,4.6
PROD-03444,No Ficción BrandB Modelo 47,Libros,No Ficción,BrandB,758.03,43,4.5
PROD-03445,Accesorios BrandE Modelo 79,Electrónica,Accesorios,BrandE,918.7,277,3.6
PROD-03446,Ciencia BrandB Modelo 15,Libros,Ciencia,BrandB,599.11,205,4.2
PROD-03447,Accesorios Auto BrandE Modelo 89,Automotriz,Accesorios Auto,BrandE,859.62,103,4.8
PROD-03448,Muebles Essentials Modelo 17,Hogar y Cocina,Muebles,Essentials,858.17,330,4.3
PROD-03449,Ciclismo BrandD Modelo 69,Deportes,Ciclismo,BrandD,95.02,179,4.4
PROD-03450,No Ficción BrandD Modelo 33,Libros,No Ficción,BrandD,691.84,50,4.7
PROD-03451,Electrodomésticos BrandE Modelo 80,Hogar y Cocina,Electrodomésticos,BrandE,608.15,141,3.2
PROD-03452,Camisas BrandB Modelo 83,Ropa y Calzado,Camisas,BrandB,451.6,193,3.2
PROD-03453,No Ficción BrandF Modelo 29,Libros,No Ficción,BrandF,1217.25,212,4.4
PROD-03454,Electrodomésticos BrandC Modelo 26,Hogar y Cocina,Electrodomésticos,BrandC,485.64,285,4.7
PROD-03455,Cabello BrandA Modelo 94,Belleza y Cuidado Personal,Cabello,BrandA,1402.84,236,4.6
PROD-03456,Cabello BrandA Modelo 92,Belleza y Cuidado Personal,Cabello,BrandA,585.98,120,3.5
PROD-03457,Utensilios PremiumCorp Modelo 23,Hogar y Cocina,Utensilios,PremiumCorp,192.73,172,4.8
PROD-03458,Running PremiumCorp Modelo 93,Deportes,Running,PremiumCorp,566.74,318,3.3
PROD-03459,Decoración BrandA Modelo 89,Hogar y Cocina,Decoración,BrandA,578.0,273,4.5
PROD-03460,Camisas BrandB Modelo 77,Ropa y Calzado,Camisas,BrandB,1359.09,337,4.4
PROD-03461,Radiocontrol Essentials Modelo 91,Juguetes,Radiocontrol,Essentials,778.43,28,3.2
PROD-03462,Zapatos Essentials Modelo 94,Ropa y Calzado,Zapatos,Essentials,331.64,318,4.2
PROD-03463,Pantalones BrandA Modelo 32,Ropa y Calzado,Pantalones,BrandA,909.22,270,4.6
PROD-03464,Camping EcoLine Modelo 13,Deportes,Camping,EcoLine,1297.18,127,3.1
PROD-03465,Audio EcoLine Modelo 98,Electrónica,Audio,EcoLine,358.21,83,4.7
PROD-03466,Muebles PremiumCorp Modelo 16,Hogar y Cocina,Muebles,PremiumCorp,903.2,103,4.9
PROD-03467,Laptops BrandB Modelo 27,Electrónica,Laptops,BrandB,641.3,307,4.8
PROD-03468,No Ficción BrandF Modelo 34,Libros,No Ficción,BrandF,906.13,255,3.5
PROD-03469,Accesorios Auto BrandE Modelo 49,Automotriz,Accesorios Auto,BrandE,661.73,244,3.7
PROD-03470,Bloques BrandC Modelo 84,Juguetes,Bloques,BrandC,224.86,141,4.2
PROD-03471,No Ficción PremiumCorp Modelo 64,Libros,No Ficción,PremiumCorp,263.36,47,4.9
PROD-03472,Teléfonos Essentials Modelo 61,Electrónica,Teléfonos,Essentials,910.8,181,3.2
PROD-03473,Limpieza EcoLine Modelo 19,Automotriz,Limpieza,EcoLine,965.41,342,4.2
PROD-03474,Radiocontrol BrandC Modelo 84,Juguetes,Radiocontrol,BrandC,1185.99,156,4.9
PROD-03475,Teléfonos BrandB Modelo 53,Electrónica,Teléfonos,BrandB,689.78,67,3.4
PROD-03476,Maquillaje BrandA Modelo 11,Belleza y Cuidado Personal,Maquillaje,BrandA,230.38,161,3.3
PROD-03477,Accesorios Auto EcoLine Modelo 90,Automotriz,Accesorios Auto,EcoLine,893.67,302,4.7
PROD-03478,Gimnasio EcoLine Modelo 88,Deportes,Gimnasio,EcoLine,92.41,21,4.5
PROD-03479,Teléfonos BrandC Modelo 71,Electrónica,Teléfonos,BrandC,727.97,143,5.0
PROD-03480,Bloques BrandB Modelo 75,Juguetes,Bloques,BrandB,1000.26,4,3.8
PROD-03481,Muebles BrandD Modelo 37,Hogar y Cocina,Muebles,BrandD,1299.57,161,3.8
PROD-03482,Audio BrandE Modelo 16,Electrónica,Audio,BrandE,804.64,229,3.6
PROD-03483,Radiocontrol BrandA Modelo 40,Juguetes,Radiocontrol,BrandA,86.98,271,5.0
PROD-03484,Biografías BrandD Modelo 20,Libros,Biografías,BrandD,1307.19,241,3.7
PROD-03485,Muñecas BrandE Modelo 79,Juguetes,Muñecas,BrandE,69.64,40,4.6
PROD-03486,Biografías BrandF Modelo 16,Libros,Biografías,BrandF,824.18,294,3.9
PROD-03487,Electrodomésticos BrandD Modelo 98,Hogar y Cocina,Electrodomésticos,BrandD,1128.36,66,3.6
PROD-03488,No Ficción BrandF Modelo 61,Libros,No Ficción,BrandF,819.78,325,3.1
PROD-03489,Teléfonos BrandD Modelo 63,Electrónica,Teléfonos,BrandD,572.84,262,4.6
PROD-03490,Accesorios BrandF Modelo 74,Electrónica,Accesorios,BrandF,709.77,240,4.0
PROD-03491,Running BrandE Modelo 74,Deportes,Running,BrandE,626.69,257,4.2
PROD-03492,No Ficción BrandC Modelo 77,Libros,No Ficción,BrandC,124.2,287,3.2
PROD-03493,Radiocontrol PremiumCorp Modelo 98,Juguetes,Radiocontrol,PremiumCorp,448.91,96,4.2
PROD-03494,Muebles BrandA Modelo 67,Hogar y Cocina,Muebles,BrandA,1452.14,265,4.7
PROD-03495,Juegos de Mesa BrandF Modelo 50,Juguetes,Juegos de Mesa,BrandF,21.26,213,3.9
PROD-03496,Gimnasio BrandF Modelo 86,Deportes,Gimnasio,BrandF,565.64,324,4.9
PROD-03497,Juegos de Mesa BrandD Modelo 93,Juguetes,Juegos de Mesa,BrandD,1047.15,37,3.9
PROD-03498,Limpieza BrandD Modelo 67,Automotriz,Limpieza,BrandD,715.26,50,3.6
PROD-03499,Maquillaje BrandF Modelo 54,Belleza y Cuidado Personal,Maquillaje,BrandF,775.99,7,4.3
PROD-03500,Accesorios EcoLine Modelo 75,Electrónica,Accesorios,EcoLine,434.19,33,3.6
PROD-03501,Herramientas BrandD Modelo 97,Automotriz,Herramientas,BrandD,747.59,25,4.8
PROD-03502,Muñecas BrandE Modelo 91,Juguetes,Muñecas,BrandE,525.35,239,3.7
PROD-03503,Maquillaje BrandD Modelo 53,Belleza y Cuidado Personal,Maquillaje,BrandD,1407.85,91,4.3
PROD-03504,Accesorios PremiumCorp Modelo 74,Electrónica,Accesorios,PremiumCorp,1259.97,314,3.2
PROD-03505,Running BrandE Modelo 92,Deportes,Running,BrandE,1434.87,134,5.0
PROD-03506,Zapatos Essentials Modelo 36,Ropa y Calzado,Zapatos,Essentials,217.11,201,4.9
PROD-03507,Utensilios BrandC Modelo 81,Hogar y Cocina,Utensilios,BrandC,1327.74,342,3.2
PROD-03508,Zapatos BrandB Modelo 98,Ropa y Calzado,Zapatos,BrandB,113.15,3,4.8
PROD-03509,Utensilios Essentials Modelo 55,Hogar y Cocina,Utensilios,Essentials,697.55,240,3.2
PROD-03510,Skincare EcoLine Modelo 80,Belleza y Cuidado Personal,Skincare,EcoLine,1297.1,48,4.3
PROD-03511,Camisas BrandE Modelo 49,Ropa y Calzado,Camisas,BrandE,1276.74,245,4.9
PROD-03512,Gimnasio BrandE Modelo 58,Deportes,Gimnasio,BrandE,1340.62,244,4.1
PROD-03513,Bloques Essentials Modelo 80,Juguetes,Bloques,Essentials,508.66,330,4.3
PROD-03514,Radiocontrol PremiumCorp Modelo 24,Juguetes,Radiocontrol,PremiumCorp,430.19,321,5.0
PROD-03515,Decoración BrandA Modelo 81,Hogar y Cocina,Decoración,BrandA,411.68,44,3.5
PROD-03516,Accesorios Auto BrandB Modelo 69,Automotriz,Accesorios Auto,BrandB,1453.57,265,4.2
PROD-03517,Decoración BrandD Modelo 77,Hogar y Cocina,Decoración,BrandD,243.76,348,4.1
PROD-03518,Limpieza PremiumCorp Modelo 37,Automotriz,Limpieza,PremiumCorp,321.3,280,3.5
PROD-03519,Gimnasio PremiumCorp Modelo 17,Deportes,Gimnasio,PremiumCorp,217.64,17,5.0
PROD-03520,Audio BrandE Modelo 29,Electrónica,Audio,BrandE,1142.62,184,4.4
PROD-03521,Cabello BrandB Modelo 50,Belleza y Cuidado Personal,Cabello,BrandB,125.48,319,3.1
PROD-03522,Limpieza BrandF Modelo 44,Automotriz,Limpieza,BrandF,15.36,345,3.1
PROD-03523,No Ficción BrandD Modelo 54,Libros,No Ficción,BrandD,963.26,233,4.6
PROD-03524,Juegos de Mesa BrandF Modelo 49,Juguetes,Juegos de Mesa,BrandF,560.41,303,4.6
PROD-03525,No Ficción BrandB Modelo 96,Libros,No Ficción,BrandB,664.85,204,4.8
PROD-03526,Accesorios BrandF Modelo 67,Electrónica,Accesorios,BrandF,675.0,146,3.1
PROD-03527,Audio BrandC Modelo 15,Electrónica,Audio,BrandC,461.26,41,4.8
PROD-03528,Electrodomésticos BrandD Modelo 14,Hogar y Cocina,Electrodomésticos,BrandD,37.8,319,4.0
PROD-03529,Pantalones BrandB Modelo 87,Ropa y Calzado,Pantalones,BrandB,811.44,268,4.3
PROD-03530,Laptops BrandA Modelo 23,Electrónica,Laptops,BrandA,1201.75,230,4.0
PROD-03531,No Ficción BrandB Modelo 91,Libros,No Ficción,BrandB,518.55,250,4.0
PROD-03532,Audio BrandB Modelo 61,Electrónica,Audio,BrandB,156.11,133,4.6
PROD-03533,Muñecas BrandB Modelo 86,Juguetes,Muñecas,BrandB,715.36,312,3.1
PROD-03534,Zapatos BrandA Modelo 73,Ropa y Calzado,Zapatos,BrandA,270.24,304,5.0
PROD-03535,Gimnasio EcoLine Modelo 40,Deportes,Gimnasio,EcoLine,336.49,43,4.5
PROD-03536,Herramientas Essentials Modelo 43,Automotriz,Herramientas,Essentials,1474.42,304,4.8
PROD-03537,Herramientas BrandB Modelo 60,Automotriz,Herramientas,BrandB,422.66,98,4.3
PROD-03538,Maquillaje BrandF Modelo 15,Belleza y Cuidado Personal,Maquillaje,BrandF,879.18,95,4.5
PROD-03539,Running Essentials Modelo 86,Deportes,Running,Essentials,294.95,151,3.9
PROD-03540,Herramientas Essentials Modelo 81,Automotriz,Herramientas,Essentials,894.76,327,3.5
PROD-03541,Juegos de Mesa BrandC Modelo 17,Juguetes,Juegos de Mesa,BrandC,858.51,101,4.5
PROD-03542,Accesorios Essentials Modelo 56,Electrónica,Accesorios,Essentials,816.26,241,4.1
PROD-03543,Herramientas BrandF Modelo 16,Automotriz,Herramientas,BrandF,1261.43,84,4.3
PROD-03544,Radiocontrol BrandD Modelo 99,Juguetes,Radiocontrol,BrandD,288.58,87,4.7
PROD-03545,No Ficción BrandB Modelo 32,Libros,No Ficción,BrandB,1160.61,236,4.5
PROD-03546,Utensilios BrandE Modelo 81,Hogar y Cocina,Utensilios,BrandE,680.37,166,3.4
PROD-03547,Maquillaje BrandB Modelo 14,Belleza y Cuidado Personal,Maquillaje,BrandB,190.27,223,4.7
PROD-03548,Ciencia BrandD Modelo 97,Libros,Ciencia,BrandD,1337.59,225,4.0
PROD-03549,Maquillaje BrandD Modelo 20,Belleza y Cuidado Personal,Maquillaje,BrandD,744.01,6,4.8
PROD-03550,Decoración BrandA Modelo 26,Hogar y Cocina,Decoración,BrandA,82.5,67,4.2
PROD-03551,Camping BrandC Modelo 99,Deportes,Camping,BrandC,55.65,322,4.3
PROD-03552,Maquillaje BrandB Modelo 54,Belleza y Cuidado Personal,Maquillaje,BrandB,1394.37,219,4.6
PROD-03553,Camping BrandF Modelo 60,Deportes,Camping,BrandF,680.59,115,3.5
PROD-03554,Decoración PremiumCorp Modelo 20,Hogar y Cocina,Decoración,PremiumCorp,116.2,84,4.5
PROD-03555,Ficción PremiumCorp Modelo 16,Libros,Ficción,PremiumCorp,42.82,131,3.7
PROD-03556,Utensilios BrandE Modelo 30,Hogar y Cocina,Utensilios,BrandE,1132.34,132,3.2
PROD-03557,Ciencia BrandF Modelo 19,Libros,Ciencia,BrandF,935.33,175,4.1
PROD-03558,Skincare BrandB Modelo 44,Belleza y Cuidado Personal,Skincare,BrandB,142.79,246,4.9
PROD-03559,Decoración BrandD Modelo 98,Hogar y Cocina,Decoración,BrandD,720.5,35,4.1
PROD-03560,Limpieza Essentials Modelo 39,Automotriz,Limpieza,Essentials,853.56,54,4.1
PROD-03561,Chaqueta BrandA Modelo 75,Ropa y Calzado,Chaqueta,BrandA,25.63,293,3.8
PROD-03562,Limpieza BrandE Modelo 85,Automotriz,Limpieza,BrandE,1015.53,161,4.0
PROD-03563,Ciclismo BrandE Modelo 26,Deportes,Ciclismo,BrandE,1032.34,306,3.2
PROD-03564,Utensilios BrandC Modelo 97,Hogar y Cocina,Utensilios,BrandC,364.37,23,3.0
PROD-03565,Juegos de Mesa BrandD Modelo 84,Juguetes,Juegos de Mesa,BrandD,1491.99,288,3.3
PROD-03566,Running BrandC Modelo 30,Deportes,Running,BrandC,602.19,325,4.6
PROD-03567,Ciencia EcoLine Modelo 60,Libros,Ciencia,EcoLine,875.88,104,3.1
PROD-03568,Pantalones BrandC Modelo 16,Ropa y Calzado,Pantalones,BrandC,1159.35,306,3.4
PROD-03569,Muebles EcoLine Modelo 59,Hogar y Cocina,Muebles,EcoLine,219.54,26,3.1
PROD-03570,Cabello BrandA Modelo 49,Belleza y Cuidado Personal,Cabello,BrandA,1305.82,168,4.7
PROD-03571,Muebles BrandB Modelo 82,Hogar y Cocina,Muebles,BrandB,122.52,15,4.9
PROD-03572,Cabello BrandA Modelo 37,Belleza y Cuidado Personal,Cabello,BrandA,678.75,56,4.3
PROD-03573,Pantalones Essentials Modelo 50,Ropa y Calzado,Pantalones,Essentials,860.85,258,5.0
PROD-03574,Limpieza PremiumCorp Modelo 46,Automotriz,Limpieza,PremiumCorp,1302.27,224,3.2
PROD-03575,Ciencia EcoLine Modelo 74,Libros,Ciencia,EcoLine,884.13,105,4.5
PROD-03576,Herramientas BrandB Modelo 98,Automotriz,Herramientas,BrandB,453.15,106,3.4
PROD-03577,Camping Essentials Modelo 89,Deportes,Camping,Essentials,644.7,168,4.6
PROD-03578,Zapatos BrandF Modelo 96,Ropa y Calzado,Zapatos,BrandF,470.69,222,3.8
PROD-03579,Pantalones BrandC Modelo 89,Ropa y Calzado,Pantalones,BrandC,1221.4,308,4.4
PROD-03580,Chaqueta PremiumCorp Modelo 41,Ropa y Calzado,Chaqueta,PremiumCorp,1435.5,6,3.8
PROD-03581,Chaqueta BrandE Modelo 49,Ropa y Calzado,Chaqueta,BrandE,538.44,8,5.0
PROD-03582,Perfumes BrandE Modelo 44,Belleza y Cuidado Personal,Perfumes,BrandE,1032.02,170,3.9
PROD-03583,Muebles BrandA Modelo 97,Hogar y Cocina,Muebles,BrandA,1342.67,312,4.7
PROD-03584,Maquillaje BrandC Modelo 19,Belleza y Cuidado Personal,Maquillaje,BrandC,361.92,143,3.1
PROD-03585,Teléfonos BrandE Modelo 95,Electrónica,Teléfonos,BrandE,637.22,164,4.7
PROD-03586,Decoración BrandA Modelo 87,Hogar y Cocina,Decoración,BrandA,95.83,55,3.3
PROD-03587,Audio Essentials Modelo 24,Electrónica,Audio,Essentials,657.05,198,4.1
PROD-03588,Perfumes BrandE Modelo 82,Belleza y Cuidado Personal,Perfumes,BrandE,1164.29,215,4.4
PROD-03589,Ciclismo Essentials Modelo 84,Deportes,Ciclismo,Essentials,1260.81,110,4.8
PROD-03590,Camisas BrandC Modelo 42,Ropa y Calzado,Camisas,BrandC,1426.79,272,3.1
PROD-03591,Accesorios Auto BrandA Modelo 21,Automotriz,Accesorios Auto,BrandA,103.63,348,3.7
PROD-03592,Cabello PremiumCorp Modelo 44,Belleza y Cuidado Personal,Cabello,PremiumCorp,1475.4,336,4.7
PROD-03593,Muñecas BrandF Modelo 55,Juguetes,Muñecas,BrandF,914.47,264,4.3
PROD-03594,Muñecas BrandA Modelo 79,Juguetes,Muñecas,BrandA,1041.58,230,4.6
PROD-03595,Biografías Essentials Modelo 83,Libros,Biografías,Essentials,1256.86,337,3.7
PROD-03596,Laptops EcoLine Modelo 33,Electrónica,Laptops,EcoLine,1118.46,94,3.5
PROD-03597,Electrodomésticos BrandE Modelo 69,Hogar y Cocina,Electrodomésticos,BrandE,1164.53,117,4.7
PROD-03598,Ciencia Essentials Modelo 14,Libros,Ciencia,Essentials,1340.58,237,3.2
PROD-03599,No Ficción BrandC Modelo 99,Libros,No Ficción,BrandC,456.75,224,4.4
PROD-03600,Muebles PremiumCorp Modelo 44,Hogar y Cocina,Muebles,PremiumCorp,1233.6,107,4.6
PROD-03601,Limpieza BrandF Modelo 68,Automotriz,Limpieza,BrandF,667.98,166,4.2
PROD-03602,Teléfonos Essentials Modelo 12,Electrónica,Teléfonos,Essentials,624.92,319,3.3
PROD-03603,No Ficción EcoLine Modelo 46,Libros,No Ficción,EcoLine,1013.81,57,3.8
PROD-03604,Utensilios BrandB Modelo 80,Hogar y Cocina,Utensilios,BrandB,426.48,256,4.6
PROD-03605,Ciclismo Essentials Modelo 79,Deportes,Ciclismo,Essentials,358.19,147,3.8
PROD-03606,Running Essentials Modelo 63,Deportes,Running,Essentials,1069.54,279,3.9
PROD-03607,Ficción Essentials Modelo 87,Libros,Ficción,Essentials,1287.15,170,3.5
PROD-03608,Ficción BrandE Modelo 37,Libros,Ficción,BrandE,87.91,187,3.4
PROD-03609,Running BrandC Modelo 23,Deportes,Running,BrandC,1355.02,155,3.5
PROD-03610,Electrodomésticos EcoLine Modelo 88,Hogar y Cocina,Electrodomésticos,EcoLine,617.25,14,4.2
PROD-03611,Skincare BrandC Modelo 24,Belleza y Cuidado Personal,Skincare,BrandC,789.73,343,3.4
PROD-03612,Chaqueta BrandA Modelo 12,Ropa y Calzado,Chaqueta,BrandA,859.58,178,3.1
PROD-03613,Juegos de Mesa Essentials Modelo 71,Juguetes,Juegos de Mesa,Essentials,1367.65,248,4.3
PROD-03614,Utensilios BrandB Modelo 30,Hogar y Cocina,Utensilios,BrandB,1179.1,269,3.9
PROD-03615,Accesorios Auto BrandC Modelo 30,Automotriz,Accesorios Auto,BrandC,326.19,87,4.5
PROD-03616,Herramientas PremiumCorp Modelo 48,Automotriz,Herramientas,PremiumCorp,901.17,309,4.4
PROD-03617,Juegos de Mesa BrandB Modelo 74,Juguetes,Juegos de Mesa,BrandB,765.21,29,3.3
PROD-03618,No Ficción BrandA Modelo 60,Libros,No Ficción,BrandA,115.17,74,4.4
PROD-03619,Maquillaje BrandD Modelo 20,Belleza y Cuidado Personal,Maquillaje,BrandD,765.42,90,4.0
PROD-03620,Zapatos PremiumCorp Modelo 54,Ropa y Calzado,Zapatos,PremiumCorp,1000.53,21,4.1
PROD-03621,Muebles Essentials Modelo 67,Hogar y Cocina,Muebles,Essentials,250.24,108,4.0
PROD-03622,Zapatos BrandD Modelo 93,Ropa y Calzado,Zapatos,BrandD,126.62,63,4.1
PROD-03623,Bloques BrandB Modelo 73,Juguetes,Bloques,BrandB,648.7,334,4.9
PROD-03624,Juegos de Mesa EcoLine Modelo 98,Juguetes,Juegos de Mesa,EcoLine,877.4,309,3.8
PROD-03625,Maquillaje PremiumCorp Modelo 36,Belleza y Cuidado Personal,Maquillaje,PremiumCorp,1333.1,79,4.1
PROD-03626,Accesorios Auto BrandF Modelo 58,Automotriz,Accesorios Auto,BrandF,487.02,119,3.9
PROD-03627,Camping PremiumCorp Modelo 46,Deportes,Camping,PremiumCorp,1031.05,272,3.8
PROD-03628,Audio BrandD Modelo 85,Electrónica,Audio,BrandD,406.72,22,3.3
PROD-03629,Biografías BrandD Modelo 60,Libros,Biografías,BrandD,62.17,138,3.7
PROD-03630,Limpieza BrandB Modelo 50,Automotriz,Limpieza,BrandB,790.71,186,4.8
PROD-03631,Cabello BrandF Modelo 87,Belleza y Cuidado Personal,Cabello,BrandF,791.46,334,4.1
PROD-03632,Perfumes Essentials Modelo 45,Belleza y Cuidado Personal,Perfumes,Essentials,1336.14,59,3.1
PROD-03633,Pantalones BrandC Modelo 37,Ropa y Calzado,Pantalones,BrandC,1373.93,200,3.1
PROD-03634,Ficción BrandB Modelo 73,Libros,Ficción,BrandB,127.8,177,4.8
PROD-03635,Muñecas BrandC Modelo 61,Juguetes,Muñecas,BrandC,1152.27,298,4.8
PROD-03636,Muebles BrandB Modelo 55,Hogar y Cocina,Muebles,BrandB,486.43,62,3.6
PROD-03637,Ciclismo BrandA Modelo 12,Deportes,Ciclismo,BrandA,547.29,68,4.0
PROD-03638,Camping BrandA Modelo 81,Deportes,Camping,BrandA,841.5,211,3.2
PROD-03639,Muebles BrandC Modelo 13,Hogar y Cocina,Muebles,BrandC,749.75,53,3.3
PROD-03640,Perfumes BrandA Modelo 69,Belleza y Cuidado Personal,Perfumes,BrandA,1101.47,93,4.9
PROD-03641,No Ficción BrandC Modelo 45,Libros,No Ficción,BrandC,1092.72,307,3.1
PROD-03642,Muñecas BrandE Modelo 36,Juguetes,Muñecas,BrandE,755.49,6,4.2
PROD-03643,Maquillaje EcoLine Modelo 96,Belleza y Cuidado Personal,Maquillaje,EcoLine,464.01,22,3.8
PROD-03644,Ficción PremiumCorp Modelo 18,Libros,Ficción,PremiumCorp,1319.25,13,3.5
PROD-03645,Muebles BrandE Modelo 66,Hogar y Cocina,Muebles,BrandE,1482.94,297,4.6
PROD-03646,Accesorios Auto BrandA Modelo 83,Automotriz,Accesorios Auto,BrandA,1271.03,313,3.5
PROD-03647,Electrodomésticos BrandC Modelo 40,Hogar y Cocina,Electrodomésticos,BrandC,189.13,326,4.5
PROD-03648,Accesorios Auto PremiumCorp Modelo 29,Automotriz,Accesorios Auto,PremiumCorp,1044.26,239,3.4
PROD-03649,Zapatos BrandC Modelo 77,Ropa y Calzado,Zapatos,BrandC,602.66,190,4.0
PROD-03650,Laptops BrandC Modelo 83,Electrónica,Laptops,BrandC,414.91,73,4.6
PROD-03651,Utensilios BrandA Modelo 62,Hogar y Cocina,Utensilios,BrandA,743.5,333,3.5
PROD-03652,Chaqueta EcoLine Modelo 57,Ropa y Calzado,Chaqueta,EcoLine,79.39,247,4.6
PROD-03653,Utensilios BrandD Modelo 65,Hogar y Cocina,Utensilios,BrandD,252.75,145,4.8
PROD-03654,Camping BrandE Modelo 80,Deportes,Camping,BrandE,509.57,288,4.2
PROD-03655,Gimnasio BrandA Modelo 88,Deportes,Gimnasio,BrandA,1097.55,235,4.4
PROD-03656,Ciencia PremiumCorp Modelo 26,Libros,Ciencia,PremiumCorp,852.48,281,3.5
PROD-03657,No Ficción BrandC Modelo 93,Libros,No Ficción,BrandC,1306.98,82,4.6
PROD-03658,Accesorios BrandF Modelo 68,Electrónica,Accesorios,BrandF,990.68,112,3.1
PROD-03659,Cabello BrandC Modelo 51,Belleza y Cuidado Personal,Cabello,BrandC,1241.96,41,3.1
PROD-03660,Camping BrandD Modelo 19,Deportes,Camping,BrandD,889.41,11,4.4
PROD-03661,Teléfonos BrandF Modelo 41,Electrónica,Teléfonos,BrandF,1241.64,146,3.2
PROD-03662,Maquillaje BrandD Modelo 45,Belleza y Cuidado Personal,Maquillaje,BrandD,352.15,316,4.4
PROD-03663,Accesorios Auto BrandB Modelo 70,Automotriz,Accesorios Auto,BrandB,700.51,142,4.2
PROD-03664,Ciencia BrandD Modelo 95,Libros,Ciencia,BrandD,320.82,73,4.1
PROD-03665,Ficción BrandB Modelo 16,Libros,Ficción,BrandB,1427.83,193,3.1
PROD-03666,Pantalones BrandE Modelo 60,Ropa y Calzado,Pantalones,BrandE,651.99,6,3.9
PROD-03667,Muebles BrandE Modelo 81,Hogar y Cocina,Muebles,BrandE,508.17,57,3.9
PROD-03668,Camping Essentials Modelo 81,Deportes,Camping,Essentials,606.52,124,4.2
PROD-03669,Accesorios Auto BrandE Modelo 17,Automotriz,Accesorios Auto,BrandE,279.46,328,3.8
PROD-03670,Perfumes PremiumCorp Modelo 52,Belleza y Cuidado Personal,Perfumes,PremiumCorp,980.88,281,4.9
PROD-03671,Chaqueta BrandD Modelo 69,Ropa y Calzado,Chaqueta,BrandD,336.93,11,4.1
PROD-03672,Teléfonos PremiumCorp Modelo 91,Electrónica,Teléfonos,PremiumCorp,597.16,229,3.1
PROD-03673,Laptops BrandD Modelo 70,Electrónica,Laptops,BrandD,1430.57,300,3.5
PROD-03674,Audio BrandE Modelo 85,Electrónica,Audio,BrandE,510.44,135,4.2
PROD-03675,Bloques BrandE Modelo 49,Juguetes,Bloques,BrandE,1148.71,83,4.2
PROD-03676,Ficción BrandE Modelo 14,Libros,Ficción,BrandE,1219.89,330,4.1
PROD-03677,Ciencia Essentials Modelo 80,Libros,Ciencia,Essentials,166.31,71,4.1
PROD-03678,Herramientas BrandB Modelo 17,Automotriz,Herramientas,BrandB,553.21,42,4.9
PROD-03679,Limpieza BrandD Modelo 94,Automotriz,Limpieza,BrandD,344.49,265,5.0
PROD-03680,Camping PremiumCorp Modelo 11,Deportes,Camping,PremiumCorp,197.26,107,4.8
PROD-03681,Electrodomésticos EcoLine Modelo 68,Hogar y Cocina,Electrodomésticos,EcoLine,541.01,172,4.3
PROD-03682,Perfumes BrandE Modelo 68,Belleza y Cuidado Personal,Perfumes,BrandE,422.57,346,4.4
PROD-03683,Limpieza BrandE Modelo 89,Automotriz,Limpieza,BrandE,1057.16,302,4.3
PROD-03684,Muñecas PremiumCorp Modelo 55,Juguetes,Muñecas,PremiumCorp,75.08,186,4.5
PROD-03685,Radiocontrol BrandD Modelo 61,Juguetes,Radiocontrol,BrandD,966.31,270,4.4
PROD-03686,Utensilios BrandD Modelo 49,Hogar y Cocina,Utensilios,BrandD,238.15,11,3.3
PROD-03687,Maquillaje BrandB Modelo 60,Belleza y Cuidado Personal,Maquillaje,BrandB,1447.36,331,3.9
PROD-03688,Cabello BrandA Modelo 16,Belleza y Cuidado Personal,Cabello,BrandA,323.19,288,4.9
PROD-03689,Laptops EcoLine Modelo 86,Electrónica,Laptops,EcoLine,130.78,58,4.5
PROD-03690,Camping BrandB Modelo 70,Deportes,Camping,BrandB,1081.02,252,3.9
PROD-03691,Ciclismo BrandB Modelo 28,Deportes,Ciclismo,BrandB,1346.58,301,3.6
PROD-03692,Teléfonos BrandE Modelo 40,Electrónica,Teléfonos,BrandE,1064.53,280,3.9
PROD-03693,Ciencia BrandA Modelo 97,Libros,Ciencia,BrandA,612.39,48,4.3
PROD-03694,Electrodomésticos BrandE Modelo 89,Hogar y Cocina,Electrodomésticos,BrandE,1182.82,227,4.4
PROD-03695,Laptops EcoLine Modelo 63,Electrónica,Laptops,EcoLine,678.39,142,4.6
PROD-03696,Running BrandB Modelo 31,Deportes,Running,BrandB,147.1,68,3.1
PROD-03697,Accesorios BrandB Modelo 86,Electrónica,Accesorios,BrandB,1296.71,233,3.8
PROD-03698,Biografías BrandF Modelo 85,Libros,Biografías,BrandF,1069.96,266,4.4
PROD-03699,Radiocontrol BrandC Modelo 12,Juguetes,Radiocontrol,BrandC,146.88,188,4.6
PROD-03700,Chaqueta BrandA Modelo 67,Ropa y Calzado,Chaqueta,BrandA,643.64,284,3.6
PROD-03701,Camping BrandE Modelo 86,Deportes,Camping,BrandE,1179.89,224,3.1
PROD-03702,Decoración BrandE Modelo 74,Hogar y Cocina,Decoración,BrandE,740.63,294,4.6
PROD-03703,Cabello EcoLine Modelo 93,Belleza y Cuidado Personal,Cabello,EcoLine,1050.38,195,4.5
PROD-03704,Accesorios Auto BrandA Modelo 38,Automotriz,Accesorios Auto,BrandA,1486.34,121,3.2
PROD-03705,Radiocontrol Essentials Modelo 68,Juguetes,Radiocontrol,Essentials,1091.47,37,3.7
PROD-03706,Camisas BrandB Modelo 66,Ropa y Calzado,Camisas,BrandB,180.87,299,3.3
PROD-03707,Limpieza Essentials Modelo 45,Automotriz,Limpieza,Essentials,1219.39,219,3.8
PROD-03708,Ciencia BrandF Modelo 10,Libros,Ciencia,BrandF,103.26,220,4.2
PROD-03709,Muebles BrandB Modelo 86,Hogar y Cocina,Muebles,BrandB,845.35,153,3.6
PROD-03710,Audio BrandD Modelo 86,Electrónica,Audio,BrandD,371.86,107,4.8
PROD-03711,Biografías Essentials Modelo 79,Libros,Biografías,Essentials,905.13,196,3.7
PROD-03712,Ciclismo EcoLine Modelo 96,Deportes,Ciclismo,EcoLine,109.62,115,3.7
PROD-03713,Accesorios Auto BrandA Modelo 56,Automotriz,Accesorios Auto,BrandA,647.94,17,4.7
PROD-03714,Zapatos EcoLine Modelo 97,Ropa y Calzado,Zapatos,EcoLine,448.31,263,4.4
PROD-03715,Laptops BrandF Modelo 63,Electrónica,Laptops,BrandF,120.75,335,3.1
PROD-03716,Laptops EcoLine Modelo 41,Electrónica,Laptops,EcoLine,770.3,256,4.5
PROD-03717,Camisas Essentials Modelo 48,Ropa y Calzado,Camisas,Essentials,1405.42,271,3.7
PROD-03718,Biografías BrandB Modelo 29,Libros,Biografías,BrandB,1410.99,257,3.8
PROD-03719,Ciclismo BrandF Modelo 35,Deportes,Ciclismo,BrandF,156.89,91,3.8
PROD-03720,Laptops PremiumCorp Modelo 62,Electrónica,Laptops,PremiumCorp,40.0,268,4.7
PROD-03721,Teléfonos BrandB Modelo 21,Electrónica,Teléfonos,BrandB,811.55,44,4.4
PROD-03722,Juegos de Mesa PremiumCorp Modelo 61,Juguetes,Juegos de Mesa,PremiumCorp,1218.4,95,3.5
PROD-03723,Skincare PremiumCorp Modelo 63,Belleza y Cuidado Personal,Skincare,PremiumCorp,186.4,216,3.6
PROD-03724,Utensilios PremiumCorp Modelo 59,Hogar y Cocina,Utensilios,PremiumCorp,852.78,204,3.1
PROD-03725,Bloques BrandB Modelo 56,Juguetes,Bloques,BrandB,854.85,250,3.6
PROD-03726,Radiocontrol BrandD Modelo 44,Juguetes,Radiocontrol,BrandD,513.76,305,4.7
PROD-03727,Ciencia EcoLine Modelo 26,Libros,Ciencia,EcoLine,73.86,85,4.7
PROD-03728,Pantalones BrandF Modelo 52,Ropa y Calzado,Pantalones,BrandF,7.54,333,4.6
PROD-03729,Accesorios BrandD Modelo 84,Electrónica,Accesorios,BrandD,34.34,252,3.1
PROD-03730,Camping BrandE Modelo 32,Deportes,Camping,BrandE,708.39,33,4.4
PROD-03731,Utensilios BrandA Modelo 76,Hogar y Cocina,Utensilios,BrandA,491.58,138,3.4
PROD-03732,Accesorios Auto BrandC Modelo 35,Automotriz,Accesorios Auto,BrandC,243.73,124,3.1
PROD-03733,Limpieza BrandA Modelo 81,Automotriz,Limpieza,BrandA,1325.64,198,3.0
PROD-03734,Teléfonos PremiumCorp Modelo 57,Electrónica,Teléfonos,PremiumCorp,808.29,31,3.8
PROD-03735,Decoración BrandC Modelo 95,Hogar y Cocina,Decoración,BrandC,1385.63,283,4.9
PROD-03736,Camping BrandC Modelo 26,Deportes,Camping,BrandC,911.29,120,4.1
PROD-03737,Limpieza BrandD Modelo 11,Automotriz,Limpieza,BrandD,1088.57,254,4.4
PROD-03738,Cabello BrandB Modelo 76,Belleza y Cuidado Personal,Cabello,BrandB,1246.5,178,3.0
PROD-03739,Cabello BrandD Modelo 38,Belleza y Cuidado Personal,Cabello,BrandD,84.27,215,4.0
PROD-03740,Laptops PremiumCorp Modelo 84,Electrónica,Laptops,PremiumCorp,811.56,246,4.3
PROD-03741,Zapatos BrandC Modelo 99,Ropa y Calzado,Zapatos,BrandC,1240.07,113,3.1
PROD-03742,Maquillaje Essentials Modelo 31,Belleza y Cuidado Personal,Maquillaje,Essentials,1099.87,322,3.2
PROD-03743,Decoración BrandB Modelo 52,Hogar y Cocina,Decoración,BrandB,842.08,44,3.6
PROD-03744,Perfumes BrandD Modelo 77,Belleza y Cuidado Personal,Perfumes,BrandD,553.03,286,4.1
PROD-03745,Camping BrandB Modelo 51,Deportes,Camping,BrandB,898.6,243,3.3
PROD-03746,Audio EcoLine Modelo 31,Electrónica,Audio,EcoLine,324.83,133,3.2
PROD-03747,Chaqueta BrandA Modelo 46,Ropa y Calzado,Chaqueta,BrandA,1039.12,126,4.9
PROD-03748,Ficción BrandB Modelo 27,Libros,Ficción,BrandB,1253.62,327,3.7
PROD-03749,Teléfonos PremiumCorp Modelo 82,Electrónica,Teléfonos,PremiumCorp,379.41,108,5.0
PROD-03750,Ficción EcoLine Modelo 87,Libros,Ficción,EcoLine,126.49,167,3.2
PROD-03751,Cabello BrandC Modelo 10,Belleza y Cuidado Personal,Cabello,BrandC,859.18,126,5.0
PROD-03752,Perfumes BrandE Modelo 58,Belleza y Cuidado Personal,Perfumes,BrandE,1168.35,324,3.2
PROD-03753,Maquillaje BrandB Modelo 92,Belleza y Cuidado Personal,Maquillaje,BrandB,94.38,149,3.0
PROD-03754,Muñecas Essentials Modelo 60,Juguetes,Muñecas,Essentials,1484.21,267,4.4
PROD-03755,Muebles BrandC Modelo 64,Hogar y Cocina,Muebles,BrandC,1446.86,199,4.5
PROD-03756,Teléfonos Essentials Modelo 29,Electrónica,Teléfonos,Essentials,929.52,228,3.9
PROD-03757,Teléfonos BrandD Modelo 40,Electrónica,Teléfonos,BrandD,1036.86,331,4.3
PROD-03758,Limpieza Essentials Modelo 32,Automotriz,Limpieza,Essentials,160.35,346,3.7
PROD-03759,Audio BrandF Modelo 42,Electrónica,Audio,BrandF,656.32,145,4.3
PROD-03760,Electrodomésticos BrandB Modelo 45,Hogar y Cocina,Electrodomésticos,BrandB,791.68,170,4.5
PROD-03761,Electrodomésticos PremiumCorp Modelo 20,Hogar y Cocina,Electrodomésticos,PremiumCorp,1463.22,235,4.2
PROD-03762,Perfumes BrandD Modelo 27,Belleza y Cuidado Personal,Perfumes,BrandD,872.12,25,3.5
PROD-03763,Ciencia BrandA Modelo 21,Libros,Ciencia,BrandA,292.23,220,3.2
PROD-03764,Bloques BrandE Modelo 22,Juguetes,Bloques,BrandE,339.74,205,4.4
PROD-03765,Electrodomésticos BrandF Modelo 73,Hogar y Cocina,Electrodomésticos,BrandF,769.55,248,4.4
PROD-03766,Bloques BrandA Modelo 89,Juguetes,Bloques,BrandA,916.6,45,3.1
PROD-03767,Accesorios BrandD Modelo 67,Electrónica,Accesorios,BrandD,576.59,222,3.7
PROD-03768,Herramientas Essentials Modelo 66,Automotriz,Herramientas,Essentials,1246.29,279,3.7
PROD-03769,Herramientas BrandF Modelo 15,Automotriz,Herramientas,BrandF,1369.94,116,4.1
PROD-03770,Zapatos BrandB Modelo 41,Ropa y Calzado,Zapatos,BrandB,1061.03,228,3.7
PROD-03771,Pantalones PremiumCorp Modelo 54,Ropa y Calzado,Pantalones,PremiumCorp,531.78,349,3.4
PROD-03772,Herramientas BrandA Modelo 46,Automotriz,Herramientas,BrandA,1070.48,160,4.8
PROD-03773,Camping BrandA Modelo 59,Deportes,Camping,BrandA,1462.17,334,3.5
PROD-03774,Herramientas BrandF Modelo 81,Automotriz,Herramientas,BrandF,962.28,318,3.8
PROD-03775,Chaqueta PremiumCorp Modelo 10,Ropa y Calzado,Chaqueta,PremiumCorp,621.9,295,4.1
PROD-03776,Radiocontrol BrandC Modelo 51,Juguetes,Radiocontrol,BrandC,969.23,194,4.3
PROD-03777,Chaqueta BrandB Modelo 52,Ropa y Calzado,Chaqueta,BrandB,1291.61,88,3.3
PROD-03778,Accesorios EcoLine Modelo 44,Electrónica,Accesorios,EcoLine,1236.6,234,4.8
PROD-03779,Skincare PremiumCorp Modelo 27,Belleza y Cuidado Personal,Skincare,PremiumCorp,1140.49,105,4.1
PROD-03780,Herramientas BrandD Modelo 21,Automotriz,Herramientas,BrandD,89.94,189,4.6
PROD-03781,Juegos de Mesa BrandF Modelo 95,Juguetes,Juegos de Mesa,BrandF,119.0,138,4.3
PROD-03782,Limpieza BrandC Modelo 77,Automotriz,Limpieza,BrandC,887.78,187,3.5
PROD-03783,Ciclismo BrandD Modelo 89,Deportes,Ciclismo,BrandD,1431.09,157,4.6
PROD-03784,Running BrandE Modelo 58,Deportes,Running,BrandE,45.35,315,4.1
PROD-03785,Camping BrandB Modelo 76,Deportes,Camping,BrandB,1149.13,84,4.4
PROD-03786,Gimnasio BrandB Modelo 17,Deportes,Gimnasio,BrandB,1041.89,211,3.9
PROD-03787,Decoración BrandE Modelo 89,Hogar y Cocina,Decoración,BrandE,124.8,40,3.2
PROD-03788,Electrodomésticos BrandB Modelo 80,Hogar y Cocina,Electrodomésticos,BrandB,265.43,5,4.8
PROD-03789,Ciencia BrandA Modelo 33,Libros,Ciencia,BrandA,605.64,81,3.6
PROD-03790,Skincare EcoLine Modelo 23,Belleza y Cuidado Personal,Skincare,EcoLine,945.91,301,4.1
PROD-03791,Accesorios Auto EcoLine Modelo 37,Automotriz,Accesorios Auto,EcoLine,64.88,190,3.6
PROD-03792,Audio BrandF Modelo 49,Electrónica,Audio,BrandF,62.14,112,4.2
PROD-03793,Running BrandA Modelo 61,Deportes,Running,BrandA,1098.4,110,3.6
PROD-03794,Ficción BrandF Modelo 46,Libros,Ficción,BrandF,732.41,229,4.7
PROD-03795,No Ficción PremiumCorp Modelo 85,Libros,No Ficción,PremiumCorp,385.7,194,4.9
PROD-03796,Limpieza BrandC Modelo 11,Automotriz,Limpieza,BrandC,1148.98,267,4.2
PROD-03797,Zapatos BrandA Modelo 36,Ropa y Calzado,Zapatos,BrandA,1126.3,62,3.7
PROD-03798,Pantalones BrandC Modelo 60,Ropa y Calzado,Pantalones,BrandC,1112.42,223,4.2
PROD-03799,Chaqueta BrandD Modelo 54,Ropa y Calzado,Chaqueta,BrandD,500.86,139,3.5
PROD-03800,Bloques BrandD Modelo 62,Juguetes,Bloques,BrandD,1006.37,192,3.0
PROD-03801,Muebles BrandD Modelo 85,Hogar y Cocina,Muebles,BrandD,427.32,152,3.1
PROD-03802,No Ficción EcoLine Modelo 64,Libros,No Ficción,EcoLine,1235.35,98,4.8
PROD-03803,Muñecas BrandF Modelo 57,Juguetes,Muñecas,BrandF,392.9,38,3.5
PROD-03804,Pantalones BrandC Modelo 59,Ropa y Calzado,Pantalones,BrandC,869.19,31,4.1
PROD-03805,Bloques BrandE Modelo 96,Juguetes,Bloques,BrandE,946.77,118,4.8
PROD-03806,Electrodomésticos PremiumCorp Modelo 14,Hogar y Cocina,Electrodomésticos,PremiumCorp,1448.4,347,3.5
PROD-03807,Maquillaje EcoLine Modelo 12,Belleza y Cuidado Personal,Maquillaje,EcoLine,1001.61,266,4.4
PROD-03808,Accesorios Auto EcoLine Modelo 88,Automotriz,Accesorios Auto,EcoLine,948.61,313,4.2
PROD-03809,Maquillaje PremiumCorp Modelo 99,Belleza y Cuidado Personal,Maquillaje,PremiumCorp,392.62,174,4.2
PROD-03810,Decoración BrandA Modelo 90,Hogar y Cocina,Decoración,BrandA,527.67,92,4.7
PROD-03811,Laptops PremiumCorp Modelo 37,Electrónica,Laptops,PremiumCorp,1137.81,112,3.6
PROD-03812,Utensilios BrandD Modelo 38,Hogar y Cocina,Utensilios,BrandD,1351.27,17,4.3
PROD-03813,No Ficción BrandF Modelo 43,Libros,No Ficción,BrandF,651.67,157,4.9
PROD-03814,Utensilios BrandB Modelo 11,Hogar y Cocina,Utensilios,BrandB,948.51,67,3.2
PROD-03815,Bloques PremiumCorp Modelo 37,Juguetes,Bloques,PremiumCorp,1145.54,301,4.4
PROD-03816,Cabello BrandD Modelo 57,Belleza y Cuidado Personal,Cabello,BrandD,1021.51,167,3.3
PROD-03817,No Ficción BrandF Modelo 49,Libros,No Ficción,BrandF,1215.63,191,4.1
PROD-03818,Maquillaje BrandB Modelo 27,Belleza y Cuidado Personal,Maquillaje,BrandB,1356.16,31,4.4
PROD-03819,Skincare BrandA Modelo 18,Belleza y Cuidado Personal,Skincare,BrandA,1132.94,20,4.3
PROD-03820,Limpieza EcoLine Modelo 27,Automotriz,Limpieza,EcoLine,877.65,106,4.6
PROD-03821,Limpieza BrandA Modelo 25,Automotriz,Limpieza,BrandA,404.34,120,4.0
PROD-03822,Accesorios BrandE Modelo 24,Electrónica,Accesorios,BrandE,674.37,210,4.2
PROD-03823,Muebles PremiumCorp Modelo 11,Hogar y Cocina,Muebles,PremiumCorp,68.07,113,4.7
PROD-03824,Ficción BrandA Modelo 73,Libros,Ficción,BrandA,1292.91,312,4.8
PROD-03825,Pantalones EcoLine Modelo 65,Ropa y Calzado,Pantalones,EcoLine,1424.56,40,4.3
PROD-03826,Audio BrandE Modelo 33,Electrónica,Audio,BrandE,187.86,212,3.5
PROD-03827,Laptops BrandC Modelo 15,Electrónica,Laptops,BrandC,308.86,58,4.0
PROD-03828,Electrodomésticos EcoLine Modelo 29,Hogar y Cocina,Electrodomésticos,EcoLine,575.11,50,4.1
PROD-03829,Ciclismo BrandC Modelo 77,Deportes,Ciclismo,BrandC,472.59,325,3.4
PROD-03830,Chaqueta BrandC Modelo 53,Ropa y Calzado,Chaqueta,BrandC,1335.6,77,3.0
PROD-03831,Gimnasio PremiumCorp Modelo 40,Deportes,Gimnasio,PremiumCorp,1409.61,89,3.9
PROD-03832,Decoración Essentials Modelo 60,Hogar y Cocina,Decoración,Essentials,332.98,38,3.1
PROD-03833,Ciencia BrandE Modelo 96,Libros,Ciencia,BrandE,1382.44,7,3.7
PROD-03834,Bloques BrandE Modelo 78,Juguetes,Bloques,BrandE,1261.7,299,3.2
PROD-03835,Limpieza BrandE Modelo 24,Automotriz,Limpieza,BrandE,260.96,350,4.2
PROD-03836,Limpieza BrandC Modelo 44,Automotriz,Limpieza,BrandC,1109.73,65,4.6
PROD-03837,Radiocontrol BrandF Modelo 85,Juguetes,Radiocontrol,BrandF,822.46,203,4.1
PROD-03838,Biografías PremiumCorp Modelo 95,Libros,Biografías,PremiumCorp,1215.73,185,3.4
PROD-03839,Utensilios PremiumCorp Modelo 98,Hogar y Cocina,Utensilios,PremiumCorp,991.11,1,4.4
PROD-03840,Laptops PremiumCorp Modelo 57,Electrónica,Laptops,PremiumCorp,502.49,86,3.1
PROD-03841,Muñecas Essentials Modelo 26,Juguetes,Muñecas,Essentials,435.89,79,3.6
PROD-03842,Electrodomésticos PremiumCorp Modelo 43,Hogar y Cocina,Electrodomésticos,PremiumCorp,492.67,306,4.3
PROD-03843,Muebles BrandF Modelo 77,Hogar y Cocina,Muebles,BrandF,425.01,293,4.5
PROD-03844,Camisas BrandE Modelo 22,Ropa y Calzado,Camisas,BrandE,1105.12,20,3.9
PROD-03845,Chaqueta PremiumCorp Modelo 30,Ropa y Calzado,Chaqueta,PremiumCorp,1412.44,221,4.3
PROD-03846,Limpieza BrandD Modelo 43,Automotriz,Limpieza,BrandD,787.41,278,4.0
PROD-03847,Laptops Essentials Modelo 15,Electrónica,Laptops,Essentials,248.16,164,4.3
PROD-03848,Utensilios BrandC Modelo 31,Hogar y Cocina,Utensilios,BrandC,358.33,161,4.0
PROD-03849,Accesorios BrandD Modelo 21,Electrónica,Accesorios,BrandD,398.36,148,4.9
PROD-03850,Electrodomésticos EcoLine Modelo 63,Hogar y Cocina,Electrodomésticos,EcoLine,1027.41,321,4.9
PROD-03851,Accesorios Auto Essentials Modelo 95,Automotriz,Accesorios Auto,Essentials,1450.44,244,3.1
PROD-03852,Gimnasio PremiumCorp Modelo 36,Deportes,Gimnasio,PremiumCorp,925.09,309,4.5
PROD-03853,Muñecas BrandF Modelo 11,Juguetes,Muñecas,BrandF,1229.8,172,3.7
PROD-03854,Ciencia PremiumCorp Modelo 71,Libros,Ciencia,PremiumCorp,373.36,161,3.3
PROD-03855,Bloques BrandD Modelo 74,Juguetes,Bloques,BrandD,483.67,198,4.0
PROD-03856,Pantalones BrandC Modelo 68,Ropa y Calzado,Pantalones,BrandC,243.49,195,4.4
PROD-03857,Zapatos BrandB Modelo 59,Ropa y Calzado,Zapatos,BrandB,625.42,163,3.4
PROD-03858,Accesorios Auto BrandF Modelo 26,Automotriz,Accesorios Auto,BrandF,641.06,88,3.6
PROD-03859,Biografías BrandC Modelo 34,Libros,Biografías,BrandC,1394.79,321,4.7
PROD-03860,Perfumes Essentials Modelo 73,Belleza y Cuidado Personal,Perfumes,Essentials,1455.81,196,3.7
PROD-03861,Running EcoLine Modelo 83,Deportes,Running,EcoLine,1223.59,317,3.3
PROD-03862,Bloques BrandA Modelo 24,Juguetes,Bloques,BrandA,1008.76,115,3.7
PROD-03863,Laptops BrandA Modelo 28,Electrónica,Laptops,BrandA,226.93,343,4.6
PROD-03864,Laptops BrandE Modelo 25,Electrónica,Laptops,BrandE,900.6,118,3.3
PROD-03865,Limpieza EcoLine Modelo 73,Automotriz,Limpieza,EcoLine,1088.08,171,3.6
PROD-03866,Camisas BrandB Modelo 94,Ropa y Calzado,Camisas,BrandB,270.33,131,3.6
PROD-03867,Limpieza BrandF Modelo 40,Automotriz,Limpieza,BrandF,397.02,157,4.8
PROD-03868,Decoración BrandC Modelo 81,Hogar y Cocina,Decoración,BrandC,328.3,16,4.9
PROD-03869,Radiocontrol Essentials Modelo 31,Juguetes,Radiocontrol,Essentials,1482.14,214,4.1
PROD-03870,Cabello Essentials Modelo 47,Belleza y Cuidado Personal,Cabello,Essentials,366.36,148,3.4
PROD-03871,Accesorios Auto Essentials Modelo 47,Automotriz,Accesorios Auto,Essentials,1201.53,76,4.0
PROD-03872,Audio BrandB Modelo 53,Electrónica,Audio,BrandB,848.31,298,4.2
PROD-03873,Biografías Essentials Modelo 53,Libros,Biografías,Essentials,727.76,290,3.6
PROD-03874,Gimnasio BrandE Modelo 37,Deportes,Gimnasio,BrandE,952.0,129,4.9
PROD-03875,Decoración BrandA Modelo 77,Hogar y Cocina,Decoración,BrandA,837.33,247,4.5
PROD-03876,Limpieza PremiumCorp Modelo 73,Automotriz,Limpieza,PremiumCorp,710.55,192,3.3
PROD-03877,Decoración BrandB Modelo 79,Hogar y Cocina,Decoración,BrandB,13.63,214,3.6
PROD-03878,Camisas Essentials Modelo 94,Ropa y Calzado,Camisas,Essentials,927.23,51,3.7
PROD-03879,Gimnasio BrandD Modelo 44,Deportes,Gimnasio,BrandD,541.2,270,4.0
PROD-03880,Ficción EcoLine Modelo 47,Libros,Ficción,EcoLine,1303.02,203,3.8
PROD-03881,Radiocontrol Essentials Modelo 93,Juguetes,Radiocontrol,Essentials,1269.22,141,4.5
PROD-03882,Ciencia EcoLine Modelo 52,Libros,Ciencia,EcoLine,1149.73,56,3.8
PROD-03883,No Ficción EcoLine Modelo 95,Libros,No Ficción,EcoLine,1102.43,183,3.4
PROD-03884,Pantalones BrandE Modelo 39,Ropa y Calzado,Pantalones,BrandE,1032.45,177,3.3
PROD-03885,Limpieza BrandC Modelo 84,Automotriz,Limpieza,BrandC,809.63,329,3.9
PROD-03886,Utensilios BrandF Modelo 13,Hogar y Cocina,Utensilios,BrandF,539.38,102,4.1
PROD-03887,Laptops BrandB Modelo 56,Electrónica,Laptops,BrandB,28.57,331,3.8
PROD-03888,Utensilios BrandF Modelo 98,Hogar y Cocina,Utensilios,BrandF,1362.93,53,4.7
PROD-03889,Ciencia Essentials Modelo 45,Libros,Ciencia,Essentials,83.77,294,3.9
PROD-03890,Accesorios BrandC Modelo 45,Electrónica,Accesorios,BrandC,683.43,229,4.8
PROD-03891,Gimnasio EcoLine Modelo 71,Deportes,Gimnasio,EcoLine,935.31,195,3.9
PROD-03892,Utensilios BrandE Modelo 46,Hogar y Cocina,Utensilios,BrandE,890.56,115,3.4
PROD-03893,Decoración BrandB Modelo 17,Hogar y Cocina,Decoración,BrandB,733.11,232,3.1
PROD-03894,Laptops BrandA Modelo 68,Electrónica,Laptops,BrandA,701.02,222,4.0
PROD-03895,Accesorios Auto BrandF Modelo 48,Automotriz,Accesorios Auto,BrandF,1355.94,117,3.6
PROD-03896,Skincare BrandF Modelo 49,Belleza y Cuidado Personal,Skincare,BrandF,625.06,199,3.5
PROD-03897,Electrodomésticos BrandF Modelo 42,Hogar y Cocina,Electrodomésticos,BrandF,1423.27,281,4.6
PROD-03898,Gimnasio Essentials Modelo 63,Deportes,Gimnasio,Essentials,1482.51,243,3.1
PROD-03899,Skincare BrandA Modelo 82,Belleza y Cuidado Personal,Skincare,BrandA,1465.41,68,4.6
PROD-03900,Electrodomésticos BrandD Modelo 25,Hogar y Cocina,Electrodomésticos,BrandD,425.11,105,3.3
PROD-03901,Herramientas BrandE Modelo 93,Automotriz,Herramientas,BrandE,1308.7,231,4.1
PROD-03902,Radiocontrol PremiumCorp Modelo 93,Juguetes,Radiocontrol,PremiumCorp,1035.87,322,3.0
PROD-03903,Skincare BrandB Modelo 50,Belleza y Cuidado Personal,Skincare,BrandB,1073.09,117,3.8
PROD-03904,Camisas BrandA Modelo 21,Ropa y Calzado,Camisas,BrandA,548.7,22,4.8
PROD-03905,Audio PremiumCorp Modelo 41,Electrónica,Audio,PremiumCorp,201.0,19,4.7
PROD-03906,Skincare Essentials Modelo 43,Belleza y Cuidado Personal,Skincare,Essentials,970.3,130,3.9
PROD-03907,Audio BrandD Modelo 80,Electrónica,Audio,BrandD,442.14,291,4.6
PROD-03908,Chaqueta BrandE Modelo 27,Ropa y Calzado,Chaqueta,BrandE,657.09,45,4.7
PROD-03909,Teléfonos BrandF Modelo 96,Electrónica,Teléfonos,BrandF,1341.62,254,4.6
PROD-03910,Utensilios PremiumCorp Modelo 81,Hogar y Cocina,Utensilios,PremiumCorp,1401.22,176,3.6
PROD-03911,Audio BrandB Modelo 35,Electrónica,Audio,BrandB,618.16,111,3.4
PROD-03912,Electrodomésticos BrandB Modelo 60,Hogar y Cocina,Electrodomésticos,BrandB,707.21,186,4.6
PROD-03913,Zapatos BrandA Modelo 15,Ropa y Calzado,Zapatos,BrandA,573.1,346,4.6
PROD-03914,Gimnasio BrandB Modelo 32,Deportes,Gimnasio,BrandB,694.09,231,3.1
PROD-03915,Pantalones BrandF Modelo 33,Ropa y Calzado,Pantalones,BrandF,185.35,321,4.6
PROD-03916,Cabello BrandA Modelo 14,Belleza y Cuidado Personal,Cabello,BrandA,1330.22,194,4.6
PROD-03917,Teléfonos Essentials Modelo 50,Electrónica,Teléfonos,Essentials,1147.48,180,3.3
PROD-03918,Zapatos BrandF Modelo 15,Ropa y Calzado,Zapatos,BrandF,963.5,101,4.8
PROD-03919,Skincare Essentials Modelo 50,Belleza y Cuidado Personal,Skincare,Essentials,1016.53,75,3.8
PROD-03920,Camping Essentials Modelo 47,Deportes,Camping,Essentials,325.68,337,4.2
PROD-03921,Limpieza BrandC Modelo 45,Automotriz,Limpieza,BrandC,455.18,277,4.7
PROD-03922,Juegos de Mesa Essentials Modelo 84,Juguetes,Juegos de Mesa,Essentials,162.91,11,3.9
PROD-03923,Audio EcoLine Modelo 77,Electrónica,Audio,EcoLine,251.11,142,3.8
PROD-03924,Limpieza Essentials Modelo 64,Automotriz,Limpieza,Essentials,652.32,30,3.5
PROD-03925,Accesorios Auto BrandF Modelo 59,Automotriz,Accesorios Auto,BrandF,1402.34,237,4.2
PROD-03926,Muebles BrandA Modelo 29,Hogar y Cocina,Muebles,BrandA,1270.09,237,4.4
PROD-03927,Ciencia PremiumCorp Modelo 22,Libros,Ciencia,PremiumCorp,1428.4,47,4.1
PROD-03928,Muñecas BrandE Modelo 18,Juguetes,Muñecas,BrandE,74.61,273,4.9
PROD-03929,Running EcoLine Modelo 79,Deportes,Running,EcoLine,878.46,158,3.4
PROD-03930,Pantalones BrandA Modelo 58,Ropa y Calzado,Pantalones,BrandA,357.06,269,3.5
PROD-03931,Ciclismo PremiumCorp Modelo 90,Deportes,Ciclismo,PremiumCorp,1099.99,154,3.5
PROD-03932,Limpieza PremiumCorp Modelo 65,Automotriz,Limpieza,PremiumCorp,63.05,325,3.5
PROD-03933,Accesorios Auto PremiumCorp Modelo 35,Automotriz,Accesorios Auto,PremiumCorp,300.47,223,3.1
PROD-03934,Maquillaje BrandB Modelo 79,Belleza y Cuidado Personal,Maquillaje,BrandB,234.47,122,4.1
PROD-03935,Juegos de Mesa BrandB Modelo 66,Juguetes,Juegos de Mesa,BrandB,35.62,120,4.6
PROD-03936,Accesorios BrandD Modelo 88,Electrónica,Accesorios,BrandD,595.76,188,3.5
PROD-03937,Maquillaje BrandA Modelo 58,Belleza y Cuidado Personal,Maquillaje,BrandA,559.41,338,4.3
PROD-03938,Limpieza BrandB Modelo 29,Automotriz,Limpieza,BrandB,1129.8,91,4.4
PROD-03939,Pantalones BrandF Modelo 46,Ropa y Calzado,Pantalones,BrandF,776.08,229,3.9
PROD-03940,Audio EcoLine Modelo 22,Electrónica,Audio,EcoLine,101.04,105,3.8
PROD-03941,Running BrandF Modelo 34,Deportes,Running,BrandF,767.92,345,4.8
PROD-03942,Limpieza BrandC Modelo 38,Automotriz,Limpieza,BrandC,267.86,210,4.4
PROD-03943,Ciencia BrandD Modelo 21,Libros,Ciencia,BrandD,611.7,129,4.6
PROD-03944,Camping Essentials Modelo 77,Deportes,Camping,Essentials,379.09,141,4.9
PROD-03945,Zapatos BrandE Modelo 56,Ropa y Calzado,Zapatos,BrandE,543.4,152,3.9
PROD-03946,Accesorios PremiumCorp Modelo 91,Electrónica,Accesorios,PremiumCorp,88.66,128,4.0
PROD-03947,Maquillaje BrandE Modelo 14,Belleza y Cuidado Personal,Maquillaje,BrandE,1413.58,144,4.9
PROD-03948,Skincare BrandE Modelo 80,Belleza y Cuidado Personal,Skincare,BrandE,132.35,76,3.5
PROD-03949,Teléfonos Essentials Modelo 75,Electrónica,Teléfonos,Essentials,715.29,348,4.2
PROD-03950,Teléfonos BrandD Modelo 43,Electrónica,Teléfonos,BrandD,1174.21,67,3.1
PROD-03951,Teléfonos BrandC Modelo 73,Electrónica,Teléfonos,BrandC,359.1,155,4.1
PROD-03952,Perfumes PremiumCorp Modelo 89,Belleza y Cuidado Personal,Perfumes,PremiumCorp,222.57,274,4.1
PROD-03953,Cabello BrandD Modelo 72,Belleza y Cuidado Personal,Cabello,BrandD,664.55,267,3.1
PROD-03954,Juegos de Mesa BrandC Modelo 44,Juguetes,Juegos de Mesa,BrandC,402.18,47,3.5
PROD-03955,Maquillaje Essentials Modelo 60,Belleza y Cuidado Personal,Maquillaje,Essentials,773.95,293,4.4
PROD-03956,Zapatos BrandA Modelo 57,Ropa y Calzado,Zapatos,BrandA,245.36,26,4.0
PROD-03957,Accesorios Auto BrandB Modelo 30,Automotriz,Accesorios Auto,BrandB,1412.48,92,3.2
PROD-03958,Biografías Essentials Modelo 10,Libros,Biografías,Essentials,166.29,325,3.5
PROD-03959,Bloques BrandC Modelo 53,Juguetes,Bloques,BrandC,456.72,336,3.1
PROD-03960,Ciclismo BrandC Modelo 65,Deportes,Ciclismo,BrandC,345.24,277,4.3
PROD-03961,Perfumes EcoLine Modelo 52,Belleza y Cuidado Personal,Perfumes,EcoLine,554.89,326,4.6
PROD-03962,Chaqueta BrandC Modelo 22,Ropa y Calzado,Chaqueta,BrandC,27.27,5,3.5
PROD-03963,Accesorios Auto BrandB Modelo 43,Automotriz,Accesorios Auto,BrandB,251.28,112,4.1
PROD-03964,Camisas BrandB Modelo 85,Ropa y Calzado,Camisas,BrandB,54.1,322,4.3
PROD-03965,Accesorios Auto EcoLine Modelo 33,Automotriz,Accesorios Auto,EcoLine,976.03,111,3.2
PROD-03966,Pantalones BrandC Modelo 18,Ropa y Calzado,Pantalones,BrandC,730.57,207,3.1
PROD-03967,Teléfonos BrandA Modelo 28,Electrónica,Teléfonos,BrandA,815.3,91,3.5
PROD-03968,Herramientas EcoLine Modelo 50,Automotriz,Herramientas,EcoLine,313.64,299,5.0
PROD-03969,Running BrandA Modelo 47,Deportes,Running,BrandA,1250.51,267,3.9
PROD-03970,Running EcoLine Modelo 49,Deportes,Running,EcoLine,238.2,54,4.9
PROD-03971,Camisas BrandE Modelo 54,Ropa y Calzado,Camisas,BrandE,931.06,216,3.5
PROD-03972,Camping PremiumCorp Modelo 10,Deportes,Camping,PremiumCorp,448.6,287,3.8
PROD-03973,Muebles EcoLine Modelo 81,Hogar y Cocina,Muebles,EcoLine,648.86,107,3.0
PROD-03974,Zapatos BrandC Modelo 35,Ropa y Calzado,Zapatos,BrandC,169.62,52,4.4
PROD-03975,Radiocontrol BrandC Modelo 33,Juguetes,Radiocontrol,BrandC,1071.21,118,4.3
PROD-03976,Teléfonos BrandE Modelo 89,Electrónica,Teléfonos,BrandE,760.35,127,3.4
PROD-03977,Muñecas BrandC Modelo 80,Juguetes,Muñecas,BrandC,441.57,97,5.0
PROD-03978,Maquillaje Essentials Modelo 27,Belleza y Cuidado Personal,Maquillaje,Essentials,1181.34,137,3.3
PROD-03979,Zapatos PremiumCorp Modelo 43,Ropa y Calzado,Zapatos,PremiumCorp,634.2,18,3.9
PROD-03980,Camping BrandF Modelo 31,Deportes,Camping,BrandF,292.35,49,3.1
PROD-03981,Cabello BrandF Modelo 33,Belleza y Cuidado Personal,Cabello,BrandF,541.38,337,4.5
PROD-03982,Accesorios Auto Essentials Modelo 33,Automotriz,Accesorios Auto,Essentials,1395.01,314,3.5
PROD-03983,Laptops BrandE Modelo 56,Electrónica,Laptops,BrandE,485.45,329,4.9
PROD-03984,Teléfonos BrandF Modelo 73,Electrónica,Teléfonos,BrandF,553.79,10,3.0
PROD-03985,Utensilios BrandF Modelo 34,Hogar y Cocina,Utensilios,BrandF,1388.37,243,4.5
PROD-03986,Zapatos Essentials Modelo 64,Ropa y Calzado,Zapatos,Essentials,17.5,198,4.4
PROD-03987,Teléfonos Essentials Modelo 87,Electrónica,Teléfonos,Essentials,218.59,147,3.9
PROD-03988,Decoración BrandE Modelo 28,Hogar y Cocina,Decoración,BrandE,1223.7,222,4.5
PROD-03989,Limpieza BrandC Modelo 52,Automotriz,Limpieza,BrandC,830.53,61,3.6
PROD-03990,No Ficción BrandB Modelo 55,Libros,No Ficción,BrandB,448.91,82,4.5
PROD-03991,Maquillaje BrandE Modelo 63,Belleza y Cuidado Personal,Maquillaje,BrandE,547.44,124,4.5
PROD-03992,Biografías BrandB Modelo 40,Libros,Biografías,BrandB,1329.69,31,4.5
PROD-03993,Gimnasio BrandC Modelo 42,Deportes,Gimnasio,BrandC,554.01,332,3.9
PROD-03994,Camping EcoLine Modelo 69,Deportes,Camping,EcoLine,1318.07,4,3.9
PROD-03995,Muebles BrandE Modelo 92,Hogar y Cocina,Muebles,BrandE,1025.85,216,4.8
PROD-03996,Maquillaje PremiumCorp Modelo 91,Belleza y Cuidado Personal,Maquillaje,PremiumCorp,337.96,75,3.8
PROD-03997,Radiocontrol PremiumCorp Modelo 76,Juguetes,Radiocontrol,PremiumCorp,788.57,285,3.8
PROD-03998,No Ficción EcoLine Modelo 27,Libros,No Ficción,EcoLine,1093.95,43,4.6
PROD-03999,Biografías BrandE Modelo 18,Libros,Biografías,BrandE,976.85,271,4.5
PROD-04000,Herramientas EcoLine Modelo 40,Automotriz,Herramientas,EcoLine,1237.55,133,4.3
PROD-04001,Radiocontrol Essentials Modelo 56,Juguetes,Radiocontrol,Essentials,1344.9,324,4.0
PROD-04002,Skincare EcoLine Modelo 32,Belleza y Cuidado Personal,Skincare,EcoLine,214.65,191,4.3
PROD-04003,Chaqueta BrandB Modelo 43,Ropa y Calzado,Chaqueta,BrandB,582.53,288,3.4
PROD-04004,Limpieza BrandA Modelo 37,Automotriz,Limpieza,BrandA,175.27,260,4.8
PROD-04005,Ciclismo Essentials Modelo 15,Deportes,Ciclismo,Essentials,638.83,214,3.6
PROD-04006,Audio BrandC Modelo 93,Electrónica,Audio,BrandC,1421.14,205,4.8
PROD-04007,Zapatos Essentials Modelo 55,Ropa y Calzado,Zapatos,Essentials,613.81,186,3.0
PROD-04008,Limpieza PremiumCorp Modelo 79,Automotriz,Limpieza,PremiumCorp,724.74,260,4.3
PROD-04009,Zapatos PremiumCorp Modelo 52,Ropa y Calzado,Zapatos,PremiumCorp,523.03,266,4.6
PROD-04010,Zapatos Essentials Modelo 31,Ropa y Calzado,Zapatos,Essentials,1208.93,41,3.5
PROD-04011,Running BrandE Modelo 77,Deportes,Running,BrandE,440.83,111,4.6
PROD-04012,Zapatos PremiumCorp Modelo 96,Ropa y Calzado,Zapatos,PremiumCorp,1284.6,253,4.6
PROD-04013,Camping BrandC Modelo 72,Deportes,Camping,BrandC,564.64,282,3.5
PROD-04014,Muebles BrandD Modelo 75,Hogar y Cocina,Muebles,BrandD,1384.66,168,4.6
PROD-04015,Limpieza BrandD Modelo 51,Automotriz,Limpieza,BrandD,485.01,57,3.4
PROD-04016,Ciclismo BrandB Modelo 38,Deportes,Ciclismo,BrandB,956.69,297,3.0
PROD-04017,Muñecas Essentials Modelo 94,Juguetes,Muñecas,Essentials,937.56,271,4.9
PROD-04018,Utensilios BrandC Modelo 91,Hogar y Cocina,Utensilios,BrandC,62.32,116,3.1
PROD-04019,Maquillaje BrandE Modelo 50,Belleza y Cuidado Personal,Maquillaje,BrandE,328.66,220,4.6
PROD-04020,Accesorios BrandF Modelo 81,Electrónica,Accesorios,BrandF,1118.9,340,3.3
PROD-04021,Maquillaje BrandD Modelo 63,Belleza y Cuidado Personal,Maquillaje,BrandD,1094.53,132,4.7
PROD-04022,Gimnasio EcoLine Modelo 45,Deportes,Gimnasio,EcoLine,807.01,191,4.6
PROD-04023,Limpieza BrandD Modelo 72,Automotriz,Limpieza,BrandD,1022.9,276,4.8
PROD-04024,Cabello BrandE Modelo 97,Belleza y Cuidado Personal,Cabello,BrandE,227.33,307,3.4
PROD-04025,Electrodomésticos Essentials Modelo 49,Hogar y Cocina,Electrodomésticos,Essentials,435.35,113,3.9
PROD-04026,Electrodomésticos BrandD Modelo 88,Hogar y Cocina,Electrodomésticos,BrandD,1291.59,283,4.3
PROD-04027,Perfumes BrandA Modelo 77,Belleza y Cuidado Personal,Perfumes,BrandA,244.05,317,3.1
PROD-04028,No Ficción BrandD Modelo 68,Libros,No Ficción,BrandD,1096.99,126,4.0
PROD-04029,Maquillaje Essentials Modelo 25,Belleza y Cuidado Personal,Maquillaje,Essentials,1422.05,27,4.8
PROD-04030,Ciencia BrandD Modelo 83,Libros,Ciencia,BrandD,858.9,255,4.0
PROD-04031,Zapatos BrandC Modelo 19,Ropa y Calzado,Zapatos,BrandC,1389.62,279,4.4
PROD-04032,Running BrandF Modelo 15,Deportes,Running,BrandF,281.47,292,3.2
PROD-04033,Muñecas BrandB Modelo 88,Juguetes,Muñecas,BrandB,278.4,130,4.7
PROD-04034,Audio BrandA Modelo 48,Electrónica,Audio,BrandA,351.23,114,3.0
PROD-04035,Maquillaje PremiumCorp Modelo 60,Belleza y Cuidado Personal,Maquillaje,PremiumCorp,1410.85,137,4.7
PROD-04036,Accesorios Auto BrandA Modelo 11,Automotriz,Accesorios Auto,BrandA,720.13,146,3.3
PROD-04037,Running BrandB Modelo 66,Deportes,Running,BrandB,1058.15,34,4.7
PROD-04038,Herramientas BrandE Modelo 22,Automotriz,Herramientas,BrandE,246.11,335,4.2
PROD-04039,Ciclismo BrandA Modelo 26,Deportes,Ciclismo,BrandA,522.36,255,4.5
PROD-04040,Gimnasio BrandA Modelo 82,Deportes,Gimnasio,BrandA,376.22,274,4.8
PROD-04041,Ciencia EcoLine Modelo 77,Libros,Ciencia,EcoLine,613.32,330,3.5
PROD-04042,Decoración PremiumCorp Modelo 60,Hogar y Cocina,Decoración,PremiumCorp,1162.02,208,3.6
PROD-04043,Maquillaje Essentials Modelo 40,Belleza y Cuidado Personal,Maquillaje,Essentials,729.19,137,4.1
PROD-04044,Electrodomésticos BrandF Modelo 18,Hogar y Cocina,Electrodomésticos,BrandF,878.33,93,4.6
PROD-04045,Bloques PremiumCorp Modelo 45,Juguetes,Bloques,PremiumCorp,1020.84,290,4.9
PROD-04046,Ficción BrandF Modelo 47,Libros,Ficción,BrandF,797.06,286,3.1
PROD-04047,Ciencia BrandF Modelo 95,Libros,Ciencia,BrandF,1026.83,340,3.2
PROD-04048,Ficción BrandB Modelo 94,Libros,Ficción,BrandB,1460.01,158,3.6
PROD-04049,Zapatos BrandE Modelo 30,Ropa y Calzado,Zapatos,BrandE,612.11,184,4.3
PROD-04050,Muebles BrandB Modelo 72,Hogar y Cocina,Muebles,BrandB,84.63,94,4.3
PROD-04051,Ficción BrandA Modelo 45,Libros,Ficción,BrandA,509.51,289,3.1
PROD-04052,Herramientas BrandA Modelo 17,Automotriz,Herramientas,BrandA,914.52,239,4.2
PROD-04053,No Ficción BrandA Modelo 36,Libros,No Ficción,BrandA,1171.06,184,4.4
PROD-04054,Running BrandC Modelo 49,Deportes,Running,BrandC,438.27,116,4.1
PROD-04055,Accesorios Essentials Modelo 77,Electrónica,Accesorios,Essentials,1242.58,277,3.8
PROD-04056,Laptops BrandF Modelo 53,Electrónica,Laptops,BrandF,709.91,15,4.5
PROD-04057,Ciclismo Essentials Modelo 76,Deportes,Ciclismo,Essentials,17.17,126,4.9
PROD-04058,No Ficción PremiumCorp Modelo 19,Libros,No Ficción,PremiumCorp,282.66,0,4.4
PROD-04059,Chaqueta BrandB Modelo 58,Ropa y Calzado,Chaqueta,BrandB,231.02,259,5.0
PROD-04060,Camping BrandA Modelo 91,Deportes,Camping,BrandA,266.3,136,5.0
PROD-04061,Audio BrandB Modelo 80,Electrónica,Audio,BrandB,400.27,18,3.1
PROD-04062,Utensilios BrandA Modelo 70,Hogar y Cocina,Utensilios,BrandA,1265.13,35,4.5
PROD-04063,Perfumes BrandF Modelo 26,Belleza y Cuidado Personal,Perfumes,BrandF,860.64,206,3.6
PROD-04064,Muebles BrandA Modelo 27,Hogar y Cocina,Muebles,BrandA,629.68,84,4.4
PROD-04065,Chaqueta BrandF Modelo 96,Ropa y Calzado,Chaqueta,BrandF,1338.65,241,4.7
PROD-04066,Zapatos PremiumCorp Modelo 61,Ropa y Calzado,Zapatos,PremiumCorp,506.18,37,3.7
PROD-04067,Laptops BrandF Modelo 42,Electrónica,Laptops,BrandF,630.15,285,3.3
PROD-04068,Maquillaje BrandC Modelo 79,Belleza y Cuidado Personal,Maquillaje,BrandC,922.33,302,4.7
PROD-04069,Audio BrandA Modelo 70,Electrónica,Audio,BrandA,5.87,310,3.0
PROD-04070,Ficción Essentials Modelo 27,Libros,Ficción,Essentials,988.33,180,4.3
PROD-04071,Herramientas BrandA Modelo 46,Automotriz,Herramientas,BrandA,364.19,321,4.0
PROD-04072,Zapatos BrandF Modelo 86,Ropa y Calzado,Zapatos,BrandF,511.96,283,3.1
PROD-04073,Electrodomésticos BrandB Modelo 33,Hogar y Cocina,Electrodomésticos,BrandB,851.33,76,4.0
PROD-04074,Ficción EcoLine Modelo 12,Libros,Ficción,EcoLine,938.0,75,4.4
PROD-04075,Muñecas BrandA Modelo 88,Juguetes,Muñecas,BrandA,491.21,192,4.4
PROD-04076,Herramientas EcoLine Modelo 75,Automotriz,Herramientas,EcoLine,241.8,0,4.2
PROD-04077,Limpieza Essentials Modelo 74,Automotriz,Limpieza,Essentials,1345.57,332,4.2
PROD-04078,Camping Essentials Modelo 65,Deportes,Camping,Essentials,926.7,158,4.5
PROD-04079,Herramientas BrandB Modelo 93,Automotriz,Herramientas,BrandB,1280.56,197,3.1
PROD-04080,Ficción PremiumCorp Modelo 61,Libros,Ficción,PremiumCorp,98.71,42,5.0
PROD-04081,No Ficción BrandB Modelo 61,Libros,No Ficción,BrandB,293.43,157,3.2
PROD-04082,Herramientas EcoLine Modelo 99,Automotriz,Herramientas,EcoLine,1035.96,176,3.0
PROD-04083,Running EcoLine Modelo 91,Deportes,Running,EcoLine,311.89,108,3.6
PROD-04084,Ciclismo BrandA Modelo 27,Deportes,Ciclismo,BrandA,1158.2,76,3.6
PROD-04085,Perfumes BrandE Modelo 85,Belleza y Cuidado Personal,Perfumes,BrandE,1008.28,170,4.3
PROD-04086,Ciencia BrandC Modelo 55,Libros,Ciencia,BrandC,1311.09,94,3.2
PROD-04087,Electrodomésticos BrandF Modelo 48,Hogar y Cocina,Electrodomésticos,BrandF,1247.33,208,3.8
PROD-04088,Juegos de Mesa BrandE Modelo 57,Juguetes,Juegos de Mesa,BrandE,1224.9,170,4.5
PROD-04089,Biografías BrandA Modelo 58,Libros,Biografías,BrandA,1015.91,269,4.1
PROD-04090,Utensilios EcoLine Modelo 25,Hogar y Cocina,Utensilios,EcoLine,670.69,196,3.7
PROD-04091,Limpieza BrandA Modelo 50,Automotriz,Limpieza,BrandA,1209.96,91,3.7
PROD-04092,Utensilios BrandF Modelo 52,Hogar y Cocina,Utensilios,BrandF,701.02,326,3.4
PROD-04093,Ficción BrandF Modelo 97,Libros,Ficción,BrandF,303.05,27,4.1
PROD-04094,Accesorios BrandF Modelo 90,Electrónica,Accesorios,BrandF,1312.0,104,4.7
PROD-04095,Limpieza BrandE Modelo 15,Automotriz,Limpieza,BrandE,1410.08,62,3.1
PROD-04096,Herramientas BrandD Modelo 53,Automotriz,Herramientas,BrandD,37.17,276,3.9
PROD-04097,Limpieza BrandC Modelo 29,Automotriz,Limpieza,BrandC,587.85,348,4.3
PROD-04098,Juegos de Mesa BrandB Modelo 87,Juguetes,Juegos de Mesa,BrandB,293.76,171,3.8
PROD-04099,Audio BrandF Modelo 44,Electrónica,Audio,BrandF,642.68,216,5.0
PROD-04100,Zapatos EcoLine Modelo 14,Ropa y Calzado,Zapatos,EcoLine,163.89,240,4.6
PROD-04101,Ficción PremiumCorp Modelo 53,Libros,Ficción,PremiumCorp,186.06,64,3.3
PROD-04102,Audio BrandE Modelo 85,Electrónica,Audio,BrandE,513.48,147,4.9
PROD-04103,Zapatos Essentials Modelo 46,Ropa y Calzado,Zapatos,Essentials,1460.71,231,3.2
PROD-04104,Cabello EcoLine Modelo 82,Belleza y Cuidado Personal,Cabello,EcoLine,950.01,223,5.0
PROD-04105,Audio Essentials Modelo 84,Electrónica,Audio,Essentials,845.08,15,4.9
PROD-04106,Teléfonos PremiumCorp Modelo 35,Electrónica,Teléfonos,PremiumCorp,902.61,210,4.9
PROD-04107,No Ficción PremiumCorp Modelo 42,Libros,No Ficción,PremiumCorp,123.88,230,3.3
PROD-04108,No Ficción BrandD Modelo 74,Libros,No Ficción,BrandD,1495.36,168,4.5
PROD-04109,Herramientas PremiumCorp Modelo 60,Automotriz,Herramientas,PremiumCorp,1288.11,264,3.5
PROD-04110,Maquillaje BrandA Modelo 99,Belleza y Cuidado Personal,Maquillaje,BrandA,824.62,55,3.8
PROD-04111,Gimnasio BrandB Modelo 84,Deportes,Gimnasio,BrandB,761.24,196,3.5
PROD-04112,Juegos de Mesa BrandD Modelo 92,Juguetes,Juegos de Mesa,BrandD,341.34,249,4.0
PROD-04113,Zapatos BrandB Modelo 43,Ropa y Calzado,Zapatos,BrandB,669.1,184,3.6
PROD-04114,Ciclismo Essentials Modelo 68,Deportes,Ciclismo,Essentials,971.1,8,3.3
PROD-04115,Ciencia BrandA Modelo 43,Libros,Ciencia,BrandA,424.63,199,3.6
PROD-04116,Audio BrandF Modelo 68,Electrónica,Audio,BrandF,854.48,98,3.0
PROD-04117,Zapatos EcoLine Modelo 36,Ropa y Calzado,Zapatos,EcoLine,800.54,75,4.6
PROD-04118,Chaqueta BrandC Modelo 90,Ropa y Calzado,Chaqueta,BrandC,870.55,191,3.6
PROD-04119,No Ficción BrandB Modelo 10,Libros,No Ficción,BrandB,833.92,157,3.1
PROD-04120,Gimnasio PremiumCorp Modelo 12,Deportes,Gimnasio,PremiumCorp,1222.9,234,4.8
PROD-04121,Decoración BrandF Modelo 31,Hogar y Cocina,Decoración,BrandF,320.4,34,3.2
PROD-04122,Ciencia BrandA Modelo 42,Libros,Ciencia,BrandA,624.92,69,4.3
PROD-04123,Muñecas BrandB Modelo 75,Juguetes,Muñecas,BrandB,925.46,175,4.0
PROD-04124,No Ficción BrandA Modelo 44,Libros,No Ficción,BrandA,361.19,341,4.8
PROD-04125,Ciclismo BrandE Modelo 41,Deportes,Ciclismo,BrandE,552.83,30,4.1
PROD-04126,Bloques BrandF Modelo 41,Juguetes,Bloques,BrandF,179.39,124,4.3
PROD-04127,Accesorios Auto EcoLine Modelo 72,Automotriz,Accesorios Auto,EcoLine,582.98,269,4.5
PROD-04128,Gimnasio EcoLine Modelo 21,Deportes,Gimnasio,EcoLine,836.92,77,3.9
PROD-04129,Muebles BrandD Modelo 41,Hogar y Cocina,Muebles,BrandD,796.32,84,4.3
PROD-04130,Decoración BrandB Modelo 84,Hogar y Cocina,Decoración,BrandB,870.58,275,4.9
PROD-04131,Cabello BrandB Modelo 74,Belleza y Cuidado Personal,Cabello,BrandB,900.47,222,4.5
PROD-04132,Accesorios BrandD Modelo 92,Electrónica,Accesorios,BrandD,1176.96,10,3.8
PROD-04133,Electrodomésticos BrandA Modelo 88,Hogar y Cocina,Electrodomésticos,BrandA,1456.36,318,4.1
PROD-04134,Gimnasio BrandA Modelo 47,Deportes,Gimnasio,BrandA,1493.56,189,4.4
PROD-04135,Utensilios BrandF Modelo 49,Hogar y Cocina,Utensilios,BrandF,1038.54,225,3.2
PROD-04136,Muñecas BrandD Modelo 84,Juguetes,Muñecas,BrandD,1172.16,3,4.2
PROD-04137,Cabello BrandD Modelo 12,Belleza y Cuidado Personal,Cabello,BrandD,1031.46,81,3.5
PROD-04138,No Ficción BrandB Modelo 90,Libros,No Ficción,BrandB,627.13,250,4.4
PROD-04139,Biografías BrandD Modelo 80,Libros,Biografías,BrandD,814.36,244,3.4
PROD-04140,Laptops BrandC Modelo 21,Electrónica,Laptops,BrandC,145.18,326,3.6
PROD-04141,Utensilios Essentials Modelo 19,Hogar y Cocina,Utensilios,Essentials,347.16,230,3.7
PROD-04142,Ficción BrandF Modelo 80,Libros,Ficción,BrandF,927.73,142,4.6
PROD-04143,Ficción BrandB Modelo 73,Libros,Ficción,BrandB,592.43,309,3.6
PROD-04144,Muebles BrandC Modelo 87,Hogar y Cocina,Muebles,BrandC,826.72,0,3.6
PROD-04145,Ficción BrandD Modelo 87,Libros,Ficción,BrandD,404.78,304,4.2
PROD-04146,Accesorios BrandC Modelo 22,Electrónica,Accesorios,BrandC,534.88,178,4.4
PROD-04147,Radiocontrol BrandD Modelo 96,Juguetes,Radiocontrol,BrandD,756.54,101,4.5
PROD-04148,Biografías PremiumCorp Modelo 59,Libros,Biografías,PremiumCorp,379.31,229,4.7
PROD-04149,No Ficción PremiumCorp Modelo 82,Libros,No Ficción,PremiumCorp,1266.76,330,4.1
PROD-04150,Pantalones EcoLine Modelo 50,Ropa y Calzado,Pantalones,EcoLine,558.34,44,4.8
PROD-04151,Accesorios Auto BrandD Modelo 28,Automotriz,Accesorios Auto,BrandD,1445.23,138,4.0
PROD-04152,No Ficción EcoLine Modelo 75,Libros,No Ficción,EcoLine,634.81,102,3.8
PROD-04153,Perfumes Essentials Modelo 62,Belleza y Cuidado Personal,Perfumes,Essentials,1016.4,295,4.2
PROD-04154,Running BrandF Modelo 98,Deportes,Running,BrandF,1378.79,95,3.1
PROD-04155,Ciclismo BrandB Modelo 59,Deportes,Ciclismo,BrandB,501.74,5,3.6
PROD-04156,Ciclismo BrandB Modelo 73,Deportes,Ciclismo,BrandB,441.28,349,3.5
PROD-04157,Limpieza Essentials Modelo 30,Automotriz,Limpieza,Essentials,18.4,149,3.5
PROD-04158,Ciencia BrandB Modelo 26,Libros,Ciencia,BrandB,217.92,316,4.4
PROD-04159,Running BrandC Modelo 83,Deportes,Running,BrandC,1157.14,188,3.9
PROD-04160,Juegos de Mesa EcoLine Modelo 10,Juguetes,Juegos de Mesa,EcoLine,845.44,67,4.9
PROD-04161,Chaqueta BrandD Modelo 35,Ropa y Calzado,Chaqueta,BrandD,86.21,245,4.1
PROD-04162,Audio Essentials Modelo 89,Electrónica,Audio,Essentials,1174.32,70,3.2
PROD-04163,Juegos de Mesa BrandA Modelo 25,Juguetes,Juegos de Mesa,BrandA,169.34,271,4.3
PROD-04164,Biografías Essentials Modelo 74,Libros,Biografías,Essentials,1319.7,159,4.3
PROD-04165,Bloques BrandB Modelo 79,Juguetes,Bloques,BrandB,302.86,111,4.2
PROD-04166,Pantalones BrandD Modelo 61,Ropa y Calzado,Pantalones,BrandD,1417.91,58,4.2
PROD-04167,Herramientas BrandC Modelo 48,Automotriz,Herramientas,BrandC,1343.91,135,3.8
PROD-04168,Accesorios Auto BrandB Modelo 19,Automotriz,Accesorios Auto,BrandB,748.33,102,3.8
PROD-04169,No Ficción BrandD Modelo 16,Libros,No Ficción,BrandD,167.83,280,4.7
PROD-04170,Camping BrandC Modelo 64,Deportes,Camping,BrandC,238.06,53,3.3
PROD-04171,Decoración BrandD Modelo 83,Hogar y Cocina,Decoración,BrandD,214.77,59,3.4
PROD-04172,Juegos de Mesa BrandE Modelo 11,Juguetes,Juegos de Mesa,BrandE,1256.7,121,3.8
PROD-04173,Running BrandF Modelo 99,Deportes,Running,BrandF,650.9,198,3.0
PROD-04174,Zapatos BrandD Modelo 18,Ropa y Calzado,Zapatos,BrandD,768.85,0,3.4
PROD-04175,Limpieza BrandC Modelo 48,Automotriz,Limpieza,BrandC,427.89,238,3.1
PROD-04176,Biografías BrandE Modelo 91,Libros,Biografías,BrandE,363.19,181,3.1
PROD-04177,Muebles BrandB Modelo 16,Hogar y Cocina,Muebles,BrandB,225.21,120,4.0
PROD-04178,Camisas BrandF Modelo 71,Ropa y Calzado,Camisas,BrandF,1314.52,48,4.0
PROD-04179,Camping BrandC Modelo 51,Deportes,Camping,BrandC,1258.81,24,3.3
PROD-04180,Perfumes BrandA Modelo 62,Belleza y Cuidado Personal,Perfumes,BrandA,1413.29,261,4.0
PROD-04181,Skincare BrandD Modelo 23,Belleza y Cuidado Personal,Skincare,BrandD,1035.51,112,3.7
PROD-04182,Zapatos BrandB Modelo 40,Ropa y Calzado,Zapatos,BrandB,1442.98,258,4.9
PROD-04183,Accesorios Auto BrandF Modelo 14,Automotriz,Accesorios Auto,BrandF,1088.06,257,3.4
PROD-04184,Teléfonos BrandB Modelo 53,Electrónica,Teléfonos,BrandB,904.07,8,4.0
PROD-04185,Zapatos PremiumCorp Modelo 79,Ropa y Calzado,Zapatos,PremiumCorp,244.08,337,3.1
PROD-04186,Laptops BrandF Modelo 85,Electrónica,Laptops,BrandF,474.14,304,4.1
PROD-04187,No Ficción BrandA Modelo 27,Libros,No Ficción,BrandA,1379.47,349,5.0
PROD-04188,Accesorios Auto BrandB Modelo 84,Automotriz,Accesorios Auto,BrandB,523.36,179,4.2
PROD-04189,Perfumes EcoLine Modelo 45,Belleza y Cuidado Personal,Perfumes,EcoLine,805.33,194,3.8
PROD-04190,Biografías BrandF Modelo 31,Libros,Biografías,BrandF,1476.84,125,4.3
PROD-04191,Limpieza BrandA Modelo 65,Automotriz,Limpieza,BrandA,680.28,9,4.3
PROD-04192,Gimnasio Essentials Modelo 40,Deportes,Gimnasio,Essentials,229.28,125,4.2
PROD-04193,Pantalones EcoLine Modelo 72,Ropa y Calzado,Pantalones,EcoLine,986.46,93,3.7
PROD-04194,Utensilios BrandE Modelo 36,Hogar y Cocina,Utensilios,BrandE,193.57,154,3.5
PROD-04195,Laptops BrandE Modelo 45,Electrónica,Laptops,BrandE,694.3,15,4.5
PROD-04196,Camping BrandF Modelo 41,Deportes,Camping,BrandF,1342.02,289,4.4
PROD-04197,Juegos de Mesa BrandB Modelo 11,Juguetes,Juegos de Mesa,BrandB,351.27,143,4.3
PROD-04198,Accesorios Auto Essentials Modelo 23,Automotriz,Accesorios Auto,Essentials,1423.18,87,4.5
PROD-04199,Chaqueta BrandE Modelo 65,Ropa y Calzado,Chaqueta,BrandE,218.35,217,4.3
PROD-04200,Maquillaje EcoLine Modelo 85,Belleza y Cuidado Personal,Maquillaje,EcoLine,910.63,256,3.3
PROD-04201,Camping BrandA Modelo 37,Deportes,Camping,BrandA,59.41,70,3.7
PROD-04202,Ficción BrandF Modelo 68,Libros,Ficción,BrandF,793.2,104,3.0
PROD-04203,Gimnasio BrandD Modelo 92,Deportes,Gimnasio,BrandD,55.95,64,4.0
PROD-04204,Electrodomésticos EcoLine Modelo 18,Hogar y Cocina,Electrodomésticos,EcoLine,1156.36,33,4.1
PROD-04205,Perfumes BrandD Modelo 61,Belleza y Cuidado Personal,Perfumes,BrandD,1460.09,42,3.8
PROD-04206,Juegos de Mesa BrandF Modelo 21,Juguetes,Juegos de Mesa,BrandF,236.8,222,4.0
PROD-04207,Muebles BrandD Modelo 67,Hogar y Cocina,Muebles,BrandD,888.63,7,4.7
PROD-04208,Accesorios BrandA Modelo 94,Electrónica,Accesorios,BrandA,885.2,140,4.4
PROD-04209,Bloques PremiumCorp Modelo 37,Juguetes,Bloques,PremiumCorp,706.39,41,4.2
PROD-04210,Limpieza EcoLine Modelo 65,Automotriz,Limpieza,EcoLine,634.41,25,4.3
PROD-04211,Camisas BrandF Modelo 22,Ropa y Calzado,Camisas,BrandF,924.78,36,3.2
PROD-04212,Limpieza BrandD Modelo 62,Automotriz,Limpieza,BrandD,730.77,202,4.1
PROD-04213,Bloques EcoLine Modelo 48,Juguetes,Bloques,EcoLine,1179.06,207,4.9
PROD-04214,Muñecas BrandD Modelo 44,Juguetes,Muñecas,BrandD,395.33,111,3.3
PROD-04215,Chaqueta BrandD Modelo 86,Ropa y Calzado,Chaqueta,BrandD,1149.25,298,4.1
PROD-04216,Skincare EcoLine Modelo 51,Belleza y Cuidado Personal,Skincare,EcoLine,1144.82,243,3.0
PROD-04217,No Ficción BrandA Modelo 31,Libros,No Ficción,BrandA,174.22,70,3.3
PROD-04218,Limpieza BrandC Modelo 63,Automotriz,Limpieza,BrandC,143.8,244,4.8
PROD-04219,Maquillaje BrandF Modelo 75,Belleza y Cuidado Personal,Maquillaje,BrandF,148.99,10,5.0
PROD-04220,Camisas BrandE Modelo 71,Ropa y Calzado,Camisas,BrandE,607.57,100,4.9
PROD-04221,Teléfonos BrandC Modelo 76,Electrónica,Teléfonos,BrandC,50.87,172,4.7
PROD-04222,Herramientas BrandB Modelo 64,Automotriz,Herramientas,BrandB,371.68,151,3.9
PROD-04223,Bloques BrandE Modelo 13,Juguetes,Bloques,BrandE,1380.26,89,3.5
PROD-04224,Cabello BrandF Modelo 31,Belleza y Cuidado Personal,Cabello,BrandF,451.26,294,3.9
PROD-04225,Cabello BrandE Modelo 12,Belleza y Cuidado Personal,Cabello,BrandE,920.53,144,3.7
PROD-04226,Accesorios BrandE Modelo 43,Electrónica,Accesorios,BrandE,305.79,315,3.3
PROD-04227,Chaqueta PremiumCorp Modelo 15,Ropa y Calzado,Chaqueta,PremiumCorp,1492.13,98,4.7
PROD-04228,Ciclismo BrandA Modelo 38,Deportes,Ciclismo,BrandA,857.42,153,3.8
PROD-04229,Accesorios Auto BrandB Modelo 45,Automotriz,Accesorios Auto,BrandB,417.53,303,4.1
PROD-04230,Juegos de Mesa BrandE Modelo 84,Juguetes,Juegos de Mesa,BrandE,66.19,192,4.4
PROD-04231,Gimnasio BrandE Modelo 11,Deportes,Gimnasio,BrandE,192.07,70,3.7
PROD-04232,Zapatos BrandA Modelo 27,Ropa y Calzado,Zapatos,BrandA,1175.95,219,4.2
PROD-04233,Audio EcoLine Modelo 12,Electrónica,Audio,EcoLine,1075.63,325,3.9
PROD-04234,Laptops BrandE Modelo 30,Electrónica,Laptops,BrandE,470.37,121,3.0
PROD-04235,Skincare Essentials Modelo 72,Belleza y Cuidado Personal,Skincare,Essentials,1176.04,182,3.5
PROD-04236,Muñecas BrandB Modelo 76,Juguetes,Muñecas,BrandB,1304.39,39,4.1
PROD-04237,Cabello PremiumCorp Modelo 36,Belleza y Cuidado Personal,Cabello,PremiumCorp,1272.19,59,3.1
PROD-04238,Juegos de Mesa BrandC Modelo 62,Juguetes,Juegos de Mesa,BrandC,1214.48,145,3.5
PROD-04239,Ciclismo BrandF Modelo 29,Deportes,Ciclismo,BrandF,570.11,207,3.9
PROD-04240,Limpieza BrandC Modelo 51,Automotriz,Limpieza,BrandC,583.06,184,3.1
PROD-04241,Limpieza BrandC Modelo 84,Automotriz,Limpieza,BrandC,299.75,331,4.9
PROD-04242,Muñecas PremiumCorp Modelo 18,Juguetes,Muñecas,PremiumCorp,1098.38,128,5.0
PROD-04243,Running PremiumCorp Modelo 39,Deportes,Running,PremiumCorp,1180.42,237,3.3
PROD-04244,Camisas PremiumCorp Modelo 99,Ropa y Calzado,Camisas,PremiumCorp,303.33,133,4.0
PROD-04245,Pantalones BrandE Modelo 13,Ropa y Calzado,Pantalones,BrandE,683.25,291,3.4
PROD-04246,Limpieza EcoLine Modelo 22,Automotriz,Limpieza,EcoLine,108.46,82,4.4
PROD-04247,Bloques BrandD Modelo 72,Juguetes,Bloques,BrandD,1135.16,161,3.4
PROD-04248,Accesorios Auto BrandE Modelo 90,Automotriz,Accesorios Auto,BrandE,765.26,29,3.2
PROD-04249,Chaqueta PremiumCorp Modelo 26,Ropa y Calzado,Chaqueta,PremiumCorp,1120.07,41,3.9
PROD-04250,Bloques BrandF Modelo 41,Juguetes,Bloques,BrandF,1126.52,212,4.6
PROD-04251,Teléfonos BrandC Modelo 98,Electrónica,Teléfonos,BrandC,1334.66,322,3.7
PROD-04252,Camisas BrandF Modelo 79,Ropa y Calzado,Camisas,BrandF,1212.61,131,4.3
PROD-04253,Chaqueta BrandC Modelo 26,Ropa y Calzado,Chaqueta,BrandC,607.83,326,3.9
PROD-04254,Radiocontrol BrandD Modelo 92,Juguetes,Radiocontrol,BrandD,70.96,154,3.5
PROD-04255,No Ficción BrandF Modelo 98,Libros,No Ficción,BrandF,85.03,49,3.3
PROD-04256,Electrodomésticos BrandC Modelo 85,Hogar y Cocina,Electrodomésticos,BrandC,173.06,321,4.3
PROD-04257,Muñecas BrandA Modelo 15,Juguetes,Muñecas,BrandA,891.02,242,3.8
PROD-04258,Teléfonos PremiumCorp Modelo 21,Electrónica,Teléfonos,PremiumCorp,1001.55,249,4.2
PROD-04259,Biografías BrandA Modelo 17,Libros,Biografías,BrandA,897.65,8,4.0
PROD-04260,Accesorios BrandC Modelo 20,Electrónica,Accesorios,BrandC,865.15,209,4.7
PROD-04261,Pantalones BrandA Modelo 81,Ropa y Calzado,Pantalones,BrandA,1320.45,125,5.0
PROD-04262,Ficción BrandD Modelo 91,Libros,Ficción,BrandD,19.79,190,4.6
PROD-04263,Audio BrandF Modelo 40,Electrónica,Audio,BrandF,829.49,257,3.5
PROD-04264,Zapatos BrandB Modelo 85,Ropa y Calzado,Zapatos,BrandB,780.99,193,4.7
PROD-04265,Pantalones BrandC Modelo 80,Ropa y Calzado,Pantalones,BrandC,1399.09,275,4.5
PROD-04266,Ficción PremiumCorp Modelo 84,Libros,Ficción,PremiumCorp,467.69,99,4.3
PROD-04267,Accesorios Auto BrandF Modelo 34,Automotriz,Accesorios Auto,BrandF,1109.34,41,4.9
PROD-04268,Chaqueta Essentials Modelo 88,Ropa y Calzado,Chaqueta,Essentials,406.85,61,4.8
PROD-04269,Ciclismo BrandF Modelo 12,Deportes,Ciclismo,BrandF,543.87,103,4.8
PROD-04270,Muebles BrandA Modelo 62,Hogar y Cocina,Muebles,BrandA,1345.3,291,4.2
PROD-04271,Skincare BrandB Modelo 51,Belleza y Cuidado Personal,Skincare,BrandB,117.29,106,4.6
PROD-04272,Accesorios BrandC Modelo 51,Electrónica,Accesorios,BrandC,178.36,332,4.1
PROD-04273,Maquillaje EcoLine Modelo 49,Belleza y Cuidado Personal,Maquillaje,EcoLine,412.6,106,3.4
PROD-04274,Maquillaje BrandB Modelo 19,Belleza y Cuidado Personal,Maquillaje,BrandB,1326.47,104,4.6
PROD-04275,Bloques BrandE Modelo 43,Juguetes,Bloques,BrandE,322.88,218,4.8
PROD-04276,Chaqueta Essentials Modelo 75,Ropa y Calzado,Chaqueta,Essentials,60.17,349,4.2
PROD-04277,Bloques BrandE Modelo 85,Juguetes,Bloques,BrandE,1488.21,181,4.3
PROD-04278,Juegos de Mesa BrandE Modelo 76,Juguetes,Juegos de Mesa,BrandE,996.0,74,3.1
PROD-04279,Electrodomésticos BrandD Modelo 21,Hogar y Cocina,Electrodomésticos,BrandD,827.34,57,4.2
PROD-04280,Camisas Essentials Modelo 25,Ropa y Calzado,Camisas,Essentials,1106.33,333,4.1
PROD-04281,Bloques EcoLine Modelo 36,Juguetes,Bloques,EcoLine,1159.68,75,3.5
PROD-04282,Chaqueta BrandD Modelo 71,Ropa y Calzado,Chaqueta,BrandD,1235.38,81,4.5
PROD-04283,Skincare BrandF Modelo 13,Belleza y Cuidado Personal,Skincare,BrandF,159.03,235,3.0
PROD-04284,Juegos de Mesa BrandC Modelo 59,Juguetes,Juegos de Mesa,BrandC,1422.82,182,4.2
PROD-04285,Perfumes BrandD Modelo 50,Belleza y Cuidado Personal,Perfumes,BrandD,1349.29,118,3.2
PROD-04286,Ficción BrandC Modelo 76,Libros,Ficción,BrandC,68.43,182,3.8
PROD-04287,Muñecas PremiumCorp Modelo 65,Juguetes,Muñecas,PremiumCorp,519.16,327,3.4
PROD-04288,Ciencia BrandB Modelo 27,Libros,Ciencia,BrandB,545.62,271,3.7
PROD-04289,Cabello BrandC Modelo 85,Belleza y Cuidado Personal,Cabello,BrandC,1249.46,34,3.2
PROD-04290,Ciclismo PremiumCorp Modelo 92,Deportes,Ciclismo,PremiumCorp,1254.96,150,3.1
PROD-04291,Chaqueta PremiumCorp Modelo 44,Ropa y Calzado,Chaqueta,PremiumCorp,439.12,108,3.2
PROD-04292,Radiocontrol BrandB Modelo 95,Juguetes,Radiocontrol,BrandB,1305.99,272,3.6
PROD-04293,Accesorios BrandD Modelo 49,Electrónica,Accesorios,BrandD,342.28,73,4.3
PROD-04294,Limpieza BrandA Modelo 25,Automotriz,Limpieza,BrandA,1496.42,199,4.5
PROD-04295,Radiocontrol PremiumCorp Modelo 44,Juguetes,Radiocontrol,PremiumCorp,297.59,317,3.6
PROD-04296,Pantalones BrandF Modelo 79,Ropa y Calzado,Pantalones,BrandF,679.63,106,3.4
PROD-04297,Ciclismo BrandD Modelo 80,Deportes,Ciclismo,BrandD,523.75,122,3.9
PROD-04298,Cabello PremiumCorp Modelo 27,Belleza y Cuidado Personal,Cabello,PremiumCorp,649.92,175,4.6
PROD-04299,No Ficción BrandD Modelo 97,Libros,No Ficción,BrandD,304.28,24,3.8
PROD-04300,Zapatos BrandC Modelo 54,Ropa y Calzado,Zapatos,BrandC,1222.18,209,4.6
PROD-04301,Herramientas BrandE Modelo 69,Automotriz,Herramientas,BrandE,1234.57,180,4.4
PROD-04302,No Ficción BrandB Modelo 44,Libros,No Ficción,BrandB,1483.71,195,4.0
PROD-04303,Ciclismo BrandB Modelo 41,Deportes,Ciclismo,BrandB,511.06,160,4.0
PROD-04304,Limpieza BrandB Modelo 46,Automotriz,Limpieza,BrandB,426.8,227,4.9
PROD-04305,Ciclismo BrandF Modelo 20,Deportes,Ciclismo,BrandF,819.54,92,4.0
PROD-04306,Accesorios Auto BrandC Modelo 42,Automotriz,Accesorios Auto,BrandC,24.89,32,4.9
PROD-04307,Juegos de Mesa BrandC Modelo 72,Juguetes,Juegos de Mesa,BrandC,857.84,338,3.4
PROD-04308,Gimnasio BrandF Modelo 28,Deportes,Gimnasio,BrandF,1132.11,278,3.2
PROD-04309,Utensilios EcoLine Modelo 97,Hogar y Cocina,Utensilios,EcoLine,1465.63,344,3.4
PROD-04310,Chaqueta BrandC Modelo 31,Ropa y Calzado,Chaqueta,BrandC,117.82,285,4.0
PROD-04311,Electrodomésticos EcoLine Modelo 86,Hogar y Cocina,Electrodomésticos,EcoLine,869.24,91,3.2
PROD-04312,Juegos de Mesa BrandE Modelo 71,Juguetes,Juegos de Mesa,BrandE,1021.99,287,3.8
PROD-04313,Gimnasio BrandB Modelo 49,Deportes,Gimnasio,BrandB,779.63,163,4.5
PROD-04314,Decoración BrandC Modelo 78,Hogar y Cocina,Decoración,BrandC,871.35,114,3.3
PROD-04315,Limpieza BrandD Modelo 21,Automotriz,Limpieza,BrandD,68.91,163,4.7
PROD-04316,Electrodomésticos BrandC Modelo 32,Hogar y Cocina,Electrodomésticos,BrandC,1146.7,225,4.8
PROD-04317,Muñecas BrandF Modelo 18,Juguetes,Muñecas,BrandF,451.32,222,4.5
PROD-04318,Radiocontrol BrandE Modelo 45,Juguetes,Radiocontrol,BrandE,1317.42,234,4.5
PROD-04319,Utensilios BrandA Modelo 13,Hogar y Cocina,Utensilios,BrandA,1398.5,70,3.6
PROD-04320,Pantalones BrandD Modelo 88,Ropa y Calzado,Pantalones,BrandD,858.59,333,3.0
PROD-04321,Radiocontrol PremiumCorp Modelo 45,Juguetes,Radiocontrol,PremiumCorp,193.78,292,3.4
PROD-04322,Skincare BrandB Modelo 58,Belleza y Cuidado Personal,Skincare,BrandB,1101.79,299,4.5
PROD-04323,Maquillaje PremiumCorp Modelo 66,Belleza y Cuidado Personal,Maquillaje,PremiumCorp,147.48,147,4.9
PROD-04324,Zapatos BrandF Modelo 64,Ropa y Calzado,Zapatos,BrandF,1397.85,317,3.2
PROD-04325,Gimnasio BrandE Modelo 38,Deportes,Gimnasio,BrandE,1335.99,67,3.8
PROD-04326,Decoración PremiumCorp Modelo 69,Hogar y Cocina,Decoración,PremiumCorp,1071.91,293,4.3
PROD-04327,Maquillaje BrandB Modelo 95,Belleza y Cuidado Personal,Maquillaje,BrandB,1130.83,108,3.8
PROD-04328,Ciclismo Essentials Modelo 61,Deportes,Ciclismo,Essentials,1078.98,304,4.9
PROD-04329,Radiocontrol PremiumCorp Modelo 55,Juguetes,Radiocontrol,PremiumCorp,7.8,170,4.6
PROD-04330,No Ficción BrandD Modelo 47,Libros,No Ficción,BrandD,1426.82,54,3.6
PROD-04331,Ciencia BrandC Modelo 88,Libros,Ciencia,BrandC,1033.94,284,3.1
PROD-04332,Ficción BrandE Modelo 12,Libros,Ficción,BrandE,581.19,276,4.0
PROD-04333,Radiocontrol BrandA Modelo 46,Juguetes,Radiocontrol,BrandA,1105.44,152,4.5
PROD-04334,Pantalones BrandE Modelo 46,Ropa y Calzado,Pantalones,BrandE,520.68,293,3.7
PROD-04335,Ciclismo PremiumCorp Modelo 75,Deportes,Ciclismo,PremiumCorp,737.63,102,4.8
PROD-04336,Cabello PremiumCorp Modelo 25,Belleza y Cuidado Personal,Cabello,PremiumCorp,570.09,230,3.0
PROD-04337,Gimnasio EcoLine Modelo 85,Deportes,Gimnasio,EcoLine,1108.38,122,4.5
PROD-04338,Bloques BrandB Modelo 71,Juguetes,Bloques,BrandB,386.86,329,4.5
PROD-04339,Accesorios EcoLine Modelo 79,Electrónica,Accesorios,EcoLine,1163.48,197,3.1
PROD-04340,Accesorios PremiumCorp Modelo 16,Electrónica,Accesorios,PremiumCorp,1193.16,278,4.1
PROD-04341,Chaqueta BrandA Modelo 77,Ropa y Calzado,Chaqueta,BrandA,1307.9,18,3.9
PROD-04342,Audio Essentials Modelo 92,Electrónica,Audio,Essentials,1400.76,234,3.7
PROD-04343,Teléfonos BrandC Modelo 33,Electrónica,Teléfonos,BrandC,356.24,151,3.8
PROD-04344,Radiocontrol BrandB Modelo 94,Juguetes,Radiocontrol,BrandB,1154.19,258,4.3
PROD-04345,Bloques BrandE Modelo 34,Juguetes,Bloques,BrandE,1046.03,145,3.6
PROD-04346,Limpieza BrandB Modelo 49,Automotriz,Limpieza,BrandB,199.5,2,4.9
PROD-04347,Limpieza BrandA Modelo 81,Automotriz,Limpieza,BrandA,594.91,341,4.3
PROD-04348,Laptops PremiumCorp Modelo 42,Electrónica,Laptops,PremiumCorp,628.49,253,5.0
PROD-04349,No Ficción BrandC Modelo 78,Libros,No Ficción,BrandC,451.31,219,3.4
PROD-04350,Gimnasio EcoLine Modelo 27,Deportes,Gimnasio,EcoLine,1006.28,290,3.6
PROD-04351,Laptops Essentials Modelo 54,Electrónica,Laptops,Essentials,1136.02,259,3.7
PROD-04352,Limpieza BrandE Modelo 71,Automotriz,Limpieza,BrandE,1279.95,289,3.1
PROD-04353,Ciencia EcoLine Modelo 45,Libros,Ciencia,EcoLine,1388.4,266,4.6
PROD-04354,Running PremiumCorp Modelo 61,Deportes,Running,PremiumCorp,938.92,23,4.5
PROD-04355,Muebles BrandA Modelo 16,Hogar y Cocina,Muebles,BrandA,243.9,183,4.5
PROD-04356,Bloques Essentials Modelo 61,Juguetes,Bloques,Essentials,1273.26,127,4.5
PROD-04357,Limpieza BrandD Modelo 13,Automotriz,Limpieza,BrandD,141.11,98,3.8
PROD-04358,Maquillaje EcoLine Modelo 29,Belleza y Cuidado Personal,Maquillaje,EcoLine,460.04,344,4.5
PROD-04359,Electrodomésticos Essentials Modelo 78,Hogar y Cocina,Electrodomésticos,Essentials,1087.33,132,3.4
PROD-04360,Accesorios Auto Essentials Modelo 41,Automotriz,Accesorios Auto,Essentials,1051.58,284,5.0
PROD-04361,Accesorios Essentials Modelo 65,Electrónica,Accesorios,Essentials,846.43,150,3.2
PROD-04362,Decoración BrandD Modelo 65,Hogar y Cocina,Decoración,BrandD,1015.63,261,4.4
PROD-04363,Muñecas BrandD Modelo 98,Juguetes,Muñecas,BrandD,769.7,110,3.3
PROD-04364,Electrodomésticos PremiumCorp Modelo 79,Hogar y Cocina,Electrodomésticos,PremiumCorp,507.78,221,4.6
PROD-04365,Limpieza BrandE Modelo 76,Automotriz,Limpieza,BrandE,162.79,148,3.5
PROD-04366,Decoración PremiumCorp Modelo 16,Hogar y Cocina,Decoración,PremiumCorp,573.84,99,3.8
PROD-04367,Zapatos BrandC Modelo 82,Ropa y Calzado,Zapatos,BrandC,1186.68,47,3.6
PROD-04368,Camping BrandB Modelo 31,Deportes,Camping,BrandB,195.87,23,4.6
PROD-04369,Chaqueta Essentials Modelo 27,Ropa y Calzado,Chaqueta,Essentials,1462.33,191,3.9
PROD-04370,Camping BrandC Modelo 38,Deportes,Camping,BrandC,626.27,299,3.7
PROD-04371,Teléfonos BrandB Modelo 89,Electrónica,Teléfonos,BrandB,153.9,290,4.6
PROD-04372,Utensilios BrandC Modelo 33,Hogar y Cocina,Utensilios,BrandC,1152.65,327,3.8
PROD-04373,Teléfonos BrandD Modelo 95,Electrónica,Teléfonos,BrandD,1482.62,242,4.3
PROD-04374,Muñecas BrandE Modelo 27,Juguetes,Muñecas,BrandE,1456.38,86,4.1
PROD-04375,Ficción BrandC Modelo 14,Libros,Ficción,BrandC,713.02,54,3.4
PROD-04376,Accesorios BrandF Modelo 98,Electrónica,Accesorios,BrandF,890.39,81,3.1
PROD-04377,Chaqueta Essentials Modelo 53,Ropa y Calzado,Chaqueta,Essentials,951.35,285,4.8
PROD-04378,Utensilios BrandE Modelo 23,Hogar y Cocina,Utensilios,BrandE,1410.15,264,4.5
PROD-04379,Juegos de Mesa BrandB Modelo 90,Juguetes,Juegos de Mesa,BrandB,911.58,254,4.6
PROD-04380,Accesorios Auto BrandD Modelo 11,Automotriz,Accesorios Auto,BrandD,459.39,158,3.0
PROD-04381,Ficción BrandA Modelo 48,Libros,Ficción,BrandA,1174.7,287,3.1
PROD-04382,Biografías BrandB Modelo 31,Libros,Biografías,BrandB,942.67,297,4.8
PROD-04383,Muñecas BrandE Modelo 58,Juguetes,Muñecas,BrandE,1334.29,142,4.6
PROD-04384,Camisas EcoLine Modelo 97,Ropa y Calzado,Camisas,EcoLine,1166.54,199,3.9
PROD-04385,Cabello BrandE Modelo 35,Belleza y Cuidado Personal,Cabello,BrandE,207.82,23,4.5
PROD-04386,Muñecas BrandC Modelo 84,Juguetes,Muñecas,BrandC,824.13,162,4.6
PROD-04387,Electrodomésticos BrandD Modelo 85,Hogar y Cocina,Electrodomésticos,BrandD,249.02,223,3.9
PROD-04388,Pantalones BrandC Modelo 79,Ropa y Calzado,Pantalones,BrandC,489.84,276,4.4
PROD-04389,Camping BrandD Modelo 56,Deportes,Camping,BrandD,310.25,202,4.2
PROD-04390,Ciencia BrandC Modelo 58,Libros,Ciencia,BrandC,126.32,34,3.2
PROD-04391,Running Essentials Modelo 29,Deportes,Running,Essentials,454.93,66,3.8
PROD-04392,Laptops BrandE Modelo 57,Electrónica,Laptops,BrandE,913.33,308,5.0
PROD-04393,Limpieza PremiumCorp Modelo 82,Automotriz,Limpieza,PremiumCorp,341.45,181,4.0
PROD-04394,Ficción BrandC Modelo 46,Libros,Ficción,BrandC,1157.18,293,4.5
PROD-04395,Ficción PremiumCorp Modelo 61,Libros,Ficción,PremiumCorp,421.16,230,4.4
PROD-04396,Decoración BrandF Modelo 29,Hogar y Cocina,Decoración,BrandF,959.53,99,3.0
PROD-04397,Juegos de Mesa BrandB Modelo 37,Juguetes,Juegos de Mesa,BrandB,190.61,306,4.0
PROD-04398,Laptops BrandB Modelo 43,Electrónica,Laptops,BrandB,638.08,183,4.7
PROD-04399,Electrodomésticos Essentials Modelo 39,Hogar y Cocina,Electrodomésticos,Essentials,643.69,122,4.3
PROD-04400,Ficción BrandC Modelo 20,Libros,Ficción,BrandC,438.03,63,4.3
PROD-04401,Laptops Essentials Modelo 24,Electrónica,Laptops,Essentials,704.43,71,4.6
PROD-04402,Muñecas BrandC Modelo 99,Juguetes,Muñecas,BrandC,583.82,92,4.0
PROD-04403,Camping BrandB Modelo 64,Deportes,Camping,BrandB,485.83,32,3.6
PROD-04404,Herramientas EcoLine Modelo 33,Automotriz,Herramientas,EcoLine,1064.24,19,5.0
PROD-04405,Cabello PremiumCorp Modelo 97,Belleza y Cuidado Personal,Cabello,PremiumCorp,1487.97,24,4.3
PROD-04406,Teléfonos BrandA Modelo 99,Electrónica,Teléfonos,BrandA,946.43,294,3.4
PROD-04407,Perfumes BrandB Modelo 65,Belleza y Cuidado Personal,Perfumes,BrandB,1050.92,115,3.9
PROD-04408,Maquillaje EcoLine Modelo 87,Belleza y Cuidado Personal,Maquillaje,EcoLine,1283.03,142,4.2
PROD-04409,Ciclismo BrandB Modelo 34,Deportes,Ciclismo,BrandB,297.79,138,4.7
PROD-04410,Radiocontrol BrandD Modelo 78,Juguetes,Radiocontrol,BrandD,603.61,39,3.3
PROD-04411,Muebles BrandD Modelo 78,Hogar y Cocina,Muebles,BrandD,1479.86,66,4.9
PROD-04412,Camping BrandA Modelo 34,Deportes,Camping,BrandA,444.57,69,4.8
PROD-04413,Zapatos BrandB Modelo 69,Ropa y Calzado,Zapatos,BrandB,1106.24,243,3.6
PROD-04414,Ficción BrandC Modelo 58,Libros,Ficción,BrandC,23.75,68,4.4
PROD-04415,Camisas BrandA Modelo 95,Ropa y Calzado,Camisas,BrandA,379.52,145,3.6
PROD-04416,Laptops Essentials Modelo 50,Electrónica,Laptops,Essentials,1228.69,142,3.3
PROD-04417,Perfumes Essentials Modelo 75,Belleza y Cuidado Personal,Perfumes,Essentials,68.91,1,4.5
PROD-04418,Muñecas BrandB Modelo 20,Juguetes,Muñecas,BrandB,782.17,338,4.6
PROD-04419,Audio Essentials Modelo 90,Electrónica,Audio,Essentials,919.91,43,3.5
PROD-04420,Accesorios Auto BrandE Modelo 41,Automotriz,Accesorios Auto,BrandE,261.49,90,4.7
PROD-04421,Juegos de Mesa EcoLine Modelo 19,Juguetes,Juegos de Mesa,EcoLine,324.41,5,3.2
PROD-04422,Decoración BrandA Modelo 62,Hogar y Cocina,Decoración,BrandA,924.58,206,3.5
PROD-04423,Ficción BrandC Modelo 36,Libros,Ficción,BrandC,1337.13,146,4.4
PROD-04424,Bloques PremiumCorp Modelo 50,Juguetes,Bloques,PremiumCorp,628.1,87,4.7
PROD-04425,Bloques Essentials Modelo 67,Juguetes,Bloques,Essentials,1146.28,302,4.9
PROD-04426,Biografías BrandE Modelo 13,Libros,Biografías,BrandE,83.45,42,4.3
PROD-04427,Limpieza BrandB Modelo 89,Automotriz,Limpieza,BrandB,807.37,139,3.2
PROD-04428,Ficción BrandD Modelo 76,Libros,Ficción,BrandD,1438.6,114,3.2
PROD-04429,Muebles BrandB Modelo 63,Hogar y Cocina,Muebles,BrandB,349.15,239,4.0
PROD-04430,Limpieza BrandC Modelo 86,Automotriz,Limpieza,BrandC,81.91,18,3.2
PROD-04431,Cabello BrandF Modelo 59,Belleza y Cuidado Personal,Cabello,BrandF,222.83,320,3.6
PROD-04432,Bloques EcoLine Modelo 29,Juguetes,Bloques,EcoLine,579.21,65,4.3
PROD-04433,Limpieza BrandD Modelo 77,Automotriz,Limpieza,BrandD,1194.69,190,4.7
PROD-04434,Audio BrandC Modelo 96,Electrónica,Audio,BrandC,566.06,105,4.1
PROD-04435,Muñecas BrandD Modelo 87,Juguetes,Muñecas,BrandD,1399.68,166,3.7
PROD-04436,Chaqueta BrandE Modelo 66,Ropa y Calzado,Chaqueta,BrandE,318.66,276,4.1
PROD-04437,Gimnasio EcoLine Modelo 38,Deportes,Gimnasio,EcoLine,146.65,86,3.0
PROD-04438,Camping BrandB Modelo 13,Deportes,Camping,BrandB,1140.17,104,4.8
PROD-04439,Herramientas Essentials Modelo 52,Automotriz,Herramientas,Essentials,445.2,19,3.3
PROD-04440,Muñecas EcoLine Modelo 85,Juguetes,Muñecas,EcoLine,182.97,42,4.3
PROD-04441,Biografías Essentials Modelo 49,Libros,Biografías,Essentials,572.47,345,3.5
PROD-04442,Utensilios BrandC Modelo 40,Hogar y Cocina,Utensilios,BrandC,897.01,116,3.8
PROD-04443,Biografías BrandF Modelo 75,Libros,Biografías,BrandF,1153.96,70,3.7
PROD-04444,Limpieza Essentials Modelo 68,Automotriz,Limpieza,Essentials,51.37,145,3.2
PROD-04445,Limpieza PremiumCorp Modelo 16,Automotriz,Limpieza,PremiumCorp,341.42,196,3.4
PROD-04446,Camping BrandC Modelo 25,Deportes,Camping,BrandC,475.87,123,4.7
PROD-04447,Teléfonos BrandF Modelo 78,Electrónica,Teléfonos,BrandF,1354.6,261,4.4
PROD-04448,Limpieza BrandD Modelo 14,Automotriz,Limpieza,BrandD,883.92,278,4.3
PROD-04449,Perfumes BrandE Modelo 20,Belleza y Cuidado Personal,Perfumes,BrandE,141.84,135,3.5
PROD-04450,Utensilios BrandD Modelo 24,Hogar y Cocina,Utensilios,BrandD,608.68,44,3.2
PROD-04451,Limpieza BrandA Modelo 55,Automotriz,Limpieza,BrandA,1113.54,299,3.6
PROD-04452,Laptops Essentials Modelo 16,Electrónica,Laptops,Essentials,133.51,308,3.4
PROD-04453,Muebles BrandB Modelo 98,Hogar y Cocina,Muebles,BrandB,150.4,171,4.8
PROD-04454,Limpieza PremiumCorp Modelo 64,Automotriz,Limpieza,PremiumCorp,618.61,216,4.5
PROD-04455,Cabello BrandA Modelo 10,Belleza y Cuidado Personal,Cabello,BrandA,397.28,60,4.4
PROD-04456,Ficción Essentials Modelo 32,Libros,Ficción,Essentials,406.6,76,3.9
PROD-04457,Gimnasio BrandB Modelo 18,Deportes,Gimnasio,BrandB,1112.87,93,3.2
PROD-04458,Ciclismo BrandA Modelo 27,Deportes,Ciclismo,BrandA,636.54,193,4.9
PROD-04459,Chaqueta BrandD Modelo 12,Ropa y Calzado,Chaqueta,BrandD,345.83,321,4.1
PROD-04460,Camisas BrandD Modelo 48,Ropa y Calzado,Camisas,BrandD,258.68,91,4.3
PROD-04461,Accesorios BrandC Modelo 52,Electrónica,Accesorios,BrandC,1102.89,276,3.0
PROD-04462,Ciencia BrandB Modelo 69,Libros,Ciencia,BrandB,1284.0,37,3.1
PROD-04463,Bloques PremiumCorp Modelo 95,Juguetes,Bloques,PremiumCorp,670.4,125,3.4
PROD-04464,Muñecas PremiumCorp Modelo 76,Juguetes,Muñecas,PremiumCorp,598.44,129,3.2
PROD-04465,Running PremiumCorp Modelo 10,Deportes,Running,PremiumCorp,874.47,281,4.3
PROD-04466,Laptops Essentials Modelo 77,Electrónica,Laptops,Essentials,521.07,63,4.2
PROD-04467,Accesorios BrandC Modelo 80,Electrónica,Accesorios,BrandC,377.37,269,3.5
PROD-04468,Electrodomésticos BrandD Modelo 53,Hogar y Cocina,Electrodomésticos,BrandD,226.92,202,3.0
PROD-04469,Decoración BrandB Modelo 58,Hogar y Cocina,Decoración,BrandB,739.7,129,3.6
PROD-04470,Herramientas BrandB Modelo 39,Automotriz,Herramientas,BrandB,881.28,21,3.8
PROD-04471,Muñecas BrandE Modelo 40,Juguetes,Muñecas,BrandE,170.58,306,4.4
PROD-04472,Laptops EcoLine Modelo 19,Electrónica,Laptops,EcoLine,252.03,276,3.5
PROD-04473,Audio BrandC Modelo 72,Electrónica,Audio,BrandC,1156.1,293,3.5
PROD-04474,Muebles BrandE Modelo 89,Hogar y Cocina,Muebles,BrandE,1308.62,66,3.3
PROD-04475,Laptops BrandE Modelo 13,Electrónica,Laptops,BrandE,651.75,70,4.8
PROD-04476,Chaqueta BrandA Modelo 19,Ropa y Calzado,Chaqueta,BrandA,1010.89,202,4.1
PROD-04477,Skincare EcoLine Modelo 63,Belleza y Cuidado Personal,Skincare,EcoLine,767.6,304,4.6
PROD-04478,Herramientas EcoLine Modelo 31,Automotriz,Herramientas,EcoLine,1433.73,179,3.9
PROD-04479,Accesorios BrandB Modelo 49,Electrónica,Accesorios,BrandB,1451.56,124,4.5
PROD-04480,Cabello BrandB Modelo 49,Belleza y Cuidado Personal,Cabello,BrandB,410.17,125,4.6
PROD-04481,Accesorios Auto BrandB Modelo 31,Automotriz,Accesorios Auto,BrandB,798.65,95,3.0
PROD-04482,Cabello BrandD Modelo 33,Belleza y Cuidado Personal,Cabello,BrandD,112.28,71,3.0
PROD-04483,Perfumes BrandE Modelo 93,Belleza y Cuidado Personal,Perfumes,BrandE,232.44,194,4.7
PROD-04484,Herramientas BrandA Modelo 24,Automotriz,Herramientas,BrandA,735.6,34,4.4
PROD-04485,Accesorios Auto EcoLine Modelo 58,Automotriz,Accesorios Auto,EcoLine,103.73,16,3.2
PROD-04486,Running BrandE Modelo 59,Deportes,Running,BrandE,858.72,21,4.7
PROD-04487,Chaqueta BrandB Modelo 76,Ropa y Calzado,Chaqueta,BrandB,1408.07,284,4.9
PROD-04488,Camisas BrandA Modelo 65,Ropa y Calzado,Camisas,BrandA,833.48,160,3.4
PROD-04489,Skincare BrandD Modelo 64,Belleza y Cuidado Personal,Skincare,BrandD,970.1,250,3.4
PROD-04490,Accesorios BrandD Modelo 73,Electrónica,Accesorios,BrandD,515.53,322,4.4
PROD-04491,Gimnasio Essentials Modelo 32,Deportes,Gimnasio,Essentials,439.12,59,4.5
PROD-04492,Decoración BrandE Modelo 39,Hogar y Cocina,Decoración,BrandE,71.07,199,4.8
PROD-04493,Chaqueta BrandE Modelo 44,Ropa y Calzado,Chaqueta,BrandE,1271.93,302,3.2
PROD-04494,Utensilios BrandE Modelo 55,Hogar y Cocina,Utensilios,BrandE,1177.87,193,4.2
PROD-04495,Pantalones BrandE Modelo 31,Ropa y Calzado,Pantalones,BrandE,111.89,322,4.5
PROD-04496,Running PremiumCorp Modelo 29,Deportes,Running,PremiumCorp,1234.76,190,4.7
PROD-04497,Pantalones BrandB Modelo 89,Ropa y Calzado,Pantalones,BrandB,584.48,246,4.9
PROD-04498,Juegos de Mesa BrandC Modelo 48,Juguetes,Juegos de Mesa,BrandC,1120.04,24,3.3
PROD-04499,Chaqueta Essentials Modelo 17,Ropa y Calzado,Chaqueta,Essentials,1198.46,321,4.7
PROD-04500,Ciclismo Essentials Modelo 91,Deportes,Ciclismo,Essentials,973.16,79,3.9
PROD-04501,Ciencia BrandD Modelo 85,Libros,Ciencia,BrandD,810.65,78,4.3
PROD-04502,Accesorios Auto PremiumCorp Modelo 17,Automotriz,Accesorios Auto,PremiumCorp,558.36,248,4.6
PROD-04503,Utensilios BrandF Modelo 15,Hogar y Cocina,Utensilios,BrandF,641.75,281,4.7
PROD-04504,Skincare BrandA Modelo 96,Belleza y Cuidado Personal,Skincare,BrandA,1431.55,208,3.7
PROD-04505,Muñecas BrandF Modelo 41,Juguetes,Muñecas,BrandF,825.75,338,3.1
PROD-04506,Maquillaje Essentials Modelo 40,Belleza y Cuidado Personal,Maquillaje,Essentials,97.24,166,4.6
PROD-04507,Accesorios PremiumCorp Modelo 68,Electrónica,Accesorios,PremiumCorp,1295.29,36,4.6
PROD-04508,Biografías PremiumCorp Modelo 93,Libros,Biografías,PremiumCorp,731.14,266,4.6
PROD-04509,Muebles BrandE Modelo 24,Hogar y Cocina,Muebles,BrandE,771.83,259,3.3
PROD-04510,Ciencia BrandA Modelo 81,Libros,Ciencia,BrandA,694.84,245,3.6
PROD-04511,Bloques BrandE Modelo 95,Juguetes,Bloques,BrandE,432.85,272,4.3
PROD-04512,Muebles BrandD Modelo 35,Hogar y Cocina,Muebles,BrandD,618.14,134,4.3
PROD-04513,Skincare BrandE Modelo 55,Belleza y Cuidado Personal,Skincare,BrandE,348.5,312,4.4
PROD-04514,Running BrandD Modelo 54,Deportes,Running,BrandD,108.92,178,4.6
PROD-04515,Audio BrandE Modelo 73,Electrónica,Audio,BrandE,514.06,272,3.2
PROD-04516,Ficción BrandF Modelo 94,Libros,Ficción,BrandF,151.41,73,4.5
PROD-04517,Teléfonos BrandC Modelo 31,Electrónica,Teléfonos,BrandC,518.47,22,3.0
PROD-04518,No Ficción BrandC Modelo 98,Libros,No Ficción,BrandC,299.2,262,3.2
PROD-04519,Herramientas EcoLine Modelo 50,Automotriz,Herramientas,EcoLine,143.63,58,3.9
PROD-04520,Chaqueta BrandE Modelo 92,Ropa y Calzado,Chaqueta,BrandE,712.84,311,4.7
PROD-04521,Cabello PremiumCorp Modelo 33,Belleza y Cuidado Personal,Cabello,PremiumCorp,624.19,51,4.1
PROD-04522,Muebles PremiumCorp Modelo 24,Hogar y Cocina,Muebles,PremiumCorp,1494.41,273,4.0
PROD-04523,Juegos de Mesa PremiumCorp Modelo 16,Juguetes,Juegos de Mesa,PremiumCorp,271.06,88,4.8
PROD-04524,Perfumes BrandB Modelo 13,Belleza y Cuidado Personal,Perfumes,BrandB,1359.98,244,3.5
PROD-04525,Pantalones BrandA Modelo 91,Ropa y Calzado,Pantalones,BrandA,299.78,309,3.9
PROD-04526,Skincare PremiumCorp Modelo 50,Belleza y Cuidado Personal,Skincare,PremiumCorp,1197.9,225,3.4
PROD-04527,Audio BrandD Modelo 49,Electrónica,Audio,BrandD,732.9,48,4.7
PROD-04528,Teléfonos Essentials Modelo 60,Electrónica,Teléfonos,Essentials,351.31,73,4.7
PROD-04529,Running Essentials Modelo 22,Deportes,Running,Essentials,1123.53,336,4.4
PROD-04530,Biografías EcoLine Modelo 66,Libros,Biografías,EcoLine,1074.05,188,4.1
PROD-04531,Muebles PremiumCorp Modelo 56,Hogar y Cocina,Muebles,PremiumCorp,994.48,61,3.5
PROD-04532,Teléfonos BrandC Modelo 82,Electrónica,Teléfonos,BrandC,1447.64,225,3.1
PROD-04533,Electrodomésticos BrandB Modelo 27,Hogar y Cocina,Electrodomésticos,BrandB,456.55,292,4.9
PROD-04534,Radiocontrol PremiumCorp Modelo 28,Juguetes,Radiocontrol,PremiumCorp,213.4,143,3.6
PROD-04535,Zapatos BrandF Modelo 86,Ropa y Calzado,Zapatos,BrandF,1168.97,114,4.7
PROD-04536,Bloques Essentials Modelo 64,Juguetes,Bloques,Essentials,717.79,329,3.9
PROD-04537,Ciclismo EcoLine Modelo 69,Deportes,Ciclismo,EcoLine,309.15,312,4.8
PROD-04538,Muebles PremiumCorp Modelo 23,Hogar y Cocina,Muebles,PremiumCorp,1497.01,270,3.4
PROD-04539,Perfumes BrandD Modelo 73,Belleza y Cuidado Personal,Perfumes,BrandD,1169.72,314,4.1
PROD-04540,No Ficción BrandA Modelo 66,Libros,No Ficción,BrandA,1160.25,203,4.9
PROD-04541,Biografías BrandC Modelo 18,Libros,Biografías,BrandC,824.03,5,4.5
PROD-04542,Camping EcoLine Modelo 19,Deportes,Camping,EcoLine,1160.17,210,4.5
PROD-04543,Electrodomésticos PremiumCorp Modelo 18,Hogar y Cocina,Electrodomésticos,PremiumCorp,729.05,74,3.0
PROD-04544,Electrodomésticos BrandB Modelo 93,Hogar y Cocina,Electrodomésticos,BrandB,1252.8,255,3.6
PROD-04545,Chaqueta PremiumCorp Modelo 86,Ropa y Calzado,Chaqueta,PremiumCorp,252.66,237,3.1
PROD-04546,Decoración BrandE Modelo 10,Hogar y Cocina,Decoración,BrandE,558.23,322,3.0
PROD-04547,Limpieza BrandF Modelo 32,Automotriz,Limpieza,BrandF,252.24,164,4.7
PROD-04548,Pantalones PremiumCorp Modelo 92,Ropa y Calzado,Pantalones,PremiumCorp,169.41,246,4.4
PROD-04549,Biografías BrandB Modelo 40,Libros,Biografías,BrandB,57.03,114,3.4
PROD-04550,Utensilios BrandE Modelo 13,Hogar y Cocina,Utensilios,BrandE,576.49,257,3.0
PROD-04551,Biografías BrandD Modelo 31,Libros,Biografías,BrandD,1153.32,191,4.7
PROD-04552,No Ficción BrandA Modelo 76,Libros,No Ficción,BrandA,1241.46,134,3.2
PROD-04553,Accesorios Auto BrandF Modelo 46,Automotriz,Accesorios Auto,BrandF,1301.07,342,4.9
PROD-04554,Accesorios BrandB Modelo 54,Electrónica,Accesorios,BrandB,27.95,54,3.3
PROD-04555,Chaqueta Essentials Modelo 91,Ropa y Calzado,Chaqueta,Essentials,555.69,191,3.7
PROD-04556,Electrodomésticos EcoLine Modelo 71,Hogar y Cocina,Electrodomésticos,EcoLine,1089.91,62,4.5
PROD-04557,Limpieza BrandB Modelo 25,Automotriz,Limpieza,BrandB,1195.65,238,4.4
PROD-04558,No Ficción BrandE Modelo 95,Libros,No Ficción,BrandE,1056.46,68,4.3
PROD-04559,Ciencia BrandA Modelo 43,Libros,Ciencia,BrandA,981.61,230,4.1
PROD-04560,Radiocontrol Essentials Modelo 75,Juguetes,Radiocontrol,Essentials,1009.02,114,3.5
PROD-04561,Electrodomésticos BrandA Modelo 48,Hogar y Cocina,Electrodomésticos,BrandA,58.97,319,3.9
PROD-04562,Camisas BrandA Modelo 30,Ropa y Calzado,Camisas,BrandA,825.62,54,5.0
PROD-04563,Audio BrandD Modelo 68,Electrónica,Audio,BrandD,610.63,15,3.1
PROD-04564,Bloques BrandC Modelo 82,Juguetes,Bloques,BrandC,866.28,115,4.4
PROD-04565,Herramientas PremiumCorp Modelo 60,Automotriz,Herramientas,PremiumCorp,870.27,279,4.9
PROD-04566,Utensilios PremiumCorp Modelo 49,Hogar y Cocina,Utensilios,PremiumCorp,1255.21,64,3.9
PROD-04567,Accesorios Auto BrandB Modelo 48,Automotriz,Accesorios Auto,BrandB,654.83,113,3.2
PROD-04568,Accesorios PremiumCorp Modelo 64,Electrónica,Accesorios,PremiumCorp,699.59,313,3.7
PROD-04569,Audio BrandF Modelo 27,Electrónica,Audio,BrandF,536.7,152,3.3
PROD-04570,Ciencia BrandA Modelo 19,Libros,Ciencia,BrandA,585.2,264,4.9
PROD-04571,Muebles PremiumCorp Modelo 35,Hogar y Cocina,Muebles,PremiumCorp,61.33,87,3.9
PROD-04572,Ficción BrandE Modelo 41,Libros,Ficción,BrandE,566.95,97,3.5
PROD-04573,Cabello BrandD Modelo 59,Belleza y Cuidado Personal,Cabello,BrandD,1357.95,200,3.3
PROD-04574,Herramientas Essentials Modelo 84,Automotriz,Herramientas,Essentials,832.68,201,4.9
PROD-04575,Juegos de Mesa PremiumCorp Modelo 56,Juguetes,Juegos de Mesa,PremiumCorp,661.86,53,4.5
PROD-04576,Skincare BrandC Modelo 79,Belleza y Cuidado Personal,Skincare,BrandC,1158.77,162,3.7
PROD-04577,Herramientas Essentials Modelo 67,Automotriz,Herramientas,Essentials,1379.26,91,4.8
PROD-04578,Camisas PremiumCorp Modelo 11,Ropa y Calzado,Camisas,PremiumCorp,1438.13,248,3.3
PROD-04579,Gimnasio EcoLine Modelo 42,Deportes,Gimnasio,EcoLine,1222.14,309,4.5
PROD-04580,Electrodomésticos PremiumCorp Modelo 16,Hogar y Cocina,Electrodomésticos,PremiumCorp,923.51,341,4.7
PROD-04581,Gimnasio BrandD Modelo 63,Deportes,Gimnasio,BrandD,435.35,152,3.5
PROD-04582,Skincare EcoLine Modelo 76,Belleza y Cuidado Personal,Skincare,EcoLine,713.48,159,4.9
PROD-04583,Muebles BrandD Modelo 15,Hogar y Cocina,Muebles,BrandD,1410.38,11,4.2
PROD-04584,Decoración BrandB Modelo 56,Hogar y Cocina,Decoración,BrandB,727.82,340,3.4
PROD-04585,Biografías BrandD Modelo 89,Libros,Biografías,BrandD,223.01,26,4.5
PROD-04586,Utensilios BrandD Modelo 66,Hogar y Cocina,Utensilios,BrandD,1363.24,221,4.9
PROD-04587,Muñecas BrandD Modelo 69,Juguetes,Muñecas,BrandD,655.68,293,3.2
PROD-04588,Radiocontrol BrandD Modelo 18,Juguetes,Radiocontrol,BrandD,1372.18,343,4.2
PROD-04589,Chaqueta Essentials Modelo 55,Ropa y Calzado,Chaqueta,Essentials,528.8,140,3.5
PROD-04590,Running PremiumCorp Modelo 94,Deportes,Running,PremiumCorp,39.74,51,5.0
PROD-04591,Pantalones Essentials Modelo 20,Ropa y Calzado,Pantalones,Essentials,1120.93,144,4.0
PROD-04592,Ciencia BrandD Modelo 95,Libros,Ciencia,BrandD,1210.07,90,4.1
PROD-04593,Ficción BrandF Modelo 38,Libros,Ficción,BrandF,852.8,161,3.7
PROD-04594,Ciencia BrandA Modelo 58,Libros,Ciencia,BrandA,1240.94,69,4.9
PROD-04595,Camping BrandF Modelo 52,Deportes,Camping,BrandF,937.4,224,4.5
PROD-04596,Ciencia EcoLine Modelo 94,Libros,Ciencia,EcoLine,891.44,211,4.6
PROD-04597,Bloques EcoLine Modelo 90,Juguetes,Bloques,EcoLine,1393.46,186,3.1
PROD-04598,Audio EcoLine Modelo 64,Electrónica,Audio,EcoLine,1336.78,319,4.8
PROD-04599,Pantalones BrandE Modelo 92,Ropa y Calzado,Pantalones,BrandE,25.82,193,3.4
PROD-04600,Bloques EcoLine Modelo 61,Juguetes,Bloques,EcoLine,271.16,64,3.0
PROD-04601,Zapatos BrandA Modelo 10,Ropa y Calzado,Zapatos,BrandA,964.65,11,4.4
PROD-04602,Ciencia BrandA Modelo 29,Libros,Ciencia,BrandA,1208.17,88,4.7
PROD-04603,Skincare PremiumCorp Modelo 63,Belleza y Cuidado Personal,Skincare,PremiumCorp,434.15,259,4.7
PROD-04604,Radiocontrol BrandD Modelo 63,Juguetes,Radiocontrol,BrandD,942.78,128,4.3
PROD-04605,Gimnasio BrandC Modelo 27,Deportes,Gimnasio,BrandC,489.9,121,4.7
PROD-04606,Accesorios BrandE Modelo 63,Electrónica,Accesorios,BrandE,1476.85,42,3.9
PROD-04607,Limpieza BrandF Modelo 93,Automotriz,Limpieza,BrandF,1426.04,127,3.7
PROD-04608,Skincare BrandA Modelo 85,Belleza y Cuidado Personal,Skincare,BrandA,978.87,150,3.6
PROD-04609,Biografías BrandF Modelo 67,Libros,Biografías,BrandF,226.51,227,3.2
PROD-04610,Accesorios BrandD Modelo 91,Electrónica,Accesorios,BrandD,687.51,111,4.8
PROD-04611,Audio PremiumCorp Modelo 20,Electrónica,Audio,PremiumCorp,288.62,72,3.2
PROD-04612,Teléfonos BrandB Modelo 60,Electrónica,Teléfonos,BrandB,708.11,249,3.2
PROD-04613,Laptops BrandB Modelo 94,Electrónica,Laptops,BrandB,1162.0,275,3.9
PROD-04614,Pantalones EcoLine Modelo 63,Ropa y Calzado,Pantalones,EcoLine,359.01,121,3.9
PROD-04615,Camisas EcoLine Modelo 34,Ropa y Calzado,Camisas,EcoLine,1156.55,333,4.8
PROD-04616,Biografías BrandF Modelo 31,Libros,Biografías,BrandF,143.44,291,3.1
PROD-04617,Juegos de Mesa BrandD Modelo 30,Juguetes,Juegos de Mesa,BrandD,1346.2,220,3.2
PROD-04618,Audio Essentials Modelo 43,Electrónica,Audio,Essentials,980.54,4,4.3
PROD-04619,Chaqueta EcoLine Modelo 42,Ropa y Calzado,Chaqueta,EcoLine,1457.76,86,3.2
PROD-04620,Running BrandC Modelo 61,Deportes,Running,BrandC,945.55,24,3.9
PROD-04621,Teléfonos BrandC Modelo 71,Electrónica,Teléfonos,BrandC,803.24,283,3.9
PROD-04622,Pantalones BrandD Modelo 49,Ropa y Calzado,Pantalones,BrandD,874.48,290,4.5
PROD-04623,Zapatos BrandC Modelo 77,Ropa y Calzado,Zapatos,BrandC,646.62,267,4.9
PROD-04624,Electrodomésticos BrandE Modelo 38,Hogar y Cocina,Electrodomésticos,BrandE,1283.2,43,4.4
PROD-04625,Muebles BrandF Modelo 31,Hogar y Cocina,Muebles,BrandF,1240.1,283,4.1
PROD-04626,Running BrandE Modelo 31,Deportes,Running,BrandE,1261.45,239,3.4
PROD-04627,Radiocontrol BrandB Modelo 65,Juguetes,Radiocontrol,BrandB,1025.51,297,4.7
PROD-04628,Skincare EcoLine Modelo 36,Belleza y Cuidado Personal,Skincare,EcoLine,300.71,83,4.7
PROD-04629,Perfumes PremiumCorp Modelo 20,Belleza y Cuidado Personal,Perfumes,PremiumCorp,1340.45,150,3.5
PROD-04630,Zapatos BrandB Modelo 77,Ropa y Calzado,Zapatos,BrandB,330.45,62,4.6
PROD-04631,Zapatos EcoLine Modelo 59,Ropa y Calzado,Zapatos,EcoLine,500.54,39,3.5
PROD-04632,Accesorios Auto BrandB Modelo 13,Automotriz,Accesorios Auto,BrandB,518.71,309,4.4
PROD-04633,Utensilios BrandF Modelo 68,Hogar y Cocina,Utensilios,BrandF,907.22,116,4.8
PROD-04634,Chaqueta Essentials Modelo 12,Ropa y Calzado,Chaqueta,Essentials,40.29,24,3.4
PROD-04635,Ciencia BrandD Modelo 67,Libros,Ciencia,BrandD,1478.27,200,3.9
PROD-04636,Biografías EcoLine Modelo 81,Libros,Biografías,EcoLine,515.23,225,4.7
PROD-04637,Limpieza EcoLine Modelo 87,Automotriz,Limpieza,EcoLine,993.56,43,4.9
PROD-04638,Limpieza EcoLine Modelo 33,Automotriz,Limpieza,EcoLine,86.29,344,3.8
PROD-04639,Ficción BrandB Modelo 79,Libros,Ficción,BrandB,1026.18,291,3.3
PROD-04640,Cabello BrandB Modelo 27,Belleza y Cuidado Personal,Cabello,BrandB,1331.69,76,4.4
PROD-04641,Cabello PremiumCorp Modelo 65,Belleza y Cuidado Personal,Cabello,PremiumCorp,216.08,10,3.0
PROD-04642,Teléfonos BrandC Modelo 43,Electrónica,Teléfonos,BrandC,523.77,186,3.7
PROD-04643,Radiocontrol BrandC Modelo 14,Juguetes,Radiocontrol,BrandC,902.14,256,4.6
PROD-04644,Laptops BrandB Modelo 86,Electrónica,Laptops,BrandB,623.93,179,4.8
PROD-04645,Camisas BrandD Modelo 50,Ropa y Calzado,Camisas,BrandD,1253.79,219,4.0
PROD-04646,Accesorios Auto EcoLine Modelo 85,Automotriz,Accesorios Auto,EcoLine,1107.01,151,4.3
PROD-04647,Audio PremiumCorp Modelo 88,Electrónica,Audio,PremiumCorp,1482.57,49,3.3
PROD-04648,Maquillaje BrandA Modelo 62,Belleza y Cuidado Personal,Maquillaje,BrandA,283.91,304,4.3
PROD-04649,Biografías BrandC Modelo 90,Libros,Biografías,BrandC,758.8,254,3.6
PROD-04650,Running BrandD Modelo 37,Deportes,Running,BrandD,1478.7,202,3.7
PROD-04651,Chaqueta BrandF Modelo 65,Ropa y Calzado,Chaqueta,BrandF,496.3,337,3.8
PROD-04652,Accesorios Auto PremiumCorp Modelo 55,Automotriz,Accesorios Auto,PremiumCorp,940.18,145,3.8
PROD-04653,Gimnasio Essentials Modelo 60,Deportes,Gimnasio,Essentials,860.07,181,3.7
PROD-04654,No Ficción PremiumCorp Modelo 68,Libros,No Ficción,PremiumCorp,1001.02,81,3.9
PROD-04655,Bloques EcoLine Modelo 60,Juguetes,Bloques,EcoLine,649.77,143,4.2
PROD-04656,Gimnasio PremiumCorp Modelo 51,Deportes,Gimnasio,PremiumCorp,781.32,331,4.7
PROD-04657,Biografías Essentials Modelo 10,Libros,Biografías,Essentials,1344.36,79,4.8
PROD-04658,Running EcoLine Modelo 55,Deportes,Running,EcoLine,348.62,199,4.4
PROD-04659,Muñecas BrandE Modelo 78,Juguetes,Muñecas,BrandE,679.98,303,4.3
PROD-04660,Decoración BrandF Modelo 91,Hogar y Cocina,Decoración,BrandF,117.88,290,3.4
PROD-04661,Skincare PremiumCorp Modelo 82,Belleza y Cuidado Personal,Skincare,PremiumCorp,339.72,24,3.1
PROD-04662,Juegos de Mesa BrandE Modelo 12,Juguetes,Juegos de Mesa,BrandE,1018.17,237,4.7
PROD-04663,Zapatos EcoLine Modelo 76,Ropa y Calzado,Zapatos,EcoLine,715.44,63,4.6
PROD-04664,Running PremiumCorp Modelo 42,Deportes,Running,PremiumCorp,1388.43,266,3.1
PROD-04665,Maquillaje BrandD Modelo 13,Belleza y Cuidado Personal,Maquillaje,BrandD,1034.59,169,4.0
PROD-04666,Herramientas PremiumCorp Modelo 39,Automotriz,Herramientas,PremiumCorp,939.7,277,3.2
PROD-04667,Limpieza BrandA Modelo 35,Automotriz,Limpieza,BrandA,881.94,291,4.5
PROD-04668,Biografías BrandC Modelo 97,Libros,Biografías,BrandC,1205.72,234,3.5
PROD-04669,Accesorios Auto BrandA Modelo 32,Automotriz,Accesorios Auto,BrandA,1358.03,194,3.5
PROD-04670,Ficción BrandA Modelo 14,Libros,Ficción,BrandA,235.86,350,4.3
PROD-04671,Teléfonos BrandE Modelo 37,Electrónica,Teléfonos,BrandE,20.84,2,4.4
PROD-04672,Ciclismo BrandE Modelo 74,Deportes,Ciclismo,BrandE,783.29,71,4.0
PROD-04673,Herramientas Essentials Modelo 70,Automotriz,Herramientas,Essentials,127.3,215,4.3
PROD-04674,Ciencia BrandC Modelo 83,Libros,Ciencia,BrandC,24.71,278,4.7
PROD-04675,Biografías BrandC Modelo 43,Libros,Biografías,BrandC,546.96,153,4.1
PROD-04676,Audio EcoLine Modelo 80,Electrónica,Audio,EcoLine,1387.22,8,4.5
PROD-04677,Zapatos Essentials Modelo 63,Ropa y Calzado,Zapatos,Essentials,597.62,182,4.3
PROD-04678,Herramientas BrandF Modelo 37,Automotriz,Herramientas,BrandF,339.5,337,4.2
PROD-04679,Ciclismo Essentials Modelo 25,Deportes,Ciclismo,Essentials,345.58,75,4.9
PROD-04680,Gimnasio BrandC Modelo 57,Deportes,Gimnasio,BrandC,1463.45,152,4.0
PROD-04681,Muñecas BrandA Modelo 28,Juguetes,Muñecas,BrandA,1129.18,203,3.4
PROD-04682,Pantalones BrandD Modelo 69,Ropa y Calzado,Pantalones,BrandD,549.6,290,4.2
PROD-04683,Electrodomésticos BrandD Modelo 54,Hogar y Cocina,Electrodomésticos,BrandD,1237.46,256,4.8
PROD-04684,Muñecas BrandC Modelo 54,Juguetes,Muñecas,BrandC,1213.37,85,3.1
PROD-04685,Maquillaje Essentials Modelo 16,Belleza y Cuidado Personal,Maquillaje,Essentials,340.21,23,4.5
PROD-04686,Radiocontrol BrandD Modelo 40,Juguetes,Radiocontrol,BrandD,1447.18,16,4.8
PROD-04687,Muñecas BrandE Modelo 14,Juguetes,Muñecas,BrandE,1212.37,256,3.4
PROD-04688,Decoración BrandF Modelo 54,Hogar y Cocina,Decoración,BrandF,1463.89,45,3.7
PROD-04689,Perfumes Essentials Modelo 31,Belleza y Cuidado Personal,Perfumes,Essentials,572.05,41,3.0
PROD-04690,Perfumes BrandD Modelo 53,Belleza y Cuidado Personal,Perfumes,BrandD,973.33,201,4.5
PROD-04691,Laptops PremiumCorp Modelo 45,Electrónica,Laptops,PremiumCorp,1420.22,113,4.3
PROD-04692,Running BrandF Modelo 67,Deportes,Running,BrandF,767.4,32,3.9
PROD-04693,Ciclismo Essentials Modelo 12,Deportes,Ciclismo,Essentials,381.86,267,4.5
PROD-04694,Limpieza PremiumCorp Modelo 13,Automotriz,Limpieza,PremiumCorp,1312.55,81,4.7
PROD-04695,Electrodomésticos BrandE Modelo 97,Hogar y Cocina,Electrodomésticos,BrandE,1315.08,159,3.9
PROD-04696,Muebles BrandF Modelo 42,Hogar y Cocina,Muebles,BrandF,1195.93,75,4.7
PROD-04697,Radiocontrol PremiumCorp Modelo 57,Juguetes,Radiocontrol,PremiumCorp,1334.14,46,4.7
PROD-04698,Running PremiumCorp Modelo 98,Deportes,Running,PremiumCorp,1176.95,6,4.5
PROD-04699,Pantalones PremiumCorp Modelo 86,Ropa y Calzado,Pantalones,PremiumCorp,583.61,267,4.6
PROD-04700,Perfumes BrandD Modelo 90,Belleza y Cuidado Personal,Perfumes,BrandD,575.68,240,4.4
PROD-04701,Radiocontrol BrandB Modelo 28,Juguetes,Radiocontrol,BrandB,1398.02,177,4.3
PROD-04702,Camisas BrandD Modelo 11,Ropa y Calzado,Camisas,BrandD,248.41,86,4.2
PROD-04703,No Ficción BrandA Modelo 33,Libros,No Ficción,BrandA,595.98,43,4.5
PROD-04704,Accesorios BrandD Modelo 38,Electrónica,Accesorios,BrandD,817.52,249,3.9
PROD-04705,Perfumes BrandC Modelo 76,Belleza y Cuidado Personal,Perfumes,BrandC,391.48,174,3.6
PROD-04706,Running BrandA Modelo 18,Deportes,Running,BrandA,244.04,32,3.3
PROD-04707,Juegos de Mesa Essentials Modelo 25,Juguetes,Juegos de Mesa,Essentials,577.11,278,3.8
PROD-04708,Limpieza BrandE Modelo 79,Automotriz,Limpieza,BrandE,1413.88,20,3.6
PROD-04709,Skincare EcoLine Modelo 48,Belleza y Cuidado Personal,Skincare,EcoLine,908.84,54,3.2
PROD-04710,Herramientas EcoLine Modelo 41,Automotriz,Herramientas,EcoLine,1319.71,231,3.8
PROD-04711,Chaqueta BrandB Modelo 68,Ropa y Calzado,Chaqueta,BrandB,1467.68,132,4.5
PROD-04712,Pantalones BrandF Modelo 60,Ropa y Calzado,Pantalones,BrandF,257.03,222,5.0
PROD-04713,Bloques EcoLine Modelo 15,Juguetes,Bloques,EcoLine,425.93,100,4.3
PROD-04714,Cabello PremiumCorp Modelo 11,Belleza y Cuidado Personal,Cabello,PremiumCorp,955.22,95,5.0
PROD-04715,Accesorios BrandF Modelo 15,Electrónica,Accesorios,BrandF,1030.14,226,4.4
PROD-04716,Accesorios Auto BrandD Modelo 20,Automotriz,Accesorios Auto,BrandD,16.26,145,3.4
PROD-04717,Teléfonos PremiumCorp Modelo 86,Electrónica,Teléfonos,PremiumCorp,902.78,20,4.7
PROD-04718,Muebles BrandF Modelo 11,Hogar y Cocina,Muebles,BrandF,35.2,138,3.6
PROD-04719,Ciencia BrandD Modelo 81,Libros,Ciencia,BrandD,343.44,42,4.2
PROD-04720,Utensilios Essentials Modelo 21,Hogar y Cocina,Utensilios,Essentials,1394.8,236,4.0
PROD-04721,Radiocontrol BrandD Modelo 94,Juguetes,Radiocontrol,BrandD,548.85,177,3.1
PROD-04722,Gimnasio BrandA Modelo 36,Deportes,Gimnasio,BrandA,1299.46,18,4.2
PROD-04723,Cabello Essentials Modelo 29,Belleza y Cuidado Personal,Cabello,Essentials,149.66,228,3.6
PROD-04724,Camisas BrandF Modelo 54,Ropa y Calzado,Camisas,BrandF,978.94,270,4.4
PROD-04725,Perfumes BrandB Modelo 69,Belleza y Cuidado Personal,Perfumes,BrandB,822.03,88,4.0
PROD-04726,No Ficción BrandE Modelo 42,Libros,No Ficción,BrandE,1393.42,157,3.1
PROD-04727,Juegos de Mesa Essentials Modelo 23,Juguetes,Juegos de Mesa,Essentials,18.18,333,4.7
PROD-04728,Camisas Essentials Modelo 36,Ropa y Calzado,Camisas,Essentials,1287.7,74,4.0
PROD-04729,Gimnasio EcoLine Modelo 78,Deportes,Gimnasio,EcoLine,758.01,320,4.7
PROD-04730,Herramientas BrandA Modelo 55,Automotriz,Herramientas,BrandA,202.98,181,4.5
PROD-04731,Cabello Essentials Modelo 54,Belleza y Cuidado Personal,Cabello,Essentials,266.39,22,3.6
PROD-04732,Decoración Essentials Modelo 22,Hogar y Cocina,Decoración,Essentials,1395.55,278,3.1
PROD-04733,Skincare PremiumCorp Modelo 23,Belleza y Cuidado Personal,Skincare,PremiumCorp,1039.76,307,4.6
PROD-04734,Chaqueta BrandF Modelo 45,Ropa y Calzado,Chaqueta,BrandF,381.02,126,4.9
PROD-04735,Pantalones EcoLine Modelo 31,Ropa y Calzado,Pantalones,EcoLine,542.6,296,4.8
PROD-04736,Perfumes BrandC Modelo 55,Belleza y Cuidado Personal,Perfumes,BrandC,1346.86,117,4.6
PROD-04737,Gimnasio BrandF Modelo 69,Deportes,Gimnasio,BrandF,942.67,318,4.3
PROD-04738,Biografías BrandA Modelo 10,Libros,Biografías,BrandA,678.42,71,3.5
PROD-04739,Radiocontrol BrandA Modelo 58,Juguetes,Radiocontrol,BrandA,799.34,79,3.9
PROD-04740,Ficción BrandB Modelo 96,Libros,Ficción,BrandB,397.15,0,4.4
PROD-04741,Bloques BrandB Modelo 98,Juguetes,Bloques,BrandB,955.35,222,4.6
PROD-04742,Audio EcoLine Modelo 44,Electrónica,Audio,EcoLine,487.16,179,3.7
PROD-04743,Limpieza BrandC Modelo 90,Automotriz,Limpieza,BrandC,1099.43,193,4.1
PROD-04744,Camisas BrandD Modelo 49,Ropa y Calzado,Camisas,BrandD,978.34,121,4.4
PROD-04745,Juegos de Mesa BrandE Modelo 26,Juguetes,Juegos de Mesa,BrandE,507.82,286,4.2
PROD-04746,Juegos de Mesa BrandC Modelo 48,Juguetes,Juegos de Mesa,BrandC,815.21,79,4.5
PROD-04747,Ciclismo BrandB Modelo 49,Deportes,Ciclismo,BrandB,367.16,61,4.7
PROD-04748,Radiocontrol Essentials Modelo 83,Juguetes,Radiocontrol,Essentials,327.54,149,4.4
PROD-04749,Running BrandF Modelo 76,Deportes,Running,BrandF,1488.13,267,4.9
PROD-04750,Running BrandA Modelo 69,Deportes,Running,BrandA,39.01,10,4.5
PROD-04751,Decoración PremiumCorp Modelo 93,Hogar y Cocina,Decoración,PremiumCorp,452.55,28,3.2
PROD-04752,Herramientas BrandB Modelo 83,Automotriz,Herramientas,BrandB,1002.15,336,3.1
PROD-04753,Limpieza BrandD Modelo 96,Automotriz,Limpieza,BrandD,625.55,107,3.7
PROD-04754,Bloques PremiumCorp Modelo 71,Juguetes,Bloques,PremiumCorp,58.76,212,4.0
PROD-04755,No Ficción EcoLine Modelo 81,Libros,No Ficción,EcoLine,1337.9,289,3.1
PROD-04756,Muñecas BrandA Modelo 96,Juguetes,Muñecas,BrandA,333.4,180,4.5
PROD-04757,Utensilios EcoLine Modelo 65,Hogar y Cocina,Utensilios,EcoLine,317.17,325,4.9
PROD-04758,Biografías BrandE Modelo 31,Libros,Biografías,BrandE,615.81,283,3.5
PROD-04759,Juegos de Mesa BrandA Modelo 79,Juguetes,Juegos de Mesa,BrandA,493.26,293,4.2
PROD-04760,Muebles PremiumCorp Modelo 79,Hogar y Cocina,Muebles,PremiumCorp,431.02,76,4.9
PROD-04761,Perfumes Essentials Modelo 68,Belleza y Cuidado Personal,Perfumes,Essentials,847.2,257,3.5
PROD-04762,Accesorios BrandE Modelo 31,Electrónica,Accesorios,BrandE,492.28,304,4.7
PROD-04763,Muñecas EcoLine Modelo 16,Juguetes,Muñecas,EcoLine,916.4,247,3.2
PROD-04764,Juegos de Mesa BrandB Modelo 45,Juguetes,Juegos de Mesa,BrandB,624.49,237,3.3
PROD-04765,Gimnasio BrandA Modelo 11,Deportes,Gimnasio,BrandA,122.41,269,3.5
PROD-04766,Perfumes BrandC Modelo 21,Belleza y Cuidado Personal,Perfumes,BrandC,369.9,292,3.8
PROD-04767,Zapatos EcoLine Modelo 37,Ropa y Calzado,Zapatos,EcoLine,394.56,305,4.4
PROD-04768,Accesorios BrandE Modelo 80,Electrónica,Accesorios,BrandE,448.18,58,3.9
PROD-04769,Zapatos BrandB Modelo 90,Ropa y Calzado,Zapatos,BrandB,371.75,160,4.6
PROD-04770,Chaqueta PremiumCorp Modelo 15,Ropa y Calzado,Chaqueta,PremiumCorp,508.99,69,3.2
PROD-04771,Cabello Essentials Modelo 35,Belleza y Cuidado Personal,Cabello,Essentials,117.64,193,4.6
PROD-04772,Ficción BrandE Modelo 29,Libros,Ficción,BrandE,1382.52,350,3.2
PROD-04773,Pantalones BrandC Modelo 27,Ropa y Calzado,Pantalones,BrandC,548.53,37,4.2
PROD-04774,Accesorios PremiumCorp Modelo 47,Electrónica,Accesorios,PremiumCorp,98.08,195,4.0
PROD-04775,Chaqueta BrandE Modelo 30,Ropa y Calzado,Chaqueta,BrandE,1080.92,229,4.2
PROD-04776,Herramientas PremiumCorp Modelo 59,Automotriz,Herramientas,PremiumCorp,41.73,3,3.8
PROD-04777,Bloques PremiumCorp Modelo 30,Juguetes,Bloques,PremiumCorp,1497.84,3,4.8
PROD-04778,Accesorios Auto PremiumCorp Modelo 32,Automotriz,Accesorios Auto,PremiumCorp,354.69,43,4.6
PROD-04779,Biografías Essentials Modelo 79,Libros,Biografías,Essentials,1417.83,60,4.5
PROD-04780,Ficción BrandC Modelo 66,Libros,Ficción,BrandC,945.55,346,3.9
PROD-04781,Juegos de Mesa BrandE Modelo 41,Juguetes,Juegos de Mesa,BrandE,1293.66,112,3.6
PROD-04782,Cabello BrandF Modelo 63,Belleza y Cuidado Personal,Cabello,BrandF,1021.63,328,3.0
PROD-04783,Maquillaje BrandF Modelo 53,Belleza y Cuidado Personal,Maquillaje,BrandF,881.72,71,4.5
PROD-04784,Chaqueta EcoLine Modelo 61,Ropa y Calzado,Chaqueta,EcoLine,585.32,34,3.4
PROD-04785,Camping BrandE Modelo 21,Deportes,Camping,BrandE,342.58,21,4.0
PROD-04786,Gimnasio BrandA Modelo 12,Deportes,Gimnasio,BrandA,733.1,145,4.6
PROD-04787,Zapatos BrandE Modelo 88,Ropa y Calzado,Zapatos,BrandE,1383.7,127,4.9
PROD-04788,Herramientas BrandD Modelo 26,Automotriz,Herramientas,BrandD,1178.08,49,4.8
PROD-04789,Ciclismo BrandF Modelo 19,Deportes,Ciclismo,BrandF,526.02,318,5.0
PROD-04790,Decoración Essentials Modelo 65,Hogar y Cocina,Decoración,Essentials,1448.52,60,4.0
PROD-04791,Juegos de Mesa BrandF Modelo 16,Juguetes,Juegos de Mesa,BrandF,1172.9,275,4.1
PROD-04792,Decoración Essentials Modelo 27,Hogar y Cocina,Decoración,Essentials,633.57,38,4.9
PROD-04793,Pantalones BrandA Modelo 28,Ropa y Calzado,Pantalones,BrandA,16.01,12,4.8
PROD-04794,Gimnasio BrandD Modelo 91,Deportes,Gimnasio,BrandD,32.57,311,4.1
PROD-04795,Limpieza BrandF Modelo 81,Automotriz,Limpieza,BrandF,267.66,109,4.5
PROD-04796,Perfumes BrandC Modelo 57,Belleza y Cuidado Personal,Perfumes,BrandC,425.34,75,4.9
PROD-04797,Ciencia BrandE Modelo 83,Libros,Ciencia,BrandE,1084.44,40,4.1
PROD-04798,Running EcoLine Modelo 89,Deportes,Running,EcoLine,1419.78,204,4.1
PROD-04799,Muñecas EcoLine Modelo 38,Juguetes,Muñecas,EcoLine,1300.79,209,3.6
PROD-04800,Maquillaje BrandC Modelo 35,Belleza y Cuidado Personal,Maquillaje,BrandC,259.58,209,4.9
PROD-04801,Camisas BrandD Modelo 91,Ropa y Calzado,Camisas,BrandD,36.36,315,4.9
PROD-04802,Accesorios Auto BrandD Modelo 95,Automotriz,Accesorios Auto,BrandD,14.09,193,4.5
PROD-04803,Camping BrandC Modelo 66,Deportes,Camping,BrandC,191.72,232,4.8
PROD-04804,Accesorios Auto BrandD Modelo 60,Automotriz,Accesorios Auto,BrandD,780.26,320,3.5
PROD-04805,Muñecas Essentials Modelo 17,Juguetes,Muñecas,Essentials,730.35,290,4.5
PROD-04806,Maquillaje BrandA Modelo 38,Belleza y Cuidado Personal,Maquillaje,BrandA,507.67,135,4.1
PROD-04807,Cabello BrandF Modelo 79,Belleza y Cuidado Personal,Cabello,BrandF,584.88,95,4.5
PROD-04808,Muñecas BrandF Modelo 39,Juguetes,Muñecas,BrandF,1183.92,97,4.4
PROD-04809,Radiocontrol BrandC Modelo 72,Juguetes,Radiocontrol,BrandC,1017.51,273,3.9
PROD-04810,Limpieza BrandB Modelo 53,Automotriz,Limpieza,BrandB,165.06,204,3.1
PROD-04811,Accesorios Auto BrandF Modelo 59,Automotriz,Accesorios Auto,BrandF,410.68,85,3.7
PROD-04812,Juegos de Mesa EcoLine Modelo 81,Juguetes,Juegos de Mesa,EcoLine,566.98,238,4.3
PROD-04813,Skincare BrandA Modelo 43,Belleza y Cuidado Personal,Skincare,BrandA,656.76,11,3.9
PROD-04814,Running PremiumCorp Modelo 40,Deportes,Running,PremiumCorp,491.28,269,3.7
PROD-04815,Cabello BrandF Modelo 28,Belleza y Cuidado Personal,Cabello,BrandF,89.29,44,4.7
PROD-04816,Pantalones BrandA Modelo 17,Ropa y Calzado,Pantalones,BrandA,297.43,242,5.0
PROD-04817,Teléfonos BrandB Modelo 26,Electrónica,Teléfonos,BrandB,957.98,251,3.1
PROD-04818,Camping BrandA Modelo 79,Deportes,Camping,BrandA,246.11,137,3.8
PROD-04819,Laptops BrandF Modelo 31,Electrónica,Laptops,BrandF,478.65,4,3.0
PROD-04820,Pantalones BrandA Modelo 77,Ropa y Calzado,Pantalones,BrandA,482.98,15,4.7
PROD-04821,Ficción BrandF Modelo 16,Libros,Ficción,BrandF,123.87,66,3.5
PROD-04822,Muñecas Essentials Modelo 43,Juguetes,Muñecas,Essentials,687.72,37,3.0
PROD-04823,Decoración BrandC Modelo 99,Hogar y Cocina,Decoración,BrandC,168.08,173,4.2
PROD-04824,Zapatos Essentials Modelo 58,Ropa y Calzado,Zapatos,Essentials,518.93,256,4.1
PROD-04825,Perfumes BrandE Modelo 72,Belleza y Cuidado Personal,Perfumes,BrandE,1485.75,169,4.5
PROD-04826,Muñecas Essentials Modelo 63,Juguetes,Muñecas,Essentials,1456.73,147,3.0
PROD-04827,Biografías BrandD Modelo 97,Libros,Biografías,BrandD,804.38,165,3.4
PROD-04828,Radiocontrol BrandC Modelo 68,Juguetes,Radiocontrol,BrandC,50.9,103,3.3
PROD-04829,Camping BrandC Modelo 31,Deportes,Camping,BrandC,835.25,135,3.1
PROD-04830,Audio BrandB Modelo 53,Electrónica,Audio,BrandB,1316.99,171,4.4
PROD-04831,Perfumes PremiumCorp Modelo 75,Belleza y Cuidado Personal,Perfumes,PremiumCorp,979.13,313,3.5
PROD-04832,Gimnasio EcoLine Modelo 35,Deportes,Gimnasio,EcoLine,742.36,156,3.2
PROD-04833,Audio BrandF Modelo 62,Electrónica,Audio,BrandF,1234.5,346,4.2
PROD-04834,Bloques BrandA Modelo 19,Juguetes,Bloques,BrandA,165.37,77,4.1
PROD-04835,Gimnasio BrandC Modelo 86,Deportes,Gimnasio,BrandC,279.66,331,3.3
PROD-04836,Running BrandE Modelo 28,Deportes,Running,BrandE,976.06,2,3.3
PROD-04837,Pantalones BrandB Modelo 28,Ropa y Calzado,Pantalones,BrandB,534.61,52,3.4
PROD-04838,Chaqueta BrandB Modelo 25,Ropa y Calzado,Chaqueta,BrandB,1390.42,327,3.9
PROD-04839,Muñecas BrandB Modelo 27,Juguetes,Muñecas,BrandB,557.29,190,3.4
PROD-04840,Radiocontrol BrandE Modelo 90,Juguetes,Radiocontrol,BrandE,1249.89,338,4.4
PROD-04841,Chaqueta BrandC Modelo 43,Ropa y Calzado,Chaqueta,BrandC,868.04,178,4.1
PROD-04842,Maquillaje BrandA Modelo 36,Belleza y Cuidado Personal,Maquillaje,BrandA,759.84,272,3.8
PROD-04843,Decoración Essentials Modelo 98,Hogar y Cocina,Decoración,Essentials,264.08,346,3.5
PROD-04844,Audio EcoLine Modelo 36,Electrónica,Audio,EcoLine,534.98,179,3.4
PROD-04845,Utensilios Essentials Modelo 54,Hogar y Cocina,Utensilios,Essentials,283.61,326,3.7
PROD-04846,Zapatos BrandF Modelo 56,Ropa y Calzado,Zapatos,BrandF,1096.76,17,4.1
PROD-04847,Camisas BrandD Modelo 73,Ropa y Calzado,Camisas,BrandD,1054.97,178,3.9
PROD-04848,Biografías BrandE Modelo 84,Libros,Biografías,BrandE,18.52,146,3.7
PROD-04849,Chaqueta BrandF Modelo 92,Ropa y Calzado,Chaqueta,BrandF,20.55,81,5.0
PROD-04850,Chaqueta PremiumCorp Modelo 41,Ropa y Calzado,Chaqueta,PremiumCorp,635.05,342,4.7
PROD-04851,Teléfonos BrandA Modelo 20,Electrónica,Teléfonos,BrandA,1395.4,221,4.3
PROD-04852,Accesorios Auto PremiumCorp Modelo 56,Automotriz,Accesorios Auto,PremiumCorp,1025.09,6,4.8
PROD-04853,Muebles Essentials Modelo 22,Hogar y Cocina,Muebles,Essentials,462.72,139,3.6
PROD-04854,Utensilios Essentials Modelo 25,Hogar y Cocina,Utensilios,Essentials,213.74,253,4.9
PROD-04855,Bloques BrandB Modelo 85,Juguetes,Bloques,BrandB,724.73,92,4.8
PROD-04856,Ficción EcoLine Modelo 20,Libros,Ficción,EcoLine,292.8,131,4.2
PROD-04857,Radiocontrol PremiumCorp Modelo 44,Juguetes,Radiocontrol,PremiumCorp,383.93,318,3.1
PROD-04858,Electrodomésticos BrandD Modelo 45,Hogar y Cocina,Electrodomésticos,BrandD,1128.98,217,3.9
PROD-04859,Accesorios BrandC Modelo 25,Electrónica,Accesorios,BrandC,988.96,281,4.0
PROD-04860,Bloques Essentials Modelo 14,Juguetes,Bloques,Essentials,724.69,322,4.4
PROD-04861,Ficción BrandE Modelo 51,Libros,Ficción,BrandE,1218.2,224,4.7
PROD-04862,No Ficción BrandE Modelo 68,Libros,No Ficción,BrandE,141.27,155,3.0
PROD-04863,Ciclismo PremiumCorp Modelo 14,Deportes,Ciclismo,PremiumCorp,226.48,210,4.0
PROD-04864,Herramientas EcoLine Modelo 71,Automotriz,Herramientas,EcoLine,348.66,41,5.0
PROD-04865,No Ficción Essentials Modelo 96,Libros,No Ficción,Essentials,717.79,291,3.1
PROD-04866,Skincare BrandB Modelo 76,Belleza y Cuidado Personal,Skincare,BrandB,1096.5,103,4.9
PROD-04867,Utensilios PremiumCorp Modelo 12,Hogar y Cocina,Utensilios,PremiumCorp,508.25,112,4.1
PROD-04868,Laptops Essentials Modelo 85,Electrónica,Laptops,Essentials,564.72,345,4.1
PROD-04869,Utensilios PremiumCorp Modelo 56,Hogar y Cocina,Utensilios,PremiumCorp,208.5,318,4.5
PROD-04870,Skincare BrandB Modelo 17,Belleza y Cuidado Personal,Skincare,BrandB,681.8,31,4.5
PROD-04871,Electrodomésticos BrandA Modelo 64,Hogar y Cocina,Electrodomésticos,BrandA,53.9,63,4.1
PROD-04872,Audio BrandE Modelo 46,Electrónica,Audio,BrandE,1084.48,34,3.9
PROD-04873,Radiocontrol PremiumCorp Modelo 89,Juguetes,Radiocontrol,PremiumCorp,1382.34,247,3.2
PROD-04874,Camping EcoLine Modelo 99,Deportes,Camping,EcoLine,1242.11,117,3.6
PROD-04875,Gimnasio BrandF Modelo 69,Deportes,Gimnasio,BrandF,617.01,133,4.7
PROD-04876,Audio BrandC Modelo 52,Electrónica,Audio,BrandC,420.32,279,4.4
PROD-04877,Skincare BrandD Modelo 36,Belleza y Cuidado Personal,Skincare,BrandD,130.32,189,3.6
PROD-04878,Decoración BrandF Modelo 93,Hogar y Cocina,Decoración,BrandF,1351.01,305,4.9
PROD-04879,Accesorios BrandD Modelo 75,Electrónica,Accesorios,BrandD,102.17,80,3.2
PROD-04880,Juegos de Mesa BrandE Modelo 79,Juguetes,Juegos de Mesa,BrandE,300.99,16,3.3
PROD-04881,Laptops BrandB Modelo 80,Electrónica,Laptops,BrandB,1286.62,109,3.5
PROD-04882,Muñecas EcoLine Modelo 57,Juguetes,Muñecas,EcoLine,409.18,66,4.8
PROD-04883,Camisas BrandD Modelo 76,Ropa y Calzado,Camisas,BrandD,1110.76,215,4.0
PROD-04884,Running BrandD Modelo 37,Deportes,Running,BrandD,581.58,232,3.8
PROD-04885,Utensilios BrandD Modelo 26,Hogar y Cocina,Utensilios,BrandD,201.3,263,3.4
PROD-04886,Utensilios BrandB Modelo 12,Hogar y Cocina,Utensilios,BrandB,1011.86,306,4.2
PROD-04887,Laptops BrandC Modelo 32,Electrónica,Laptops,BrandC,891.68,274,3.1
PROD-04888,Ciencia BrandC Modelo 13,Libros,Ciencia,BrandC,1309.56,347,4.1
PROD-04889,Ciclismo BrandF Modelo 47,Deportes,Ciclismo,BrandF,190.61,266,5.0
PROD-04890,Gimnasio BrandC Modelo 16,Deportes,Gimnasio,BrandC,698.95,65,4.8
PROD-04891,Gimnasio Essentials Modelo 96,Deportes,Gimnasio,Essentials,1267.98,296,4.1
PROD-04892,Skincare BrandC Modelo 32,Belleza y Cuidado Personal,Skincare,BrandC,224.48,47,4.2
PROD-04893,Muebles BrandD Modelo 78,Hogar y Cocina,Muebles,BrandD,868.82,181,3.3
PROD-04894,Muebles EcoLine Modelo 67,Hogar y Cocina,Muebles,EcoLine,1061.78,238,3.9
PROD-04895,Muebles EcoLine Modelo 92,Hogar y Cocina,Muebles,EcoLine,214.37,28,3.0
PROD-04896,Electrodomésticos BrandD Modelo 34,Hogar y Cocina,Electrodomésticos,BrandD,1393.57,12,4.4
PROD-04897,Camping BrandD Modelo 11,Deportes,Camping,BrandD,1086.67,134,4.8
PROD-04898,Chaqueta BrandB Modelo 88,Ropa y Calzado,Chaqueta,BrandB,625.63,234,3.2
PROD-04899,Cabello Essentials Modelo 87,Belleza y Cuidado Personal,Cabello,Essentials,418.0,236,3.7
PROD-04900,No Ficción BrandF Modelo 62,Libros,No Ficción,BrandF,658.39,90,3.5
PROD-04901,Ficción BrandD Modelo 19,Libros,Ficción,BrandD,925.83,95,4.8
PROD-04902,Accesorios Auto BrandE Modelo 89,Automotriz,Accesorios Auto,BrandE,228.93,334,3.5
PROD-04903,Ciencia BrandB Modelo 24,Libros,Ciencia,BrandB,33.52,177,3.1
PROD-04904,Gimnasio EcoLine Modelo 55,Deportes,Gimnasio,EcoLine,117.05,166,4.7
PROD-04905,Biografías BrandB Modelo 52,Libros,Biografías,BrandB,286.18,28,4.6
PROD-04906,Chaqueta EcoLine Modelo 26,Ropa y Calzado,Chaqueta,EcoLine,1130.02,130,3.8
PROD-04907,Cabello BrandF Modelo 32,Belleza y Cuidado Personal,Cabello,BrandF,429.05,20,3.8
PROD-04908,Accesorios Auto BrandA Modelo 87,Automotriz,Accesorios Auto,BrandA,969.77,254,4.4
PROD-04909,Teléfonos PremiumCorp Modelo 88,Electrónica,Teléfonos,PremiumCorp,159.44,326,4.3
PROD-04910,Zapatos PremiumCorp Modelo 59,Ropa y Calzado,Zapatos,PremiumCorp,630.33,160,4.8
PROD-04911,Running BrandE Modelo 74,Deportes,Running,BrandE,410.46,162,5.0
PROD-04912,Camping Essentials Modelo 40,Deportes,Camping,Essentials,1285.93,195,3.2
PROD-04913,Perfumes BrandC Modelo 76,Belleza y Cuidado Personal,Perfumes,BrandC,197.67,154,3.7
PROD-04914,No Ficción PremiumCorp Modelo 30,Libros,No Ficción,PremiumCorp,1349.22,243,3.6
PROD-04915,Decoración PremiumCorp Modelo 52,Hogar y Cocina,Decoración,PremiumCorp,1412.24,226,4.4
PROD-04916,Accesorios Auto BrandD Modelo 23,Automotriz,Accesorios Auto,BrandD,37.03,284,4.9
PROD-04917,Zapatos BrandD Modelo 44,Ropa y Calzado,Zapatos,BrandD,1437.96,9,4.1
PROD-04918,Chaqueta BrandE Modelo 81,Ropa y Calzado,Chaqueta,BrandE,1146.31,250,4.7
PROD-04919,Running EcoLine Modelo 40,Deportes,Running,EcoLine,1080.01,297,4.5
PROD-04920,Zapatos BrandC Modelo 70,Ropa y Calzado,Zapatos,BrandC,892.84,150,3.0
PROD-04921,Biografías BrandB Modelo 42,Libros,Biografías,BrandB,213.95,13,4.2
PROD-04922,Perfumes BrandD Modelo 34,Belleza y Cuidado Personal,Perfumes,BrandD,481.29,316,4.1
PROD-04923,Juegos de Mesa PremiumCorp Modelo 15,Juguetes,Juegos de Mesa,PremiumCorp,250.6,41,4.4
PROD-04924,Audio BrandB Modelo 91,Electrónica,Audio,BrandB,452.43,57,4.6
PROD-04925,Camisas BrandC Modelo 76,Ropa y Calzado,Camisas,BrandC,1102.39,187,3.5
PROD-04926,Teléfonos BrandC Modelo 74,Electrónica,Teléfonos,BrandC,1094.32,138,3.5
PROD-04927,Decoración BrandE Modelo 56,Hogar y Cocina,Decoración,BrandE,869.36,21,3.7
PROD-04928,Laptops BrandA Modelo 70,Electrónica,Laptops,BrandA,1381.7,91,3.6
PROD-04929,Zapatos Essentials Modelo 78,Ropa y Calzado,Zapatos,Essentials,949.8,234,3.8
PROD-04930,Camisas BrandA Modelo 74,Ropa y Calzado,Camisas,BrandA,1307.34,49,3.6
PROD-04931,Ficción PremiumCorp Modelo 47,Libros,Ficción,PremiumCorp,484.02,109,4.8
PROD-04932,Teléfonos BrandA Modelo 78,Electrónica,Teléfonos,BrandA,957.1,218,4.8
PROD-04933,No Ficción BrandD Modelo 29,Libros,No Ficción,BrandD,741.73,65,3.3
PROD-04934,Decoración Essentials Modelo 40,Hogar y Cocina,Decoración,Essentials,463.16,196,3.3
PROD-04935,Ficción BrandD Modelo 32,Libros,Ficción,BrandD,195.95,315,3.4
PROD-04936,Radiocontrol BrandD Modelo 17,Juguetes,Radiocontrol,BrandD,728.28,331,3.4
PROD-04937,Audio BrandF Modelo 80,Electrónica,Audio,BrandF,309.6,5,3.5
PROD-04938,Bloques BrandB Modelo 33,Juguetes,Bloques,BrandB,816.16,163,3.4
PROD-04939,Ciclismo PremiumCorp Modelo 53,Deportes,Ciclismo,PremiumCorp,404.73,280,4.6
PROD-04940,Camisas BrandA Modelo 33,Ropa y Calzado,Camisas,BrandA,1072.03,322,3.3
PROD-04941,Decoración BrandB Modelo 38,Hogar y Cocina,Decoración,BrandB,646.29,144,4.2
PROD-04942,Zapatos Essentials Modelo 51,Ropa y Calzado,Zapatos,Essentials,1188.3,49,4.2
PROD-04943,Accesorios BrandA Modelo 42,Electrónica,Accesorios,BrandA,752.05,59,3.6
PROD-04944,Ciencia BrandE Modelo 35,Libros,Ciencia,BrandE,873.64,338,4.6
PROD-04945,Gimnasio Essentials Modelo 72,Deportes,Gimnasio,Essentials,1410.49,214,5.0
PROD-04946,Radiocontrol PremiumCorp Modelo 95,Juguetes,Radiocontrol,PremiumCorp,866.33,316,3.3
PROD-04947,Accesorios BrandF Modelo 29,Electrónica,Accesorios,BrandF,68.81,99,3.5
PROD-04948,Teléfonos BrandD Modelo 68,Electrónica,Teléfonos,BrandD,690.56,310,3.9
PROD-04949,Ficción BrandE Modelo 24,Libros,Ficción,BrandE,586.75,259,3.9
PROD-04950,Utensilios Essentials Modelo 45,Hogar y Cocina,Utensilios,Essentials,1105.88,160,3.4
PROD-04951,Ciencia Essentials Modelo 58,Libros,Ciencia,Essentials,644.51,198,4.8
PROD-04952,Running BrandE Modelo 60,Deportes,Running,BrandE,568.35,60,4.2
PROD-04953,Muebles PremiumCorp Modelo 59,Hogar y Cocina,Muebles,PremiumCorp,153.04,193,3.1
PROD-04954,Ficción BrandF Modelo 32,Libros,Ficción,BrandF,1410.47,146,3.5
PROD-04955,Camisas EcoLine Modelo 88,Ropa y Calzado,Camisas,EcoLine,871.55,291,4.1
PROD-04956,No Ficción BrandA Modelo 58,Libros,No Ficción,BrandA,1083.75,73,3.2
PROD-04957,Chaqueta BrandF Modelo 21,Ropa y Calzado,Chaqueta,BrandF,1402.19,26,3.0
PROD-04958,Maquillaje EcoLine Modelo 17,Belleza y Cuidado Personal,Maquillaje,EcoLine,1411.71,111,3.2
PROD-04959,Muebles BrandD Modelo 74,Hogar y Cocina,Muebles,BrandD,537.94,137,4.9
PROD-04960,No Ficción BrandE Modelo 46,Libros,No Ficción,BrandE,1101.13,278,3.8
PROD-04961,Ciencia BrandB Modelo 86,Libros,Ciencia,BrandB,739.5,125,3.1
PROD-04962,Ciencia BrandA Modelo 37,Libros,Ciencia,BrandA,1009.08,160,3.8
PROD-04963,Electrodomésticos BrandD Modelo 60,Hogar y Cocina,Electrodomésticos,BrandD,1109.26,43,3.0
PROD-04964,Ficción Essentials Modelo 50,Libros,Ficción,Essentials,77.44,32,3.8
PROD-04965,Limpieza BrandC Modelo 67,Automotriz,Limpieza,BrandC,1151.26,234,3.1
PROD-04966,Accesorios Essentials Modelo 37,Electrónica,Accesorios,Essentials,996.45,128,4.7
PROD-04967,Muebles BrandD Modelo 64,Hogar y Cocina,Muebles,BrandD,1031.24,326,4.1
PROD-04968,Camisas BrandF Modelo 41,Ropa y Calzado,Camisas,BrandF,234.62,289,4.4
PROD-04969,Utensilios Essentials Modelo 14,Hogar y Cocina,Utensilios,Essentials,119.66,336,4.7
PROD-04970,Muebles BrandD Modelo 25,Hogar y Cocina,Muebles,BrandD,160.11,260,3.8
PROD-04971,Ciencia BrandC Modelo 83,Libros,Ciencia,BrandC,468.87,232,4.0
PROD-04972,Zapatos BrandB Modelo 88,Ropa y Calzado,Zapatos,BrandB,331.43,9,4.7
PROD-04973,Herramientas BrandB Modelo 37,Automotriz,Herramientas,BrandB,615.37,175,4.7
PROD-04974,Laptops EcoLine Modelo 48,Electrónica,Laptops,EcoLine,497.82,228,4.6
PROD-04975,Camping PremiumCorp Modelo 17,Deportes,Camping,PremiumCorp,710.32,78,3.1
PROD-04976,Bloques Essentials Modelo 36,Juguetes,Bloques,Essentials,45.38,69,4.8
PROD-04977,Camisas Essentials Modelo 56,Ropa y Calzado,Camisas,Essentials,1017.84,110,4.8
PROD-04978,Zapatos BrandC Modelo 25,Ropa y Calzado,Zapatos,BrandC,1027.23,105,3.6
PROD-04979,Utensilios Essentials Modelo 28,Hogar y Cocina,Utensilios,Essentials,198.4,96,3.5
PROD-04980,Maquillaje BrandD Modelo 17,Belleza y Cuidado Personal,Maquillaje,BrandD,840.73,21,4.6
PROD-04981,Muñecas BrandF Modelo 43,Juguetes,Muñecas,BrandF,246.41,64,3.9
PROD-04982,Utensilios BrandD Modelo 85,Hogar y Cocina,Utensilios,BrandD,819.61,319,4.2
PROD-04983,Ficción BrandB Modelo 19,Libros,Ficción,BrandB,868.29,233,3.3
PROD-04984,Pantalones BrandE Modelo 79,Ropa y Calzado,Pantalones,BrandE,1017.11,178,3.7
PROD-04985,Camping BrandD Modelo 93,Deportes,Camping,BrandD,1449.01,4,4.0
PROD-04986,Pantalones BrandC Modelo 22,Ropa y Calzado,Pantalones,BrandC,554.7,278,4.4
PROD-04987,Ciencia BrandC Modelo 79,Libros,Ciencia,BrandC,674.17,274,4.5
PROD-04988,Accesorios Auto EcoLine Modelo 25,Automotriz,Accesorios Auto,EcoLine,260.7,157,3.0
PROD-04989,Camisas EcoLine Modelo 87,Ropa y Calzado,Camisas,EcoLine,1470.21,299,3.2
PROD-04990,Skincare BrandF Modelo 11,Belleza y Cuidado Personal,Skincare,BrandF,1046.61,187,3.4
PROD-04991,Pantalones EcoLine Modelo 97,Ropa y Calzado,Pantalones,EcoLine,1089.74,192,3.8
PROD-04992,Ficción BrandF Modelo 20,Libros,Ficción,BrandF,1209.73,22,3.6
PROD-04993,Radiocontrol PremiumCorp Modelo 77,Juguetes,Radiocontrol,PremiumCorp,808.88,169,4.9
PROD-04994,Muñecas PremiumCorp Modelo 53,Juguetes,Muñecas,PremiumCorp,919.55,344,4.8
PROD-04995,Ciclismo BrandE Modelo 98,Deportes,Ciclismo,BrandE,1353.16,71,4.9
PROD-04996,Gimnasio EcoLine Modelo 33,Deportes,Gimnasio,EcoLine,1218.58,284,4.6
PROD-04997,Accesorios Auto BrandB Modelo 70,Automotriz,Accesorios Auto,BrandB,221.83,278,4.4
PROD-04998,Limpieza BrandD Modelo 17,Automotriz,Limpieza,BrandD,170.67,52,4.3
PROD-04999,Ciencia BrandD Modelo 68,Libros,Ciencia,BrandD,1054.53,318,3.1
PROD-05000,Herramientas Essentials Modelo 36,Automotriz,Herramientas,Essentials,160.27,240,3.9
